order_id,region,category,channel,payment,weekday,store_size,discount,margin,delivery_days,return_rate
100000,EU,phones,partner,card,Fri,M,11.47,18.96,3.1,0.0494
100001,APAC,laptops,online,cash,Tue,M,9.06,27.87,6.1,0.0854
100002,US,laptops,partner,card,Wed,M,8.86,14.89,2.7,0.0324
100003,APAC,phones,retail,card,Thu,M,8.66,24.55,3.0,0.0581
100004,LATAM,laptops,retail,cash,Thu,S,10.0,21.3,3.0,0.0382
100005,US,laptops,online,card,Fri,L,8.07,19.28,3.6,0.0637
100006,US,phones,partner,card,Sat,L,19.38,11.92,5.2,0.0661
100007,EU,phones,online,card,Fri,M,9.24,19.76,4.6,0.0659
100008,EU,accessories,partner,card,Wed,S,11.73,18.78,2.8,0.056
100009,US,accessories,retail,cash,Sun,M,7.67,21.69,2.5,0.0506
100010,APAC,laptops,partner,wallet,Mon,S,10.48,20.45,3.2,0.0429
100011,APAC,tablets,partner,cash,Thu,S,20.11,14.58,2.6,0.0395
100012,US,laptops,online,card,Sat,M,6.49,21.32,3.0,0.0565
100013,EU,laptops,retail,cash,Fri,M,13.72,15.86,3.6,0.0708
100014,EU,tablets,retail,cash,Sun,S,17.77,15.76,3.8,0.0461
100015,LATAM,phones,partner,cash,Sat,L,9.91,14.49,2.3,0.0429
100016,EU,laptops,partner,cash,Wed,L,9.72,23.31,2.7,0.0512
100017,US,phones,retail,card,Fri,S,15.45,21.82,3.1,0.065
100018,LATAM,laptops,partner,wallet,Wed,L,15.19,19.05,6.6,0.0974
100019,EU,tablets,partner,wallet,Fri,S,5.49,29.1,3.1,0.0518
100020,US,phones,retail,card,Tue,L,17.24,14.28,2.5,0.0528
100021,LATAM,accessories,online,card,Sat,S,8.51,17.67,5.1,0.0737
100022,EU,tablets,online,card,Sun,S,13.88,19.1,3.8,0.0669
100023,US,tablets,online,wallet,Wed,M,10.02,18.63,2.8,0.0482
100024,LATAM,accessories,online,card,Sat,M,10.03,19.34,2.9,0.0378
100025,EU,laptops,retail,wallet,Sat,L,11.83,11.42,5.1,0.0785
100026,US,tablets,online,cash,Sat,M,12.37,18.24,2.9,0.0529
100027,APAC,phones,online,card,Fri,S,10.6,22.36,7.7,0.1012
100028,APAC,phones,online,card,Fri,S,12.61,18.43,7.5,0.0884
100029,US,phones,online,wallet,Sun,L,19.97,14.69,3.8,0.0585
100030,EU,tablets,online,cash,Thu,S,8.21,21.02,2.5,0.0484
100031,US,accessories,online,card,Sat,M,7.95,24.92,5.8,0.0859
100032,US,laptops,online,card,Fri,L,10.08,23.14,3.9,0.0583
100033,US,tablets,online,card,Mon,M,6.53,20.56,4.2,0.0669
100034,US,tablets,online,wallet,Thu,S,9.7,16.7,2.2,0.0419
100035,APAC,phones,online,card,Mon,M,10.31,19.66,5.5,0.0596
100036,APAC,laptops,online,cash,Sat,S,11.78,18.86,6.0,0.0789
100037,EU,accessories,retail,card,Thu,L,11.32,20.52,2.2,0.0359
100038,US,laptops,retail,wallet,Wed,L,10.52,16.21,6.6,0.0814
100039,EU,tablets,retail,cash,Fri,S,26.02,14.74,4.5,0.0509
100040,US,phones,retail,card,Sat,M,13.26,23.15,2.7,0.0441
100041,US,tablets,online,cash,Tue,M,11.6,15.56,3.7,0.06
100042,APAC,accessories,retail,wallet,Fri,L,2.55,24.21,5.4,0.0781
100043,US,accessories,partner,wallet,Thu,L,8.13,19.27,2.7,0.0509
100044,US,laptops,online,cash,Mon,S,10.71,18.29,2.3,0.0483
100045,APAC,tablets,retail,cash,Sun,M,29.18,14.09,3.4,0.0419
100046,US,tablets,online,cash,Sun,L,7.83,21.98,4.1,0.0645
100047,LATAM,phones,partner,cash,Fri,S,8.48,21.21,2.3,0.0379
100048,EU,tablets,retail,cash,Thu,S,17.69,18.65,3.0,0.0529
100049,APAC,laptops,retail,cash,Sun,S,14.6,11.32,2.8,0.0362
100050,US,phones,online,cash,Thu,M,18.41,19.98,2.8,0.0484
100051,US,phones,partner,wallet,Thu,L,24.79,17.69,2.3,0.0439
100052,US,tablets,online,cash,Sat,L,11.7,20.15,2.2,0.0474
100053,US,laptops,retail,card,Fri,L,9.55,14.07,7.0,0.0895
100054,US,accessories,online,card,Tue,S,9.95,19.28,2.5,0.0541
100055,EU,tablets,online,cash,Sat,L,12.47,23.61,2.4,0.0349
100056,EU,tablets,online,wallet,Fri,L,4.55,22.13,5.7,0.0793
100057,APAC,accessories,partner,card,Tue,M,9.27,15.51,2.6,0.0471
100058,US,phones,retail,cash,Tue,S,17.4,15.64,4.7,0.066
100059,APAC,phones,retail,card,Sun,S,11.44,13.22,2.9,0.0435
100060,LATAM,laptops,online,cash,Sun,L,12.25,18.31,3.6,0.0482
100061,APAC,laptops,retail,cash,Tue,S,13.74,16.65,3.0,0.06
100062,EU,tablets,retail,cash,Wed,M,19.63,12.71,3.7,0.0547
100063,EU,tablets,retail,cash,Mon,L,18.28,18.61,4.5,0.0586
100064,US,tablets,retail,wallet,Wed,M,11.05,20.36,3.0,0.0462
100065,EU,phones,retail,wallet,Sun,M,11.09,27.13,3.0,0.0444
100066,LATAM,laptops,online,card,Fri,S,10.44,20.31,3.0,0.0386
100067,LATAM,laptops,online,cash,Fri,S,7.81,19.56,3.8,0.0617
100068,APAC,accessories,online,wallet,Fri,L,13.87,16.69,5.4,0.0704
100069,US,tablets,retail,wallet,Tue,S,10.01,18.79,2.3,0.0387
100070,APAC,laptops,online,card,Tue,M,4.49,17.66,5.6,0.056
100071,EU,laptops,retail,card,Thu,M,7.46,19.14,2.6,0.0374
100072,EU,laptops,retail,wallet,Sat,L,15.23,14.08,2.6,0.0517
100073,US,phones,online,wallet,Sun,L,17.07,17.79,3.4,0.0446
100074,APAC,tablets,online,card,Mon,M,23.12,10.87,6.3,0.076
100075,US,phones,retail,card,Sat,S,20.13,15.71,3.4,0.0628
100076,EU,accessories,online,card,Mon,M,6.44,19.38,4.6,0.0685
100077,EU,laptops,retail,card,Sat,S,9.03,15.92,2.2,0.0431
100078,EU,laptops,online,card,Fri,M,12.51,26.72,2.5,0.0361
100079,EU,tablets,retail,card,Mon,M,18.79,13.19,2.6,0.0555
100080,EU,accessories,online,card,Sat,S,11.72,19.34,2.4,0.0481
100081,US,tablets,online,cash,Mon,M,11.9,23.36,5.4,0.0723
100082,US,laptops,retail,cash,Wed,M,7.62,26.15,5.2,0.0676
100083,APAC,phones,retail,card,Sat,S,6.91,20.3,3.9,0.0544
100084,APAC,laptops,retail,cash,Wed,M,7.82,25.05,2.3,0.0512
100085,US,phones,partner,card,Tue,S,19.19,7.45,2.9,0.0513
100086,US,phones,partner,card,Sun,L,21.05,14.01,2.6,0.0415
100087,APAC,laptops,retail,card,Mon,L,12.79,16.5,3.1,0.0496
100088,APAC,tablets,retail,card,Sat,M,12.87,17.47,2.6,0.0518
100089,APAC,accessories,retail,cash,Thu,M,12.06,20.93,5.0,0.0728
100090,APAC,laptops,retail,cash,Sun,M,11.15,22.73,4.6,0.0778
100091,LATAM,accessories,online,cash,Mon,L,8.14,22.66,4.9,0.06
100092,EU,laptops,retail,wallet,Tue,M,13.23,12.14,4.1,0.064
100093,APAC,tablets,retail,card,Tue,M,18.78,12.57,6.4,0.0804
100094,EU,accessories,online,card,Mon,L,14.25,19.72,3.7,0.0504
100095,US,phones,partner,cash,Sat,S,19.04,14.02,3.7,0.0597
100096,APAC,tablets,retail,card,Tue,L,19.45,12.88,2.7,0.0474
100097,APAC,accessories,online,cash,Tue,S,15.43,15.98,6.6,0.084
100098,EU,phones,online,wallet,Sun,L,6.8,17.48,3.8,0.0545
100099,APAC,phones,retail,card,Mon,L,9.05,23.2,3.5,0.052
100100,EU,accessories,online,card,Fri,S,15.07,14.84,3.0,0.0391
100101,US,laptops,online,wallet,Fri,L,13.0,18.16,3.6,0.0688
100102,APAC,tablets,online,wallet,Thu,S,14.91,21.97,7.2,0.0833
100103,US,tablets,retail,card,Wed,L,11.19,25.56,3.0,0.0459
100104,US,tablets,retail,card,Tue,M,12.05,12.26,3.6,0.0499
100105,APAC,tablets,partner,card,Mon,S,20.0,14.94,2.5,0.0537
100106,APAC,laptops,online,card,Mon,M,6.61,17.95,5.4,0.0817
100107,APAC,accessories,online,card,Thu,M,14.76,14.3,8.7,0.0956
100108,EU,tablets,online,card,Mon,S,5.18,22.61,2.3,0.0522
100109,US,phones,retail,cash,Sat,L,15.43,18.61,3.0,0.0426
100110,US,laptops,online,card,Sun,S,4.77,24.61,4.6,0.0798
100111,EU,tablets,partner,card,Sun,S,7.78,19.38,3.8,0.0805
100112,US,laptops,online,cash,Tue,S,12.89,18.02,3.6,0.0458
100113,US,phones,retail,card,Tue,L,19.79,21.43,3.2,0.0363
100114,APAC,laptops,partner,card,Sat,M,10.14,21.55,4.8,0.062
100115,LATAM,accessories,retail,card,Thu,L,11.42,13.66,3.4,0.0625
100116,EU,tablets,retail,wallet,Thu,L,22.47,13.91,3.5,0.04
100117,EU,phones,online,cash,Thu,M,12.79,17.81,3.6,0.0512
100118,APAC,tablets,retail,card,Thu,M,14.72,16.14,2.5,0.0349
100119,EU,phones,retail,cash,Sat,L,10.33,18.97,2.8,0.063
100120,EU,laptops,retail,wallet,Sun,L,8.98,17.24,3.9,0.0698
100121,US,phones,retail,card,Thu,M,20.96,9.82,4.6,0.0597
100122,EU,tablets,retail,card,Fri,S,21.27,18.52,4.5,0.0712
100123,APAC,phones,retail,wallet,Fri,L,6.7,20.26,3.5,0.0528
100124,APAC,accessories,partner,card,Tue,L,6.5,21.63,5.4,0.0706
100125,EU,phones,online,card,Fri,L,15.63,26.91,3.4,0.0497
100126,US,phones,online,cash,Sat,L,10.87,23.2,3.4,0.0456
100127,APAC,phones,online,card,Fri,S,14.59,20.64,5.4,0.0757
100128,LATAM,accessories,retail,cash,Wed,S,12.4,16.83,5.1,0.0722
100129,EU,accessories,partner,card,Thu,M,14.72,14.11,2.5,0.0515
100130,EU,phones,retail,card,Sat,S,3.31,23.49,2.3,0.0403
100131,APAC,laptops,online,wallet,Fri,S,2.77,26.65,7.6,0.1117
100132,LATAM,phones,partner,card,Fri,L,8.95,23.82,3.5,0.0601
100133,EU,tablets,online,card,Tue,S,8.01,24.94,3.1,0.0551
100134,US,phones,retail,card,Mon,L,21.97,14.85,2.8,0.0547
100135,APAC,accessories,retail,card,Tue,S,9.86,16.24,3.8,0.0597
100136,APAC,tablets,online,wallet,Wed,M,18.1,14.45,6.8,0.0852
100137,EU,laptops,online,cash,Mon,S,4.89,35.29,3.9,0.0584
100138,APAC,phones,online,cash,Tue,M,11.42,14.07,7.9,0.0958
100139,APAC,accessories,partner,wallet,Fri,M,10.95,15.57,2.7,0.0321
100140,US,accessories,online,cash,Tue,M,9.79,19.73,2.8,0.0511
100141,EU,laptops,online,wallet,Sat,S,11.51,27.68,2.5,0.0465
100142,EU,laptops,online,card,Wed,M,8.67,29.48,5.5,0.0785
100143,EU,phones,online,wallet,Sat,L,8.59,19.98,2.9,0.0439
100144,APAC,phones,online,card,Sat,M,10.76,21.19,5.9,0.0847
100145,EU,laptops,online,wallet,Mon,S,6.16,32.9,3.7,0.0589
100146,EU,accessories,retail,card,Sun,L,12.1,19.28,3.1,0.0395
100147,US,laptops,online,card,Fri,L,6.35,25.82,3.2,0.0413
100148,EU,tablets,partner,card,Wed,M,13.39,22.57,2.4,0.0395
100149,EU,tablets,retail,card,Mon,L,16.56,21.94,3.7,0.0508
100150,EU,laptops,online,cash,Sat,S,2.72,34.3,2.5,0.0471
100151,US,laptops,online,card,Wed,L,12.9,19.64,3.0,0.0562
100152,APAC,tablets,retail,card,Tue,L,17.15,12.08,3.0,0.0353
100153,US,laptops,online,card,Tue,L,7.54,19.54,3.1,0.0553
100154,EU,laptops,retail,wallet,Wed,M,7.38,14.8,3.1,0.0658
100155,EU,accessories,online,cash,Mon,M,6.97,27.9,3.4,0.0508
100156,US,phones,partner,card,Wed,M,18.3,18.89,2.0,0.0323
100157,LATAM,phones,retail,card,Sun,M,13.0,13.07,4.1,0.0537
100158,LATAM,accessories,online,card,Mon,M,11.19,23.06,3.3,0.0561
100159,EU,phones,online,cash,Tue,S,7.82,17.08,4.6,0.0532
100160,EU,laptops,retail,cash,Sun,M,16.95,9.8,2.3,0.0402
100161,APAC,phones,online,wallet,Wed,L,11.45,20.66,5.9,0.0792
100162,LATAM,phones,online,cash,Sat,M,9.22,15.38,4.5,0.0508
100163,US,tablets,partner,card,Wed,M,7.06,16.77,5.3,0.079
100164,APAC,accessories,retail,card,Thu,M,15.28,21.23,4.2,0.0659
100165,APAC,laptops,online,wallet,Fri,S,7.79,22.62,5.5,0.0699
100166,US,phones,online,card,Wed,M,21.43,12.55,3.2,0.0777
100167,APAC,accessories,partner,card,Fri,S,8.82,22.89,2.6,0.035
100168,EU,laptops,retail,cash,Sun,M,7.6,18.74,3.1,0.0577
100169,EU,laptops,retail,cash,Wed,S,6.76,14.67,4.8,0.0667
100170,EU,phones,retail,cash,Tue,M,11.79,23.3,3.5,0.0513
100171,EU,accessories,retail,card,Fri,M,14.51,16.9,2.3,0.0529
100172,LATAM,phones,online,card,Thu,L,13.47,18.16,3.9,0.0645
100173,EU,phones,online,cash,Thu,M,13.66,25.65,3.3,0.0427
100174,APAC,laptops,online,cash,Mon,L,9.7,17.38,5.3,0.0727
100175,EU,laptops,retail,card,Tue,L,13.3,20.03,3.0,0.049
100176,US,phones,retail,cash,Wed,S,21.66,13.06,3.6,0.0544
100177,US,phones,online,card,Sun,S,22.04,13.71,3.1,0.0485
100178,EU,tablets,online,card,Mon,M,5.95,28.22,2.7,0.0494
100179,US,phones,online,card,Wed,S,14.62,18.41,2.2,0.0478
100180,US,tablets,partner,cash,Mon,L,12.03,20.83,2.9,0.0505
100181,EU,accessories,online,card,Wed,M,4.95,18.42,2.7,0.0415
100182,APAC,laptops,online,card,Tue,L,8.68,22.86,5.7,0.0763
100183,EU,tablets,retail,cash,Fri,S,20.29,19.25,3.2,0.0425
100184,EU,laptops,partner,card,Tue,M,11.93,25.04,5.2,0.077
100185,US,phones,online,card,Tue,M,22.46,9.35,3.0,0.0535
100186,US,laptops,retail,card,Mon,M,13.05,12.22,6.4,0.0895
100187,EU,phones,online,card,Sun,L,10.11,23.0,2.2,0.0522
100188,LATAM,accessories,online,wallet,Sat,L,10.79,13.66,3.6,0.0577
100189,APAC,phones,online,card,Thu,S,14.33,16.17,6.8,0.0864
100190,EU,tablets,online,cash,Fri,M,6.04,20.32,2.2,0.0581
100191,US,tablets,online,cash,Thu,S,5.52,19.97,2.3,0.039
100192,EU,phones,partner,card,Sun,L,9.37,19.8,3.9,0.0551
100193,US,laptops,retail,card,Mon,M,15.02,13.01,6.2,0.0845
100194,EU,laptops,retail,card,Mon,L,14.71,13.88,3.1,0.0449
100195,US,accessories,online,card,Sat,M,13.85,19.21,2.2,0.0266
100196,LATAM,phones,partner,card,Sun,S,11.41,16.88,6.3,0.0789
100197,US,tablets,retail,cash,Sat,S,11.08,17.11,2.2,0.0485
100198,APAC,phones,online,card,Thu,L,4.8,25.77,5.4,0.0735
100199,US,accessories,retail,cash,Sat,M,11.36,17.86,2.7,0.0395
100200,APAC,phones,online,cash,Fri,S,9.7,19.27,5.5,0.0854
100201,EU,accessories,online,cash,Fri,S,10.11,23.47,3.7,0.0577
100202,APAC,accessories,online,card,Wed,L,12.59,21.0,6.5,0.0818
100203,LATAM,accessories,retail,wallet,Mon,M,15.77,22.67,5.1,0.0682
100204,US,phones,partner,card,Mon,M,22.45,13.94,2.3,0.0446
100205,EU,phones,retail,card,Tue,S,13.98,24.4,2.9,0.056
100206,APAC,phones,online,card,Mon,M,11.82,22.06,5.8,0.0795
100207,APAC,tablets,online,wallet,Fri,L,22.69,13.02,6.2,0.086
100208,APAC,tablets,retail,cash,Tue,M,18.78,17.83,2.6,0.0543
100209,EU,laptops,retail,cash,Mon,S,11.03,15.78,4.2,0.066
100210,LATAM,phones,online,cash,Fri,S,10.98,18.57,3.8,0.0616
100211,LATAM,laptops,retail,card,Sat,M,18.76,15.45,3.1,0.0456
100212,US,tablets,retail,cash,Sat,L,3.57,25.62,2.8,0.0431
100213,US,accessories,retail,card,Sat,L,8.9,24.29,2.7,0.0468
100214,EU,phones,online,card,Sat,S,8.56,19.65,5.0,0.0603
100215,LATAM,accessories,online,cash,Mon,M,8.93,20.48,4.4,0.0874
100216,APAC,phones,partner,cash,Fri,L,11.12,16.23,2.4,0.0528
100217,US,phones,online,card,Tue,L,21.01,10.47,3.3,0.0657
100218,APAC,laptops,online,card,Tue,M,6.92,20.0,6.6,0.0817
100219,EU,phones,retail,card,Sun,M,6.97,20.17,2.1,0.0273
100220,EU,accessories,online,card,Sun,S,12.12,15.49,4.2,0.0618
100221,EU,tablets,online,card,Fri,L,12.53,17.0,3.2,0.036
100222,US,accessories,retail,card,Fri,M,16.38,17.01,3.9,0.0552
100223,EU,laptops,online,card,Thu,S,12.93,25.67,6.7,0.0843
100224,APAC,tablets,retail,wallet,Sun,L,18.95,7.52,3.2,0.0568
100225,US,phones,retail,wallet,Sat,S,14.73,19.21,5.5,0.071
100226,US,accessories,retail,card,Fri,S,11.06,20.99,3.2,0.0476
100227,EU,tablets,retail,card,Wed,M,18.23,20.74,4.7,0.0652
100228,APAC,phones,online,card,Sun,M,8.23,32.2,6.2,0.075
100229,APAC,tablets,retail,card,Tue,S,19.98,14.85,2.8,0.0454
100230,US,accessories,online,card,Thu,L,8.8,13.01,3.4,0.049
100231,EU,laptops,retail,cash,Mon,L,7.05,15.31,4.3,0.0755
100232,APAC,laptops,online,card,Tue,L,8.25,21.48,5.2,0.079
100233,EU,phones,online,card,Mon,S,12.91,21.92,2.7,0.0458
100234,APAC,phones,online,cash,Tue,L,11.61,11.71,5.6,0.0728
100235,US,phones,online,card,Fri,L,26.0,13.47,4.3,0.0626
100236,EU,tablets,retail,card,Sat,L,19.51,15.0,3.2,0.0577
100237,US,tablets,online,cash,Tue,S,18.14,16.36,2.7,0.062
100238,US,laptops,retail,cash,Wed,S,9.12,21.69,8.3,0.1055
100239,EU,accessories,online,card,Thu,S,10.47,15.87,3.8,0.0416
100240,APAC,laptops,online,cash,Sat,M,9.06,22.56,8.1,0.0884
100241,US,laptops,online,wallet,Mon,S,10.34,20.52,6.6,0.0852
100242,APAC,tablets,retail,card,Mon,M,17.16,12.14,3.7,0.0598
100243,APAC,laptops,online,card,Sat,S,15.18,18.71,7.3,0.0831
100244,EU,laptops,online,cash,Mon,M,10.77,28.68,3.1,0.0568
100245,US,phones,retail,card,Mon,M,18.88,17.08,3.0,0.0497
100246,EU,laptops,online,card,Sun,M,7.24,30.66,2.6,0.0584
100247,APAC,tablets,partner,cash,Fri,L,20.41,9.92,3.1,0.0524
100248,US,laptops,online,cash,Fri,S,10.62,18.01,2.3,0.0463
100249,US,accessories,online,cash,Sat,S,8.22,19.48,4.9,0.0716
100250,APAC,phones,retail,cash,Mon,M,8.7,20.42,3.5,0.0385
100251,EU,tablets,online,card,Mon,S,11.5,21.93,2.8,0.0403
100252,US,accessories,retail,wallet,Sat,S,8.22,18.65,3.9,0.0459
100253,EU,accessories,partner,card,Fri,M,5.63,24.0,2.9,0.0508
100254,EU,tablets,retail,card,Tue,L,17.26,12.05,3.2,0.0476
100255,APAC,tablets,online,card,Mon,L,20.49,18.34,6.0,0.0773
100256,US,laptops,online,cash,Sun,M,7.55,20.63,2.8,0.0533
100257,APAC,phones,online,cash,Fri,S,6.07,21.54,6.3,0.071
100258,US,phones,online,card,Sun,S,18.71,12.27,3.9,0.0672
100259,EU,phones,retail,card,Mon,M,7.14,18.87,5.0,0.0567
100260,LATAM,phones,retail,card,Thu,S,9.49,14.81,2.1,0.0521
100261,EU,phones,online,card,Wed,M,13.35,15.08,5.9,0.0851
100262,EU,phones,online,cash,Tue,L,11.3,22.97,2.5,0.0486
100263,APAC,phones,retail,card,Tue,M,4.98,17.89,4.1,0.0543
100264,US,laptops,retail,wallet,Mon,L,10.19,19.91,6.9,0.0961
100265,US,tablets,retail,card,Fri,L,7.14,18.3,2.9,0.0597
100266,APAC,laptops,online,card,Sat,M,11.49,18.16,6.9,0.0922
100267,EU,laptops,retail,card,Mon,L,12.15,12.92,2.4,0.0515
100268,APAC,laptops,online,cash,Fri,M,13.45,20.51,6.3,0.0881
100269,US,phones,online,cash,Fri,S,21.07,15.92,5.4,0.0772
100270,EU,laptops,online,card,Sat,M,10.23,31.66,4.1,0.0604
100271,EU,tablets,retail,card,Sun,L,21.04,10.44,5.3,0.0796
100272,EU,phones,partner,card,Fri,S,5.52,19.0,5.3,0.076
100273,LATAM,laptops,online,card,Thu,L,7.18,17.11,2.2,0.0448
100274,US,tablets,online,wallet,Tue,L,16.36,16.82,4.0,0.0594
100275,EU,tablets,online,card,Thu,L,13.61,14.6,3.0,0.0536
100276,EU,laptops,partner,cash,Fri,S,5.05,26.61,2.5,0.0428
100277,APAC,tablets,online,cash,Tue,L,16.7,8.77,6.9,0.0805
100278,EU,laptops,online,wallet,Sat,S,4.96,30.31,3.8,0.0615
100279,APAC,accessories,partner,cash,Mon,S,14.68,15.06,2.9,0.0538
100280,EU,laptops,online,cash,Sat,S,13.87,23.54,2.4,0.035
100281,LATAM,phones,online,card,Sun,M,9.45,21.18,3.2,0.0499
100282,US,phones,online,cash,Wed,M,22.4,10.47,4.8,0.0602
100283,EU,phones,online,card,Thu,L,8.52,22.14,3.0,0.0511
100284,LATAM,accessories,online,wallet,Sat,M,12.14,19.03,4.7,0.0538
100285,US,accessories,retail,wallet,Sat,M,8.01,18.82,3.8,0.0613
100286,APAC,laptops,online,cash,Wed,L,5.73,22.13,6.6,0.071
100287,US,laptops,online,card,Sun,M,9.0,18.61,2.9,0.0532
100288,EU,laptops,retail,cash,Sun,S,5.13,15.79,3.3,0.0628
100289,EU,phones,online,card,Sun,L,6.79,21.69,4.3,0.0733
100290,EU,laptops,online,wallet,Sat,S,4.22,32.11,2.9,0.0495
100291,EU,phones,online,cash,Tue,S,8.87,21.01,2.9,0.0447
100292,EU,phones,online,card,Thu,S,9.93,19.72,2.5,0.0471
100293,EU,laptops,partner,card,Wed,L,10.88,27.83,3.7,0.0575
100294,LATAM,laptops,partner,cash,Sat,L,9.19,19.05,3.8,0.0519
100295,EU,phones,retail,cash,Wed,M,8.09,18.95,4.1,0.0588
100296,US,phones,online,wallet,Fri,M,20.98,15.73,4.8,0.0662
100297,EU,phones,retail,card,Fri,L,13.19,17.77,4.0,0.0709
100298,EU,laptops,retail,card,Mon,S,6.96,15.33,4.0,0.0655
100299,APAC,phones,partner,cash,Thu,L,11.27,22.57,3.1,0.0584
100300,LATAM,tablets,online,card,Sun,S,7.58,20.33,5.5,0.0759
100301,US,accessories,retail,card,Fri,S,7.6,24.78,2.7,0.0512
100302,EU,phones,retail,card,Wed,M,13.09,15.49,3.3,0.0572
100303,LATAM,accessories,online,cash,Thu,S,7.25,18.79,3.0,0.043
100304,EU,phones,online,wallet,Tue,L,10.23,20.53,2.6,0.0509
100305,US,accessories,online,card,Sat,M,11.37,22.81,2.3,0.0512
100306,US,tablets,partner,cash,Wed,M,10.36,18.9,4.8,0.0503
100307,APAC,phones,retail,card,Wed,M,11.86,14.79,2.7,0.0357
100308,APAC,laptops,online,cash,Mon,S,10.35,23.56,6.5,0.0788
100309,US,laptops,retail,cash,Sun,M,10.04,23.11,7.7,0.0964
100310,US,laptops,retail,wallet,Mon,S,8.15,24.59,6.2,0.085
100311,APAC,phones,online,cash,Wed,S,6.93,18.95,6.3,0.0813
100312,APAC,tablets,retail,cash,Fri,M,17.91,12.53,3.1,0.0437
100313,APAC,phones,retail,wallet,Mon,M,10.1,19.7,6.1,0.0833
100314,APAC,phones,online,wallet,Fri,M,7.95,19.52,5.5,0.077
100315,EU,tablets,online,card,Tue,M,8.69,21.93,2.9,0.0564
100316,EU,tablets,partner,wallet,Tue,L,7.18,25.25,3.0,0.0448
100317,US,tablets,online,cash,Wed,L,7.76,21.82,5.2,0.0573
100318,US,tablets,partner,card,Sun,L,7.13,21.8,2.8,0.0386
100319,APAC,phones,online,cash,Sat,L,12.55,22.66,6.7,0.0852
100320,EU,laptops,retail,wallet,Wed,M,9.43,15.16,2.1,0.0405
100321,APAC,phones,online,cash,Tue,M,6.2,13.85,5.4,0.0709
100322,US,laptops,online,card,Thu,M,8.17,19.9,4.7,0.056
100323,APAC,laptops,online,card,Sun,S,10.77,23.74,5.8,0.0865
100324,EU,laptops,online,wallet,Thu,M,10.0,32.03,2.6,0.0486
100325,US,tablets,online,cash,Mon,S,7.77,23.3,3.7,0.0719
100326,EU,accessories,online,wallet,Mon,S,9.21,18.32,3.4,0.0686
100327,EU,tablets,online,cash,Tue,S,8.6,20.49,3.0,0.0564
100328,LATAM,tablets,partner,card,Tue,M,15.18,15.19,3.7,0.0629
100329,EU,laptops,online,card,Mon,M,4.89,30.58,2.5,0.0372
100330,APAC,phones,online,card,Fri,S,11.1,20.47,5.6,0.0759
100331,US,tablets,online,cash,Sun,M,4.82,20.24,3.1,0.0552
100332,EU,phones,online,card,Mon,L,12.38,17.64,3.1,0.0522
100333,APAC,phones,online,card,Wed,L,8.39,19.55,6.0,0.0868
100334,EU,accessories,retail,cash,Sun,M,11.33,21.7,3.9,0.056
100335,APAC,laptops,online,card,Tue,S,10.6,24.04,9.6,0.1085
100336,EU,tablets,retail,card,Sun,L,12.94,12.63,2.8,0.0534
100337,APAC,phones,retail,card,Wed,L,13.33,15.78,2.4,0.0449
100338,EU,accessories,partner,wallet,Fri,L,10.23,18.48,4.1,0.0632
100339,EU,laptops,online,cash,Wed,M,6.51,24.59,2.4,0.0392
100340,LATAM,tablets,online,card,Tue,M,7.78,22.53,2.7,0.0452
100341,US,accessories,online,wallet,Wed,S,10.25,20.28,2.5,0.0478
100342,APAC,tablets,partner,card,Sat,L,22.16,15.74,2.9,0.0411
100343,APAC,laptops,retail,cash,Fri,S,13.29,16.65,2.8,0.0295
100344,EU,phones,online,wallet,Sat,L,10.75,16.52,3.0,0.0504
100345,APAC,phones,retail,card,Sun,M,3.52,20.68,2.7,0.0523
100346,LATAM,phones,online,card,Fri,M,6.27,23.34,2.6,0.0384
100347,EU,laptops,online,cash,Sat,L,13.28,21.59,4.4,0.0714
100348,US,laptops,online,cash,Mon,M,7.1,22.52,3.4,0.0463
100349,EU,phones,online,wallet,Wed,L,10.06,19.19,3.5,0.0452
100350,APAC,accessories,retail,card,Thu,S,10.5,22.32,2.7,0.042
100351,EU,phones,retail,card,Sat,M,13.26,18.87,4.6,0.0639
100352,US,laptops,retail,wallet,Sat,S,9.07,21.26,5.4,0.0786
100353,APAC,laptops,retail,card,Fri,L,9.38,21.68,2.4,0.0315
100354,APAC,accessories,online,card,Wed,M,10.96,20.4,6.8,0.1045
100355,EU,accessories,online,cash,Thu,S,10.52,20.93,3.9,0.0628
100356,APAC,laptops,retail,card,Wed,S,10.64,16.94,3.2,0.0469
100357,EU,accessories,online,cash,Thu,L,9.44,18.16,2.7,0.0508
100358,APAC,tablets,partner,card,Sat,M,23.67,4.94,2.8,0.0362
100359,US,phones,partner,card,Sat,M,15.91,14.64,3.8,0.0528
100360,EU,phones,online,wallet,Tue,L,12.98,16.72,2.1,0.0336
100361,APAC,phones,retail,card,Wed,M,9.54,18.53,2.5,0.0383
100362,APAC,phones,retail,card,Tue,S,9.08,16.49,3.0,0.0524
100363,APAC,phones,retail,cash,Wed,S,7.06,23.39,3.7,0.0557
100364,LATAM,tablets,partner,cash,Sat,L,10.94,23.02,3.0,0.0653
100365,EU,phones,partner,wallet,Mon,L,11.06,16.71,5.0,0.065
100366,EU,laptops,retail,card,Sun,S,10.77,15.89,3.1,0.0394
100367,EU,accessories,online,card,Mon,S,9.66,23.95,2.5,0.0437
100368,US,phones,online,cash,Thu,L,20.12,8.84,2.3,0.0395
100369,US,laptops,online,card,Sun,S,3.19,29.34,2.9,0.0312
100370,US,accessories,partner,card,Wed,M,5.69,20.84,2.6,0.0575
100371,US,phones,retail,card,Fri,M,17.91,15.66,4.4,0.0711
100372,EU,accessories,online,card,Sat,S,11.6,12.69,3.2,0.0659
100373,EU,accessories,online,cash,Sun,S,8.38,23.27,3.5,0.0648
100374,US,laptops,online,card,Fri,L,12.51,20.61,2.8,0.0446
100375,EU,tablets,partner,cash,Thu,L,12.9,20.33,4.4,0.0687
100376,US,phones,partner,cash,Tue,S,20.92,13.7,3.0,0.0491
100377,LATAM,phones,partner,wallet,Wed,L,11.35,23.18,5.8,0.0898
100378,EU,phones,online,wallet,Mon,L,4.5,20.45,3.1,0.0526
100379,US,phones,online,card,Mon,M,16.59,18.7,2.8,0.0526
100380,US,tablets,retail,cash,Sat,S,9.48,19.2,3.8,0.0541
100381,EU,laptops,online,card,Fri,M,12.52,28.17,3.2,0.0583
100382,US,phones,retail,cash,Sun,L,18.69,19.51,4.0,0.0628
100383,LATAM,laptops,online,wallet,Fri,M,13.89,15.19,5.2,0.0603
100384,EU,laptops,retail,cash,Tue,S,13.36,14.16,2.2,0.0451
100385,APAC,laptops,partner,cash,Sat,L,11.4,15.51,2.9,0.0562
100386,APAC,accessories,partner,card,Sun,M,10.17,20.09,2.7,0.0538
100387,US,phones,retail,cash,Thu,L,17.83,14.55,3.8,0.0641
100388,LATAM,phones,online,wallet,Tue,S,15.68,16.54,3.2,0.0393
100389,US,laptops,online,card,Sun,S,12.09,18.49,4.0,0.0476
100390,US,phones,online,card,Sun,S,14.68,19.18,2.9,0.0506
100391,APAC,laptops,online,cash,Sat,S,11.21,18.69,6.4,0.0785
100392,US,phones,partner,card,Fri,S,16.57,18.63,2.4,0.0374
100393,APAC,laptops,online,card,Thu,L,13.53,17.65,8.9,0.1138
100394,EU,phones,online,card,Wed,L,16.24,16.88,2.9,0.0461
100395,LATAM,laptops,retail,cash,Wed,M,12.41,21.52,2.5,0.032
100396,US,tablets,online,cash,Tue,L,10.88,20.42,6.3,0.0783
100397,EU,laptops,online,wallet,Mon,L,8.61,29.75,3.0,0.0547
100398,US,laptops,partner,cash,Sun,M,6.83,15.92,3.8,0.0624
100399,APAC,accessories,online,cash,Sat,M,12.2,17.3,5.3,0.0743
100400,APAC,tablets,retail,card,Tue,L,18.82,15.05,3.0,0.0481
100401,US,phones,retail,card,Tue,S,19.69,15.15,2.8,0.0469
100402,US,tablets,online,card,Sun,S,10.44,12.59,2.4,0.0408
100403,US,phones,retail,cash,Tue,S,19.53,9.48,2.4,0.057
100404,LATAM,phones,retail,wallet,Mon,M,9.53,24.85,5.2,0.0776
100405,EU,laptops,retail,cash,Sun,M,9.69,15.04,3.1,0.0593
100406,APAC,phones,partner,card,Wed,M,8.43,23.37,7.1,0.095
100407,APAC,tablets,retail,card,Fri,L,20.62,13.81,4.3,0.0612
100408,EU,laptops,retail,wallet,Tue,S,9.44,14.08,2.7,0.049
100409,EU,laptops,online,card,Wed,M,9.76,25.23,2.4,0.0395
100410,US,accessories,retail,wallet,Mon,S,9.5,19.94,2.2,0.0365
100411,APAC,tablets,partner,card,Thu,S,24.02,13.96,3.0,0.059
100412,LATAM,laptops,partner,card,Wed,L,11.95,19.15,4.9,0.0688
100413,LATAM,laptops,online,cash,Tue,M,12.01,13.59,5.7,0.0829
100414,EU,accessories,retail,card,Mon,M,17.65,12.88,5.0,0.0712
100415,EU,phones,online,cash,Fri,L,8.9,22.81,2.8,0.0408
100416,US,accessories,retail,card,Tue,M,8.35,21.41,3.1,0.0624
100417,US,phones,retail,wallet,Thu,L,19.48,17.34,3.4,0.0501
100418,APAC,laptops,partner,card,Thu,S,7.56,27.85,3.6,0.0452
100419,EU,laptops,online,cash,Sat,L,11.74,23.05,2.9,0.0561
100420,US,phones,retail,wallet,Fri,M,15.1,20.05,3.2,0.0589
100421,LATAM,laptops,online,cash,Fri,L,9.73,22.03,2.6,0.0189
100422,LATAM,accessories,online,card,Tue,L,8.05,24.47,3.1,0.048
100423,LATAM,accessories,retail,wallet,Thu,L,8.46,20.73,4.8,0.0649
100424,LATAM,tablets,partner,cash,Sun,M,3.32,16.92,3.9,0.0646
100425,LATAM,accessories,retail,card,Mon,L,7.28,19.77,7.9,0.0998
100426,EU,phones,online,cash,Sat,S,12.41,19.8,3.7,0.0608
100427,LATAM,laptops,partner,card,Sun,M,13.2,18.64,2.3,0.0412
100428,EU,accessories,online,card,Tue,M,7.48,17.05,3.5,0.0514
100429,EU,accessories,online,card,Fri,M,4.02,26.8,3.8,0.0667
100430,US,phones,retail,card,Tue,S,18.68,16.5,3.5,0.0436
100431,LATAM,laptops,retail,wallet,Sat,M,13.69,14.26,2.8,0.0453
100432,US,accessories,partner,card,Sat,S,6.01,20.85,3.4,0.0554
100433,US,phones,online,card,Sun,S,21.48,11.59,2.7,0.0446
100434,US,laptops,online,cash,Mon,S,9.04,19.77,2.3,0.0423
100435,LATAM,laptops,online,card,Sat,L,11.53,16.6,4.1,0.0634
100436,APAC,tablets,online,cash,Mon,M,18.21,10.23,6.1,0.0627
100437,EU,tablets,retail,card,Mon,M,16.03,17.24,3.6,0.0638
100438,EU,laptops,retail,cash,Fri,L,8.42,20.28,4.0,0.0695
100439,US,laptops,retail,cash,Wed,L,10.21,19.05,5.3,0.077
100440,EU,phones,online,card,Thu,M,2.64,22.48,3.1,0.0584
100441,US,phones,online,card,Thu,S,23.25,7.05,3.1,0.0557
100442,EU,laptops,online,cash,Mon,M,9.53,23.76,3.1,0.0476
100443,US,laptops,online,card,Thu,M,8.69,19.26,3.3,0.0503
100444,LATAM,accessories,online,wallet,Sat,S,12.02,19.69,3.0,0.0457
100445,APAC,phones,online,card,Sun,M,8.87,20.52,5.3,0.0704
100446,EU,laptops,retail,card,Sat,S,8.24,21.96,4.5,0.0621
100447,EU,tablets,retail,card,Sun,S,19.33,16.22,3.7,0.0504
100448,US,phones,retail,cash,Sun,M,20.5,11.88,3.0,0.0348
100449,US,tablets,online,cash,Fri,S,4.18,25.14,2.6,0.033
100450,US,tablets,online,card,Sun,L,9.98,20.96,2.9,0.0376
100451,EU,laptops,online,cash,Tue,S,6.18,32.86,2.9,0.0382
100452,EU,phones,partner,card,Tue,L,9.31,17.25,7.7,0.1045
100453,EU,laptops,retail,cash,Fri,L,5.67,18.43,2.8,0.0513
100454,APAC,phones,retail,wallet,Sat,M,12.66,19.9,4.1,0.0502
100455,APAC,laptops,online,wallet,Mon,S,10.38,24.05,6.2,0.0815
100456,US,accessories,online,wallet,Thu,L,14.01,18.63,4.8,0.0774
100457,APAC,accessories,partner,card,Wed,M,9.75,22.53,4.9,0.0747
100458,US,phones,retail,wallet,Sun,M,15.84,17.96,2.4,0.0331
100459,US,phones,partner,card,Thu,S,19.26,16.24,3.0,0.0528
100460,US,accessories,online,card,Thu,L,6.59,18.65,2.8,0.0354
100461,US,tablets,retail,card,Sat,S,7.5,17.35,5.5,0.0747
100462,LATAM,phones,online,cash,Fri,S,12.66,11.67,3.2,0.049
100463,APAC,phones,retail,card,Mon,S,13.14,17.21,3.9,0.054
100464,APAC,tablets,online,cash,Fri,M,13.71,16.01,6.9,0.0877
100465,EU,tablets,online,card,Mon,M,9.93,18.81,3.2,0.0478
100466,US,accessories,online,card,Sat,M,5.98,22.36,2.8,0.0576
100467,US,accessories,partner,wallet,Tue,S,16.51,17.96,3.6,0.0582
100468,EU,tablets,partner,card,Tue,M,10.94,18.21,2.9,0.0469
100469,US,accessories,partner,card,Wed,M,7.87,21.71,3.3,0.0588
100470,EU,phones,online,card,Tue,L,19.26,19.39,2.4,0.0553
100471,EU,tablets,online,cash,Sun,L,16.42,13.32,4.7,0.0711
100472,APAC,laptops,retail,card,Sun,L,6.75,25.95,2.8,0.052
100473,APAC,tablets,online,card,Fri,L,19.92,15.52,7.5,0.1087
100474,APAC,laptops,online,cash,Mon,S,8.39,18.09,8.4,0.0995
100475,EU,laptops,retail,card,Sat,L,8.15,19.1,3.2,0.0374
100476,EU,phones,retail,cash,Sat,S,6.52,16.28,3.3,0.0463
100477,EU,phones,retail,cash,Mon,M,15.84,21.51,2.6,0.0514
100478,EU,tablets,online,wallet,Tue,S,10.26,16.63,3.0,0.0621
100479,EU,laptops,online,card,Fri,M,14.61,24.32,5.6,0.0651
100480,LATAM,tablets,partner,card,Wed,L,10.39,20.8,3.1,0.0525
100481,APAC,phones,retail,card,Wed,L,6.79,21.55,2.4,0.0507
100482,EU,tablets,online,card,Fri,L,8.17,19.61,3.3,0.0607
100483,EU,accessories,online,card,Sat,S,11.39,19.14,2.6,0.0427
100484,LATAM,laptops,retail,card,Sat,L,12.01,19.88,2.2,0.0297
100485,US,laptops,retail,cash,Fri,L,6.89,24.23,7.7,0.0976
100486,US,accessories,online,cash,Sat,M,8.44,19.94,2.3,0.0359
100487,US,laptops,partner,card,Sun,L,9.63,23.06,2.4,0.0587
100488,EU,phones,partner,cash,Sun,S,9.42,24.59,3.8,0.0534
100489,US,phones,online,card,Mon,S,15.62,16.55,3.8,0.0515
100490,APAC,laptops,online,cash,Fri,S,13.82,16.97,7.0,0.0904
100491,US,laptops,partner,card,Fri,S,16.63,15.03,2.2,0.0296
100492,APAC,laptops,online,cash,Fri,S,11.49,18.58,5.6,0.0789
100493,EU,accessories,retail,wallet,Thu,M,9.42,18.23,2.9,0.0411
100494,US,tablets,online,cash,Wed,M,12.96,19.58,2.2,0.035
100495,LATAM,laptops,online,cash,Fri,S,4.68,22.18,3.2,0.0466
100496,EU,accessories,online,cash,Fri,M,5.88,19.99,3.4,0.0549
100497,US,tablets,retail,card,Fri,S,7.95,23.9,3.2,0.0528
100498,US,laptops,retail,cash,Thu,L,6.37,24.18,8.2,0.1021
100499,EU,phones,online,cash,Fri,S,7.47,14.9,3.0,0.0342
100500,LATAM,accessories,retail,card,Sat,M,13.04,20.98,5.8,0.0617
100501,US,laptops,retail,card,Sat,L,16.15,15.12,6.0,0.0777
100502,US,laptops,retail,card,Thu,L,14.27,17.56,5.9,0.0832
100503,LATAM,laptops,online,cash,Mon,M,11.86,20.14,3.9,0.0588
100504,EU,accessories,retail,wallet,Tue,M,7.01,24.18,2.5,0.0298
100505,APAC,phones,online,card,Thu,L,9.33,21.0,5.0,0.0779
100506,EU,accessories,retail,cash,Mon,M,9.1,19.35,2.1,0.0255
100507,US,phones,retail,card,Sat,L,25.66,8.33,2.4,0.038
100508,US,tablets,partner,card,Tue,L,12.52,22.5,2.7,0.0424
100509,US,phones,online,card,Tue,M,18.65,18.0,3.1,0.0519
100510,EU,phones,online,wallet,Sat,S,10.13,20.42,2.4,0.031
100511,EU,phones,partner,wallet,Fri,S,9.58,19.53,4.3,0.0669
100512,US,phones,online,card,Tue,M,18.95,16.58,2.1,0.0354
100513,LATAM,phones,retail,card,Mon,S,9.05,19.63,2.8,0.0374
100514,LATAM,laptops,online,wallet,Thu,L,9.79,18.49,3.2,0.0465
100515,US,laptops,online,wallet,Wed,M,10.19,13.56,3.3,0.0666
100516,LATAM,laptops,online,card,Thu,S,17.76,11.64,3.1,0.0525
100517,APAC,tablets,online,wallet,Sat,S,16.75,19.53,6.0,0.0771
100518,US,accessories,partner,cash,Thu,M,14.59,19.32,3.7,0.0603
100519,EU,accessories,online,cash,Sun,M,8.22,24.26,2.7,0.0477
100520,US,phones,online,card,Thu,S,28.36,7.66,2.7,0.045
100521,EU,accessories,retail,card,Mon,M,13.19,20.79,3.6,0.0672
100522,EU,phones,online,cash,Fri,M,11.24,25.21,2.4,0.0506
100523,LATAM,tablets,online,card,Sat,S,8.73,23.66,3.4,0.0554
100524,LATAM,accessories,partner,wallet,Tue,L,8.75,18.36,4.2,0.061
100525,US,tablets,retail,card,Tue,M,10.33,18.1,4.2,0.06
100526,US,laptops,partner,cash,Fri,S,5.65,22.82,2.2,0.0458
100527,APAC,tablets,online,wallet,Sun,L,24.0,12.59,9.8,0.1235
100528,LATAM,phones,partner,cash,Wed,S,6.74,17.06,3.4,0.0574
100529,US,tablets,retail,card,Fri,S,11.82,21.22,3.0,0.0552
100530,US,phones,retail,card,Sun,S,23.47,9.7,3.6,0.0487
100531,EU,accessories,partner,card,Tue,L,5.87,21.67,3.7,0.0716
100532,EU,tablets,partner,card,Thu,L,7.66,23.76,4.8,0.0641
100533,US,tablets,partner,wallet,Wed,L,7.43,23.39,3.6,0.0596
100534,EU,laptops,online,card,Wed,L,14.07,32.39,2.9,0.0361
100535,EU,accessories,retail,cash,Tue,L,12.62,19.14,2.4,0.0491
100536,US,laptops,partner,card,Fri,S,10.4,19.49,4.8,0.0634
100537,APAC,tablets,online,card,Mon,M,20.87,7.73,6.1,0.092
100538,EU,accessories,retail,card,Thu,L,6.68,18.21,3.2,0.0509
100539,APAC,laptops,retail,cash,Fri,S,9.37,22.22,4.1,0.0696
100540,APAC,laptops,retail,card,Mon,L,9.78,22.5,3.3,0.048
100541,APAC,laptops,retail,cash,Sun,M,14.29,20.01,3.7,0.0596
100542,APAC,laptops,online,cash,Mon,S,5.84,22.73,7.2,0.1039
100543,EU,laptops,online,card,Wed,M,7.89,26.05,4.0,0.0666
100544,EU,laptops,online,card,Thu,L,10.41,22.06,3.2,0.0556
100545,LATAM,accessories,retail,cash,Sat,S,11.12,16.78,2.9,0.0458
100546,LATAM,laptops,online,cash,Fri,L,8.29,19.63,4.4,0.07
100547,EU,phones,online,cash,Tue,M,10.22,14.65,2.6,0.0549
100548,APAC,laptops,online,card,Fri,L,9.25,24.28,6.2,0.0838
100549,EU,tablets,retail,wallet,Tue,S,18.49,18.63,3.5,0.0487
100550,EU,laptops,online,card,Wed,L,8.12,26.08,3.1,0.0582
100551,EU,phones,retail,wallet,Fri,S,10.22,19.99,2.9,0.0492
100552,EU,phones,retail,cash,Tue,M,9.82,21.9,3.2,0.0458
100553,US,phones,online,card,Sat,M,19.56,14.93,2.8,0.0389
100554,LATAM,phones,retail,cash,Sat,S,14.32,18.6,5.8,0.0785
100555,US,tablets,online,card,Wed,L,12.53,17.87,2.8,0.0525
100556,EU,tablets,online,card,Thu,S,11.05,19.98,2.1,0.0503
100557,EU,accessories,partner,cash,Wed,S,11.08,22.02,3.4,0.0601
100558,EU,laptops,retail,card,Tue,M,12.22,14.95,2.6,0.0519
100559,EU,laptops,retail,card,Sun,M,13.4,17.54,2.9,0.0576
100560,US,laptops,partner,cash,Wed,L,13.49,20.94,5.9,0.0666
100561,US,accessories,online,card,Sat,M,10.46,19.55,2.9,0.0506
100562,EU,tablets,online,card,Wed,L,6.31,24.14,4.3,0.0632
100563,US,phones,retail,card,Tue,L,15.02,14.05,2.8,0.0489
100564,EU,phones,online,cash,Sun,M,9.99,22.88,4.0,0.0651
100565,APAC,phones,partner,wallet,Sat,S,7.86,19.39,3.4,0.0748
100566,US,laptops,partner,card,Fri,M,11.39,23.8,3.1,0.0483
100567,EU,tablets,retail,card,Fri,M,23.44,14.74,4.3,0.0563
100568,US,phones,partner,card,Sat,M,21.02,4.3,5.0,0.0624
100569,EU,tablets,online,card,Sat,M,10.02,22.04,2.9,0.0493
100570,EU,phones,retail,cash,Tue,M,6.53,19.41,2.7,0.0438
100571,EU,accessories,retail,cash,Fri,S,11.06,21.19,2.6,0.054
100572,APAC,accessories,retail,card,Sat,L,5.66,16.67,5.0,0.0586
100573,EU,accessories,retail,cash,Fri,L,11.06,22.72,2.7,0.0524
100574,LATAM,phones,partner,card,Sun,M,11.18,21.07,2.7,0.0473
100575,US,accessories,retail,cash,Tue,L,13.72,15.58,3.2,0.0571
100576,EU,phones,online,cash,Thu,S,18.2,16.69,2.7,0.0424
100577,APAC,tablets,online,wallet,Sun,M,19.72,15.84,6.6,0.087
100578,APAC,laptops,online,wallet,Mon,L,18.16,18.1,5.8,0.0881
100579,APAC,accessories,online,cash,Fri,L,13.2,14.79,6.4,0.0767
100580,EU,tablets,retail,wallet,Sun,M,17.21,11.71,3.5,0.0545
100581,APAC,tablets,retail,card,Sun,L,19.81,14.58,4.6,0.0746
100582,APAC,laptops,online,card,Sat,L,11.29,16.28,6.7,0.0775
100583,EU,laptops,retail,cash,Tue,M,6.59,18.27,3.0,0.0522
100584,US,laptops,online,wallet,Wed,M,9.87,15.78,3.0,0.0577
100585,US,tablets,online,card,Fri,S,10.47,14.3,4.1,0.0557
100586,EU,accessories,retail,cash,Thu,S,14.72,17.5,6.1,0.0699
100587,APAC,tablets,retail,card,Sat,M,15.33,11.5,2.4,0.0435
100588,APAC,tablets,retail,card,Wed,M,20.27,15.63,2.4,0.0473
100589,APAC,accessories,online,card,Thu,L,6.36,21.37,6.2,0.0909
100590,US,accessories,partner,card,Sun,M,9.08,21.09,2.4,0.0535
100591,US,phones,retail,cash,Wed,S,23.24,11.78,3.5,0.0544
100592,EU,phones,partner,card,Thu,L,9.33,19.9,4.1,0.0685
100593,EU,laptops,partner,card,Tue,L,10.81,29.14,2.5,0.0378
100594,APAC,phones,online,card,Sun,S,11.24,18.46,6.6,0.0807
100595,LATAM,phones,retail,wallet,Fri,L,6.72,23.6,4.2,0.0551
100596,EU,laptops,online,card,Sat,S,12.11,32.46,4.5,0.047
100597,EU,laptops,retail,cash,Mon,S,12.01,17.49,2.8,0.0551
100598,EU,laptops,partner,card,Fri,S,9.24,23.73,3.4,0.0492
100599,US,phones,retail,card,Sun,S,24.15,13.04,3.1,0.0599
100600,APAC,tablets,online,cash,Fri,M,25.74,10.16,6.0,0.0907
100601,EU,laptops,retail,cash,Sat,L,14.12,10.93,2.8,0.0561
100602,US,tablets,partner,card,Mon,S,12.15,18.23,2.6,0.0477
100603,US,tablets,partner,card,Tue,M,6.59,20.47,3.0,0.0522
100604,APAC,tablets,partner,wallet,Wed,S,16.23,14.36,4.9,0.0651
100605,EU,tablets,online,cash,Thu,S,11.79,24.1,3.6,0.0668
100606,EU,phones,partner,cash,Mon,L,11.66,17.91,3.5,0.0398
100607,US,accessories,online,card,Thu,L,14.14,16.24,3.5,0.0551
100608,US,laptops,online,cash,Fri,L,13.44,21.33,3.0,0.0441
100609,EU,laptops,online,card,Sun,M,13.06,24.99,2.5,0.0472
100610,APAC,tablets,online,cash,Mon,L,19.03,15.32,5.3,0.0656
100611,APAC,accessories,online,cash,Tue,L,12.24,18.65,7.2,0.0825
100612,EU,phones,retail,wallet,Mon,M,10.9,21.71,4.3,0.0816
100613,US,tablets,online,cash,Fri,S,10.74,20.68,2.4,0.0392
100614,APAC,accessories,online,card,Thu,L,11.15,25.22,6.4,0.0789
100615,LATAM,phones,online,card,Sun,M,12.6,13.04,4.3,0.0645
100616,EU,phones,retail,card,Tue,M,15.51,20.21,2.6,0.036
100617,APAC,accessories,retail,cash,Mon,L,11.37,12.07,4.8,0.0633
100618,EU,accessories,retail,card,Wed,M,10.49,18.93,3.0,0.0454
100619,APAC,phones,partner,card,Wed,S,8.5,14.21,3.0,0.0657
100620,US,laptops,online,card,Thu,S,13.33,15.04,3.3,0.0504
100621,LATAM,phones,partner,card,Tue,L,8.08,21.23,2.6,0.0475
100622,US,phones,retail,card,Sun,S,13.22,26.39,2.5,0.0576
100623,EU,accessories,online,cash,Fri,S,14.26,20.93,3.8,0.0617
100624,APAC,laptops,online,card,Thu,S,17.06,17.43,5.7,0.0939
100625,EU,phones,online,card,Sun,S,10.48,21.04,4.2,0.0512
100626,APAC,tablets,online,card,Sat,S,20.08,10.96,5.7,0.0742
100627,EU,accessories,retail,card,Sat,L,10.77,21.05,2.2,0.0361
100628,EU,phones,online,wallet,Mon,M,12.79,19.99,2.1,0.04
100629,APAC,phones,online,card,Sat,M,5.85,19.15,5.3,0.0655
100630,EU,phones,online,wallet,Fri,L,4.26,22.52,3.5,0.0515
100631,US,phones,retail,wallet,Sun,M,17.42,12.48,2.6,0.0641
100632,APAC,accessories,retail,cash,Wed,S,14.62,18.65,3.2,0.0457
100633,APAC,laptops,retail,wallet,Tue,M,11.5,17.19,2.5,0.037
100634,APAC,accessories,retail,card,Sun,S,7.51,15.32,3.8,0.0394
100635,US,accessories,partner,cash,Wed,L,10.12,14.89,2.4,0.0535
100636,EU,laptops,online,wallet,Tue,S,8.26,32.61,4.5,0.0536
100637,EU,laptops,online,card,Sat,S,7.28,30.93,2.4,0.0542
100638,US,laptops,retail,wallet,Fri,S,6.61,24.62,5.2,0.0687
100639,EU,accessories,online,cash,Sat,L,10.39,18.35,3.6,0.0457
100640,APAC,laptops,online,wallet,Sat,L,10.39,18.96,6.2,0.0734
100641,EU,laptops,retail,card,Sun,L,11.35,9.2,4.9,0.0761
100642,EU,tablets,retail,wallet,Thu,M,19.62,13.66,2.3,0.034
100643,LATAM,accessories,online,card,Sun,S,7.0,18.09,3.9,0.0583
100644,APAC,laptops,online,card,Wed,L,8.03,21.0,5.3,0.0796
100645,EU,phones,partner,wallet,Thu,S,9.58,23.32,3.2,0.0563
100646,EU,tablets,partner,cash,Mon,S,11.31,17.96,3.6,0.0685
100647,APAC,tablets,partner,card,Tue,L,16.97,21.07,2.3,0.0547
100648,US,phones,retail,cash,Tue,M,22.03,13.03,3.0,0.0585
100649,EU,phones,online,card,Tue,S,6.51,18.02,2.7,0.0403
100650,US,accessories,retail,cash,Sat,M,9.21,22.39,3.8,0.0532
100651,APAC,accessories,online,cash,Sat,S,3.61,23.85,5.6,0.079
100652,EU,phones,retail,card,Thu,L,5.11,21.08,3.0,0.0479
100653,LATAM,tablets,online,card,Thu,S,17.21,13.04,6.0,0.0838
100654,US,tablets,retail,card,Thu,M,11.32,19.3,4.1,0.0583
100655,EU,phones,online,cash,Thu,M,11.03,15.23,4.4,0.0713
100656,APAC,phones,online,wallet,Sun,L,14.24,15.5,5.6,0.0662
100657,EU,accessories,online,card,Tue,M,5.86,23.14,3.6,0.0522
100658,US,tablets,online,card,Thu,S,7.63,25.85,3.6,0.0497
100659,US,tablets,retail,card,Fri,S,12.36,20.69,2.9,0.045
100660,EU,tablets,partner,card,Sun,M,6.06,24.8,2.6,0.0598
100661,APAC,laptops,partner,card,Mon,M,8.86,13.65,3.5,0.0354
100662,APAC,phones,online,card,Fri,M,2.07,28.06,5.7,0.072
100663,EU,phones,partner,card,Wed,S,11.37,19.7,7.5,0.0939
100664,EU,laptops,online,card,Sat,L,14.57,24.6,3.8,0.061
100665,EU,tablets,online,card,Fri,M,12.38,18.88,2.2,0.0409
100666,US,tablets,online,wallet,Mon,M,8.28,15.29,3.1,0.041
100667,EU,phones,retail,card,Sat,S,7.66,21.07,5.9,0.0859
100668,US,tablets,retail,cash,Thu,S,13.5,17.04,2.8,0.0448
100669,APAC,phones,online,cash,Sat,M,0.88,20.52,5.9,0.0779
100670,APAC,tablets,online,card,Tue,M,17.84,10.41,5.6,0.0681
100671,EU,phones,online,cash,Mon,S,6.94,18.53,2.7,0.0457
100672,EU,laptops,partner,card,Tue,S,11.1,25.19,4.7,0.0772
100673,US,tablets,online,wallet,Wed,M,7.02,13.78,4.2,0.0623
100674,US,phones,partner,card,Mon,L,20.26,20.18,2.4,0.0405
100675,US,phones,online,card,Sat,S,13.99,14.28,2.9,0.0432
100676,US,phones,online,card,Sun,S,15.77,18.78,3.7,0.0511
100677,APAC,accessories,partner,cash,Mon,M,12.81,13.35,5.2,0.0749
100678,EU,laptops,online,card,Tue,L,17.22,25.56,3.5,0.0659
100679,EU,phones,retail,cash,Sun,L,7.0,21.47,4.8,0.0781
100680,US,laptops,online,card,Wed,M,4.33,24.48,3.6,0.0428
100681,EU,laptops,partner,wallet,Thu,L,13.38,25.96,4.6,0.0694
100682,US,laptops,retail,card,Tue,S,10.66,20.87,6.8,0.1036
100683,US,accessories,retail,card,Fri,M,3.44,15.96,4.0,0.0703
100684,LATAM,laptops,online,card,Sat,M,8.06,22.62,3.4,0.0471
100685,APAC,accessories,online,card,Tue,L,10.37,17.38,5.3,0.0879
100686,EU,phones,online,wallet,Sat,L,10.84,18.5,4.3,0.0725
100687,EU,phones,online,cash,Tue,M,13.02,19.13,2.9,0.0492
100688,APAC,laptops,retail,card,Wed,S,11.77,25.47,2.3,0.0475
100689,US,phones,partner,cash,Thu,M,16.39,19.74,2.6,0.0429
100690,EU,laptops,retail,cash,Mon,L,4.53,15.84,4.9,0.0636
100691,US,tablets,retail,cash,Sat,L,9.77,19.71,4.3,0.055
100692,US,phones,online,card,Mon,S,20.88,14.24,3.5,0.051
100693,APAC,accessories,online,card,Wed,L,14.33,13.4,7.5,0.0966
100694,APAC,laptops,online,card,Mon,S,13.18,22.37,7.6,0.1064
100695,LATAM,laptops,online,card,Fri,M,9.09,22.59,2.9,0.048
100696,APAC,phones,online,card,Sun,S,7.96,23.99,6.1,0.076
100697,LATAM,tablets,retail,cash,Fri,M,14.33,16.94,2.4,0.0364
100698,EU,laptops,online,card,Sat,S,12.57,24.41,3.8,0.0593
100699,EU,phones,online,wallet,Thu,L,8.03,15.51,5.1,0.0633
100700,EU,accessories,online,card,Sun,M,8.93,22.71,3.2,0.0377
100701,APAC,tablets,retail,card,Mon,M,20.47,7.03,4.5,0.0672
100702,EU,accessories,online,wallet,Thu,M,2.76,24.8,4.2,0.0695
100703,US,phones,retail,card,Mon,M,21.1,11.46,2.3,0.0489
100704,US,phones,online,card,Sat,S,18.03,22.0,4.4,0.0632
100705,APAC,laptops,online,cash,Sat,M,6.32,23.05,5.3,0.0692
100706,US,laptops,online,card,Thu,M,6.05,17.07,4.2,0.0632
100707,EU,accessories,online,cash,Sat,S,7.29,22.41,2.8,0.0577
100708,US,tablets,partner,cash,Wed,M,10.88,19.75,2.2,0.0415
100709,EU,tablets,retail,card,Sun,M,16.9,17.28,3.8,0.0549
100710,EU,laptops,online,card,Tue,M,14.19,26.92,4.3,0.0596
100711,US,laptops,partner,cash,Thu,M,11.64,20.45,3.3,0.0517
100712,EU,laptops,online,card,Mon,M,9.09,24.71,4.3,0.0697
100713,LATAM,phones,online,card,Thu,M,14.04,17.77,3.3,0.0609
100714,US,laptops,online,card,Thu,M,15.64,20.42,2.8,0.057
100715,EU,phones,online,card,Fri,M,14.69,25.71,4.4,0.0749
100716,APAC,phones,online,card,Sat,S,13.76,16.63,6.9,0.087
100717,EU,accessories,online,card,Fri,S,9.29,19.97,2.8,0.0524
100718,EU,accessories,retail,card,Tue,S,13.0,17.0,2.3,0.041
100719,LATAM,tablets,online,card,Sat,S,11.83,20.82,2.5,0.0399
100720,EU,laptops,partner,card,Sat,L,16.87,26.98,5.1,0.0602
100721,APAC,tablets,retail,card,Wed,L,18.98,14.65,3.8,0.0556
100722,EU,phones,online,cash,Thu,M,14.65,23.9,3.8,0.0487
100723,US,phones,online,cash,Tue,L,17.0,13.23,2.5,0.0343
100724,APAC,accessories,partner,card,Mon,S,6.83,22.64,4.0,0.0534
100725,EU,phones,retail,card,Sun,L,6.81,20.15,4.2,0.0548
100726,EU,tablets,retail,cash,Wed,M,21.16,9.77,4.0,0.0581
100727,US,tablets,partner,wallet,Fri,S,6.88,18.55,2.2,0.0509
100728,US,phones,online,wallet,Sat,M,18.79,12.62,2.2,0.048
100729,EU,phones,online,card,Sun,M,8.35,23.44,3.3,0.0698
100730,US,tablets,online,cash,Tue,S,10.88,18.09,3.0,0.0484
100731,LATAM,phones,retail,cash,Wed,M,11.71,18.55,2.2,0.0453
100732,EU,phones,online,wallet,Sat,M,10.53,20.06,3.0,0.0378
100733,APAC,tablets,partner,card,Tue,M,21.52,18.05,2.9,0.0498
100734,EU,tablets,online,wallet,Sat,S,5.81,24.52,2.7,0.062
100735,US,tablets,retail,card,Mon,L,9.27,20.45,3.5,0.0576
100736,US,phones,online,card,Wed,L,14.97,16.03,3.1,0.0564
100737,US,laptops,retail,card,Tue,S,9.03,23.46,6.1,0.0831
100738,APAC,phones,online,wallet,Fri,M,1.96,25.35,5.5,0.0578
100739,APAC,accessories,online,cash,Sat,S,1.86,24.43,5.4,0.0698
100740,APAC,phones,online,card,Tue,L,7.61,16.98,6.0,0.0842
100741,APAC,tablets,online,wallet,Wed,S,20.9,15.06,8.3,0.0958
100742,APAC,laptops,retail,cash,Sun,L,4.74,25.08,2.8,0.0451
100743,EU,tablets,retail,cash,Mon,S,17.3,17.15,3.5,0.0441
100744,APAC,accessories,retail,card,Thu,M,13.63,18.34,3.5,0.0572
100745,US,accessories,retail,cash,Tue,M,14.46,13.26,3.8,0.0702
100746,EU,phones,online,card,Sun,L,11.63,20.69,5.7,0.0823
100747,EU,laptops,partner,card,Thu,M,8.4,24.73,4.1,0.0671
100748,APAC,tablets,online,card,Sat,M,20.78,13.25,6.3,0.0901
100749,US,phones,retail,card,Sun,M,16.98,12.57,4.1,0.0504
100750,EU,laptops,online,cash,Sun,M,4.29,31.7,2.6,0.0458
100751,US,laptops,retail,card,Sat,L,7.86,25.5,5.3,0.077
100752,EU,accessories,online,card,Fri,L,12.49,16.3,2.1,0.0457
100753,US,tablets,online,card,Tue,S,7.31,21.43,3.0,0.053
100754,US,phones,partner,cash,Fri,S,15.15,17.45,4.7,0.0686
100755,APAC,laptops,online,card,Wed,S,5.33,23.81,6.2,0.0981
100756,EU,phones,retail,card,Wed,M,14.42,23.18,2.9,0.0495
100757,EU,phones,online,wallet,Tue,L,14.91,22.45,2.4,0.0303
100758,US,tablets,retail,card,Wed,L,13.13,17.92,2.8,0.0548
100759,APAC,laptops,online,wallet,Sun,L,9.08,14.11,5.0,0.0623
100760,APAC,phones,online,cash,Fri,L,9.28,23.32,6.4,0.0974
100761,US,tablets,online,card,Wed,L,11.8,23.14,2.9,0.0406
100762,US,tablets,retail,card,Sun,S,8.04,21.71,2.8,0.0354
100763,APAC,laptops,retail,card,Wed,L,9.54,21.97,4.8,0.0683
100764,APAC,phones,online,cash,Fri,L,11.28,22.22,6.4,0.0924
100765,US,tablets,partner,wallet,Mon,S,10.44,23.01,3.0,0.0471
100766,APAC,tablets,online,wallet,Tue,M,27.71,13.28,6.1,0.0728
100767,EU,laptops,online,card,Fri,S,8.19,25.65,2.4,0.0474
100768,EU,phones,online,card,Tue,L,9.47,17.98,3.4,0.0559
100769,EU,tablets,retail,cash,Wed,L,12.69,14.35,4.2,0.057
100770,APAC,laptops,online,card,Sat,S,13.56,17.97,8.7,0.1138
100771,APAC,accessories,partner,cash,Tue,L,8.07,22.46,3.6,0.0582
100772,US,tablets,online,cash,Sun,L,11.33,20.27,4.6,0.0656
100773,APAC,phones,online,card,Sat,M,7.13,21.61,7.7,0.0904
100774,EU,laptops,online,card,Sun,S,11.92,28.04,2.7,0.0514
100775,US,accessories,online,cash,Sun,M,10.03,16.95,3.3,0.0331
100776,US,laptops,retail,card,Tue,L,9.25,20.07,5.8,0.0776
100777,US,phones,retail,card,Wed,S,19.6,13.48,2.6,0.0402
100778,EU,tablets,retail,card,Fri,L,21.25,15.79,2.3,0.0409
100779,US,laptops,online,wallet,Sat,M,9.03,19.71,2.5,0.0353
100780,APAC,accessories,online,card,Tue,L,14.29,9.34,5.9,0.0816
100781,US,laptops,retail,cash,Sat,S,7.4,18.25,5.8,0.0717
100782,APAC,accessories,retail,cash,Sat,L,10.04,20.61,3.3,0.0595
100783,US,phones,retail,wallet,Fri,M,18.96,7.78,2.4,0.0488
100784,APAC,tablets,online,cash,Tue,M,14.19,11.06,5.4,0.0759
100785,US,accessories,online,cash,Sun,S,7.99,24.5,3.9,0.0688
100786,APAC,accessories,retail,wallet,Mon,M,14.02,16.96,3.2,0.0564
100787,US,laptops,retail,card,Tue,M,8.16,21.24,6.0,0.0818
100788,APAC,laptops,online,card,Thu,S,12.35,17.21,5.9,0.0772
100789,EU,accessories,online,card,Tue,L,8.71,18.43,8.5,0.0987
100790,EU,laptops,partner,card,Wed,L,9.52,26.33,2.8,0.0532
100791,LATAM,phones,partner,cash,Wed,S,9.34,22.45,3.1,0.0479
100792,US,tablets,online,cash,Fri,M,11.83,17.61,4.2,0.0458
100793,EU,tablets,online,cash,Sun,M,12.05,14.07,3.3,0.0595
100794,US,phones,partner,wallet,Sun,L,22.68,13.25,3.1,0.0393
100795,LATAM,accessories,online,wallet,Sat,M,6.89,23.91,3.1,0.0505
100796,APAC,accessories,online,wallet,Tue,M,7.05,18.0,6.6,0.0943
100797,LATAM,laptops,retail,card,Thu,L,14.4,21.62,3.4,0.0593
100798,LATAM,accessories,retail,cash,Wed,S,11.47,20.72,2.7,0.058
100799,US,phones,online,cash,Tue,L,15.35,21.93,4.5,0.0596
100800,EU,laptops,retail,card,Thu,L,11.34,13.82,2.8,0.0453
100801,EU,phones,online,wallet,Fri,L,13.99,20.25,3.7,0.0488
100802,EU,phones,online,card,Thu,L,9.37,19.49,2.7,0.0497
100803,US,accessories,retail,card,Sun,M,9.27,24.13,4.1,0.0556
100804,LATAM,accessories,partner,wallet,Fri,M,9.1,19.11,2.7,0.0384
100805,EU,laptops,online,card,Thu,L,10.26,26.59,2.2,0.0401
100806,APAC,phones,online,card,Sun,S,4.08,22.82,6.0,0.0812
100807,APAC,laptops,online,card,Sat,M,11.77,18.02,6.8,0.0945
100808,APAC,laptops,online,card,Wed,L,9.03,18.43,7.9,0.099
100809,EU,phones,retail,cash,Sun,M,14.26,17.96,4.1,0.0545
100810,EU,laptops,online,card,Tue,L,6.45,34.92,3.8,0.0637
100811,APAC,accessories,retail,wallet,Thu,M,9.44,16.49,3.8,0.051
100812,US,accessories,retail,cash,Wed,L,12.09,14.02,3.3,0.0501
100813,US,phones,online,wallet,Sun,S,17.73,9.65,2.8,0.0426
100814,EU,laptops,online,wallet,Tue,L,9.23,31.0,4.7,0.0655
100815,EU,laptops,retail,card,Thu,S,7.46,13.95,2.3,0.0611
100816,LATAM,tablets,retail,card,Thu,S,6.37,22.56,4.4,0.0734
100817,APAC,phones,online,card,Tue,S,8.46,19.52,6.9,0.0933
100818,LATAM,tablets,online,wallet,Wed,M,9.51,18.47,3.7,0.0536
100819,APAC,phones,online,card,Tue,L,11.01,20.29,7.6,0.1042
100820,US,phones,retail,card,Sun,M,23.15,13.2,3.1,0.0491
100821,APAC,laptops,online,cash,Mon,S,8.22,23.74,7.8,0.0988
100822,EU,accessories,retail,cash,Mon,L,9.7,28.49,3.0,0.0496
100823,APAC,phones,online,card,Tue,S,7.39,23.01,5.2,0.0525
100824,EU,laptops,retail,cash,Thu,S,16.88,14.36,2.8,0.039
100825,US,tablets,partner,card,Sat,M,9.11,22.38,4.4,0.0617
100826,APAC,tablets,retail,card,Sat,S,15.22,19.34,3.3,0.0552
100827,US,laptops,retail,card,Sat,S,12.53,16.02,6.0,0.0886
100828,APAC,accessories,online,card,Wed,M,13.37,21.76,6.0,0.0834
100829,US,laptops,online,card,Wed,M,7.47,23.77,3.6,0.061
100830,EU,accessories,online,card,Mon,S,12.24,14.25,4.3,0.0614
100831,EU,phones,online,wallet,Fri,M,14.89,20.96,3.1,0.0451
100832,EU,laptops,online,card,Fri,L,8.1,28.22,2.8,0.0457
100833,US,phones,retail,card,Tue,S,17.59,15.61,4.1,0.0727
100834,APAC,tablets,partner,card,Mon,L,18.85,14.51,2.4,0.0467
100835,EU,accessories,partner,wallet,Sat,S,14.65,17.34,2.2,0.0389
100836,US,phones,online,cash,Mon,M,18.58,20.83,5.7,0.0781
100837,LATAM,accessories,retail,card,Tue,L,10.03,20.41,3.4,0.0439
100838,US,tablets,retail,wallet,Thu,M,8.01,23.26,3.8,0.0547
100839,LATAM,laptops,retail,card,Thu,M,10.14,22.89,4.9,0.0672
100840,APAC,laptops,online,cash,Sun,L,6.05,19.68,5.9,0.0753
100841,US,phones,online,card,Thu,S,19.58,11.56,2.5,0.0449
100842,US,phones,retail,card,Thu,S,17.46,11.46,2.6,0.041
100843,EU,phones,online,cash,Sun,M,9.82,16.77,6.2,0.082
100844,US,laptops,partner,wallet,Fri,M,7.36,22.68,3.1,0.0507
100845,APAC,tablets,online,cash,Sat,L,21.11,6.19,5.9,0.0846
100846,EU,accessories,online,card,Fri,L,12.14,17.5,3.9,0.0734
100847,EU,tablets,partner,card,Mon,S,7.03,21.97,3.8,0.0491
100848,EU,laptops,online,card,Mon,S,7.73,30.8,3.7,0.0627
100849,EU,phones,online,wallet,Sat,S,10.75,23.36,2.8,0.0447
100850,EU,tablets,retail,cash,Sat,M,20.52,11.4,3.1,0.0461
100851,APAC,accessories,retail,card,Sat,S,11.33,20.82,3.9,0.0483
100852,US,phones,online,cash,Thu,M,21.84,13.94,2.8,0.0493
100853,US,phones,retail,card,Thu,M,19.96,13.97,3.7,0.0505
100854,EU,tablets,retail,card,Thu,L,21.31,11.38,2.3,0.0597
100855,EU,laptops,online,card,Fri,M,6.49,33.01,6.5,0.0746
100856,US,laptops,online,card,Thu,S,8.17,23.72,2.8,0.0522
100857,APAC,accessories,online,card,Wed,L,12.29,16.54,6.2,0.0724
100858,EU,laptops,retail,card,Wed,L,8.14,17.33,7.5,0.1084
100859,US,phones,retail,card,Thu,S,19.02,13.73,3.1,0.0649
100860,US,phones,online,cash,Tue,S,20.26,14.97,2.7,0.0437
100861,LATAM,laptops,retail,card,Sun,L,11.85,23.95,3.1,0.0389
100862,EU,accessories,online,card,Wed,S,11.78,20.06,3.9,0.0469
100863,US,laptops,retail,cash,Sat,M,10.23,21.81,6.5,0.0843
100864,US,tablets,partner,cash,Sat,M,6.97,26.72,3.5,0.0557
100865,EU,accessories,online,card,Thu,M,11.15,24.0,3.3,0.0567
100866,US,laptops,partner,wallet,Tue,S,7.78,21.8,3.7,0.0506
100867,LATAM,tablets,retail,wallet,Sat,L,8.57,21.0,3.1,0.0559
100868,EU,phones,online,card,Fri,S,5.93,19.44,3.9,0.058
100869,US,laptops,retail,cash,Mon,M,11.92,16.78,8.5,0.0979
100870,EU,phones,retail,card,Thu,M,11.76,17.09,3.5,0.0528
100871,US,tablets,online,card,Wed,S,8.67,25.0,2.9,0.0468
100872,LATAM,tablets,partner,card,Mon,L,11.08,20.83,3.2,0.0572
100873,US,accessories,retail,cash,Fri,M,11.48,16.51,2.5,0.0483
100874,EU,laptops,online,cash,Thu,S,12.3,31.3,4.3,0.0713
100875,EU,tablets,online,card,Mon,S,7.88,24.18,2.4,0.0536
100876,US,phones,online,card,Wed,L,19.47,16.08,3.3,0.064
100877,APAC,laptops,online,cash,Sat,M,12.04,25.77,8.0,0.0925
100878,US,phones,online,card,Mon,S,16.74,19.01,3.7,0.0521
100879,US,laptops,partner,cash,Tue,M,7.94,21.47,2.4,0.0317
100880,APAC,phones,online,wallet,Sun,L,10.78,18.49,5.2,0.0763
100881,EU,laptops,retail,card,Wed,M,7.28,15.1,4.8,0.0742
100882,LATAM,laptops,retail,card,Wed,L,9.84,20.01,3.1,0.0415
100883,US,tablets,online,wallet,Thu,L,11.01,14.94,6.1,0.0792
100884,EU,laptops,retail,card,Sat,L,11.25,22.04,2.6,0.0614
100885,APAC,laptops,retail,wallet,Mon,M,9.21,20.98,2.7,0.0417
100886,EU,tablets,retail,cash,Sat,L,21.88,18.17,3.3,0.0418
100887,EU,accessories,retail,wallet,Thu,L,6.99,17.21,3.3,0.0545
100888,EU,phones,retail,card,Fri,L,10.31,19.13,2.5,0.0503
100889,APAC,phones,online,card,Tue,M,6.15,22.09,6.9,0.0806
100890,EU,laptops,online,card,Mon,S,9.43,29.55,5.7,0.0752
100891,US,tablets,partner,wallet,Thu,S,10.94,11.25,3.7,0.055
100892,EU,laptops,partner,card,Mon,S,17.93,20.39,2.9,0.045
100893,US,laptops,online,cash,Fri,M,16.31,16.69,3.8,0.0494
100894,EU,laptops,online,wallet,Tue,L,9.7,29.71,2.9,0.0509
100895,APAC,laptops,retail,wallet,Mon,S,11.54,19.55,3.3,0.0519
100896,LATAM,accessories,online,card,Thu,S,11.72,17.71,3.4,0.0503
100897,EU,accessories,retail,cash,Tue,M,10.5,22.22,2.7,0.0399
100898,US,phones,retail,card,Mon,L,15.15,20.27,3.1,0.0431
100899,US,laptops,online,cash,Tue,M,10.62,22.26,2.3,0.0429
100900,APAC,phones,retail,wallet,Thu,M,6.47,21.21,3.2,0.0529
100901,EU,accessories,online,card,Sat,L,12.65,17.12,3.4,0.0435
100902,APAC,phones,online,wallet,Tue,M,8.63,17.33,7.8,0.0925
100903,APAC,accessories,online,cash,Mon,M,8.8,21.34,6.1,0.0763
100904,APAC,phones,online,wallet,Mon,M,12.12,21.7,5.4,0.0726
100905,US,tablets,online,wallet,Sun,S,7.99,20.53,2.3,0.0273
100906,APAC,laptops,online,card,Wed,L,9.51,19.21,5.5,0.0665
100907,US,accessories,online,card,Fri,M,13.66,16.79,2.7,0.0568
100908,EU,accessories,partner,wallet,Thu,L,11.06,22.2,2.6,0.0376
100909,EU,tablets,online,card,Fri,M,8.48,17.05,3.1,0.0394
100910,US,phones,retail,cash,Mon,M,18.01,11.92,2.9,0.0573
100911,US,accessories,online,card,Fri,L,4.09,24.46,3.1,0.0549
100912,APAC,laptops,online,wallet,Mon,M,14.87,13.52,7.3,0.0769
100913,APAC,accessories,online,card,Fri,M,12.01,16.2,7.6,0.1055
100914,EU,laptops,online,cash,Thu,L,6.2,33.12,2.4,0.0496
100915,US,phones,online,card,Mon,L,25.96,15.31,2.3,0.0299
100916,APAC,tablets,retail,card,Thu,L,20.27,14.87,3.0,0.0583
100917,US,tablets,online,card,Sat,L,2.74,21.91,6.0,0.0857
100918,EU,phones,partner,card,Thu,L,12.18,22.25,2.9,0.0466
100919,LATAM,tablets,partner,card,Fri,M,9.29,22.56,3.0,0.0492
100920,US,tablets,retail,card,Mon,M,10.59,22.74,3.9,0.0617
100921,EU,phones,partner,card,Sun,M,7.16,22.08,2.8,0.0433
100922,US,phones,retail,card,Tue,L,15.22,14.52,2.4,0.0334
100923,EU,tablets,retail,card,Mon,S,21.35,14.09,2.8,0.046
100924,EU,accessories,online,card,Wed,S,8.86,22.26,3.2,0.046
100925,APAC,tablets,partner,card,Tue,M,19.11,12.4,2.4,0.0288
100926,APAC,laptops,online,card,Fri,S,17.16,16.64,6.3,0.083
100927,US,laptops,retail,wallet,Fri,M,8.11,21.71,6.2,0.0931
100928,EU,accessories,online,wallet,Wed,L,9.89,14.9,3.0,0.0546
100929,US,laptops,partner,wallet,Tue,L,9.37,21.48,3.2,0.0473
100930,US,accessories,partner,wallet,Wed,M,8.68,18.26,5.1,0.0865
100931,US,laptops,online,card,Fri,L,12.04,15.98,3.2,0.0417
100932,EU,laptops,online,cash,Tue,L,7.59,29.67,4.9,0.0772
100933,APAC,accessories,online,cash,Fri,L,9.73,24.56,5.3,0.0778
100934,EU,tablets,partner,card,Mon,L,11.24,21.54,2.9,0.049
100935,EU,accessories,online,cash,Tue,L,6.55,24.46,3.7,0.0631
100936,APAC,accessories,online,card,Tue,S,9.67,22.51,7.0,0.0887
100937,APAC,laptops,online,cash,Sun,L,10.09,22.08,5.8,0.0693
100938,EU,laptops,online,card,Sun,L,10.78,25.44,3.6,0.0602
100939,EU,laptops,online,cash,Sun,L,9.61,30.52,3.1,0.0419
100940,US,laptops,online,card,Sun,S,11.7,22.77,3.7,0.0539
100941,LATAM,laptops,retail,wallet,Sat,M,9.12,24.16,2.8,0.0482
100942,EU,laptops,online,cash,Sat,M,12.1,23.15,2.8,0.057
100943,US,phones,online,card,Fri,L,23.06,9.4,3.5,0.0516
100944,EU,laptops,online,card,Sat,M,7.84,31.17,2.1,0.0353
100945,APAC,phones,online,wallet,Wed,M,11.93,18.02,6.9,0.0989
100946,US,tablets,retail,cash,Sun,L,6.89,25.06,4.0,0.0514
100947,US,tablets,retail,wallet,Wed,S,13.89,14.48,3.2,0.07
100948,APAC,laptops,online,cash,Tue,M,6.0,19.37,5.1,0.0644
100949,US,laptops,online,card,Fri,S,14.69,16.77,3.0,0.0531
100950,EU,phones,online,card,Fri,L,13.51,21.05,2.2,0.0272
100951,US,accessories,retail,card,Mon,M,5.74,21.65,2.9,0.0366
100952,LATAM,phones,online,cash,Tue,L,11.52,16.05,4.4,0.0608
100953,APAC,phones,retail,card,Tue,M,10.53,17.36,2.6,0.0496
100954,US,laptops,online,cash,Fri,M,7.3,23.87,2.6,0.039
100955,APAC,laptops,online,card,Sun,S,12.1,12.61,5.3,0.0708
100956,EU,phones,retail,card,Mon,M,5.75,21.93,2.4,0.0398
100957,US,phones,online,card,Sun,L,16.6,11.46,2.2,0.0525
100958,APAC,accessories,retail,card,Fri,L,9.42,19.86,4.3,0.0635
100959,EU,tablets,online,card,Wed,M,9.19,23.51,3.4,0.0638
100960,LATAM,phones,partner,wallet,Sat,M,9.77,22.44,3.2,0.0454
100961,APAC,laptops,online,wallet,Sat,S,14.44,15.21,6.5,0.0897
100962,APAC,accessories,retail,wallet,Tue,M,11.4,17.74,2.6,0.0422
100963,US,laptops,online,card,Fri,S,11.89,21.48,2.9,0.0589
100964,EU,phones,online,card,Mon,S,8.7,19.22,3.3,0.0477
100965,EU,phones,online,cash,Thu,M,9.32,21.14,3.9,0.0523
100966,APAC,phones,online,card,Sat,M,9.18,19.5,5.7,0.0729
100967,US,tablets,online,card,Thu,L,8.2,19.4,3.3,0.0609
100968,APAC,accessories,online,card,Sat,M,6.45,24.83,5.5,0.0506
100969,EU,laptops,retail,wallet,Wed,M,13.24,13.33,2.7,0.0557
100970,APAC,accessories,online,cash,Wed,L,13.03,18.6,5.7,0.0854
100971,APAC,phones,partner,card,Mon,M,9.7,17.82,2.9,0.0457
100972,APAC,accessories,online,card,Sat,S,12.77,20.13,6.5,0.0697
100973,EU,tablets,online,card,Sat,M,13.3,15.02,3.6,0.0635
100974,EU,tablets,online,cash,Sat,M,8.58,17.4,3.2,0.053
100975,EU,laptops,retail,wallet,Mon,L,12.06,15.77,3.1,0.0402
100976,EU,accessories,online,card,Thu,M,4.7,23.39,4.1,0.0587
100977,APAC,laptops,partner,card,Tue,S,5.76,25.44,3.6,0.0622
100978,US,phones,retail,card,Wed,L,18.66,14.76,2.7,0.0542
100979,APAC,laptops,retail,wallet,Mon,M,10.77,19.5,3.0,0.0647
100980,EU,laptops,online,wallet,Mon,S,12.02,22.8,4.5,0.0651
100981,EU,accessories,online,cash,Fri,L,8.8,18.12,5.0,0.0739
100982,APAC,accessories,online,cash,Thu,L,12.5,24.82,6.3,0.0793
100983,LATAM,accessories,partner,card,Wed,L,9.69,25.13,3.3,0.0507
100984,EU,laptops,online,card,Mon,M,9.56,25.83,3.2,0.067
100985,APAC,phones,online,card,Wed,L,10.3,24.94,8.3,0.1157
100986,US,tablets,online,cash,Thu,S,10.65,17.39,2.9,0.0423
100987,EU,accessories,partner,wallet,Tue,M,11.0,16.87,3.9,0.0579
100988,US,phones,retail,wallet,Mon,S,21.17,11.23,2.9,0.0468
100989,EU,tablets,online,cash,Thu,S,10.15,23.97,2.2,0.0424
100990,US,phones,online,wallet,Wed,S,20.23,14.22,2.6,0.0444
100991,LATAM,accessories,retail,card,Sun,S,8.83,28.24,7.8,0.1019
100992,APAC,accessories,retail,card,Tue,S,11.31,19.41,4.6,0.0682
100993,EU,accessories,online,cash,Thu,L,11.21,19.21,7.8,0.105
100994,APAC,accessories,retail,wallet,Fri,L,12.2,19.84,3.8,0.0582
100995,EU,laptops,retail,wallet,Thu,L,8.88,8.16,3.9,0.0631
100996,APAC,tablets,online,card,Thu,L,17.09,16.42,5.3,0.0693
100997,US,phones,partner,card,Wed,S,19.16,18.01,3.4,0.0673
100998,US,accessories,retail,cash,Tue,S,10.26,16.62,2.8,0.034
100999,EU,phones,retail,card,Sun,M,8.85,20.69,2.3,0.045
101000,EU,laptops,partner,card,Fri,M,9.52,30.25,4.4,0.067
101001,US,phones,retail,cash,Mon,S,21.85,11.25,2.3,0.0455
101002,US,laptops,online,cash,Fri,M,7.05,24.81,3.4,0.0499
101003,APAC,laptops,partner,card,Wed,S,10.99,20.75,4.2,0.0637
101004,EU,accessories,retail,card,Sat,M,5.71,20.73,2.2,0.0442
101005,US,accessories,retail,card,Fri,L,11.58,20.35,2.5,0.0407
101006,EU,tablets,retail,card,Sat,M,18.82,8.47,2.3,0.0424
101007,US,phones,online,wallet,Sat,M,18.56,17.47,3.8,0.0512
101008,LATAM,laptops,retail,card,Fri,M,8.8,21.05,2.9,0.0519
101009,EU,phones,online,wallet,Sun,S,10.8,19.45,2.7,0.054
101010,APAC,laptops,partner,card,Mon,L,8.34,17.14,3.7,0.06
101011,EU,phones,online,card,Tue,L,9.92,18.0,3.4,0.0585
101012,APAC,phones,online,cash,Mon,L,6.97,28.82,6.3,0.074
101013,US,tablets,online,card,Tue,S,10.44,19.72,5.5,0.0704
101014,EU,tablets,online,wallet,Thu,S,9.97,20.7,3.9,0.059
101015,APAC,tablets,online,wallet,Sat,M,21.98,13.58,6.7,0.0782
101016,APAC,tablets,online,card,Mon,S,19.33,14.68,6.2,0.0907
101017,EU,laptops,online,card,Sun,M,7.76,30.91,3.8,0.0561
101018,EU,laptops,retail,card,Sun,M,11.34,20.29,2.6,0.0506
101019,EU,phones,online,card,Mon,L,12.33,21.82,3.6,0.044
101020,US,tablets,retail,wallet,Mon,L,7.84,20.93,3.1,0.0345
101021,LATAM,laptops,online,cash,Fri,M,10.78,13.51,7.4,0.0885
101022,APAC,tablets,partner,wallet,Sat,S,15.4,18.19,5.2,0.066
101023,EU,tablets,online,wallet,Thu,L,3.19,23.3,4.1,0.0716
101024,EU,accessories,online,card,Sat,S,10.73,19.42,4.6,0.0706
101025,US,phones,retail,card,Wed,M,23.62,13.29,3.6,0.073
101026,US,phones,partner,card,Tue,L,19.24,13.2,3.2,0.055
101027,EU,phones,online,cash,Thu,M,11.05,15.68,2.7,0.0661
101028,US,tablets,online,wallet,Thu,S,4.5,26.42,2.4,0.0499
101029,LATAM,accessories,online,card,Sun,M,12.22,17.04,2.8,0.0602
101030,EU,phones,retail,wallet,Mon,L,11.11,19.81,2.1,0.0389
101031,EU,tablets,retail,card,Sun,M,25.6,5.29,3.2,0.0477
101032,APAC,phones,retail,wallet,Sun,M,7.96,19.63,2.8,0.0573
101033,EU,tablets,retail,wallet,Thu,M,20.29,9.96,2.4,0.0413
101034,EU,tablets,online,wallet,Tue,M,5.34,21.37,2.6,0.0366
101035,EU,accessories,retail,cash,Fri,S,11.6,20.42,2.5,0.0387
101036,APAC,phones,partner,card,Sat,M,8.46,20.66,2.9,0.0472
101037,EU,accessories,online,wallet,Mon,S,9.12,25.05,2.8,0.0305
101038,EU,accessories,retail,card,Sun,L,10.84,21.98,3.4,0.0544
101039,US,phones,retail,card,Mon,S,17.54,14.77,2.6,0.0402
101040,APAC,laptops,online,card,Mon,M,10.2,15.44,6.7,0.0819
101041,APAC,tablets,online,cash,Fri,L,20.27,14.51,6.7,0.0867
101042,US,phones,partner,card,Fri,M,24.31,12.17,2.4,0.037
101043,LATAM,accessories,retail,card,Wed,S,4.22,16.46,4.0,0.0615
101044,EU,laptops,retail,cash,Thu,L,7.89,15.5,2.2,0.0429
101045,US,laptops,retail,wallet,Wed,S,6.48,19.31,5.8,0.0817
101046,US,laptops,online,card,Sat,S,9.39,17.57,2.2,0.0391
101047,US,laptops,online,cash,Tue,L,8.69,23.71,2.9,0.0597
101048,EU,laptops,online,wallet,Wed,S,3.75,34.74,2.2,0.0332
101049,EU,laptops,online,wallet,Sat,S,13.95,26.12,3.2,0.0531
101050,LATAM,laptops,retail,card,Thu,S,7.37,21.26,2.8,0.0545
101051,EU,laptops,online,cash,Thu,S,13.98,26.12,2.5,0.047
101052,US,phones,online,cash,Wed,M,23.8,11.09,2.9,0.0519
101053,LATAM,phones,retail,wallet,Mon,M,15.15,11.04,2.9,0.0489
101054,EU,laptops,online,card,Tue,S,13.49,27.33,2.5,0.0408
101055,US,phones,online,card,Tue,L,17.56,10.04,3.2,0.0579
101056,US,laptops,online,card,Mon,M,8.61,20.81,2.2,0.0301
101057,EU,accessories,online,wallet,Thu,L,12.24,15.37,5.1,0.0679
101058,EU,laptops,retail,card,Sat,L,13.59,8.7,3.4,0.0671
101059,US,tablets,retail,card,Sat,L,9.12,18.75,5.0,0.0742
101060,US,laptops,retail,card,Tue,L,10.88,19.54,6.4,0.0819
101061,EU,accessories,partner,cash,Tue,M,10.31,17.06,2.1,0.0241
101062,EU,laptops,retail,card,Fri,S,6.46,20.48,2.8,0.0379
101063,APAC,laptops,retail,cash,Fri,L,6.25,24.68,5.6,0.0758
101064,APAC,phones,online,wallet,Sat,M,8.23,22.9,6.6,0.0865
101065,US,laptops,online,cash,Sat,S,11.36,17.81,4.3,0.0441
101066,EU,accessories,online,card,Thu,M,4.93,22.73,3.7,0.0712
101067,APAC,accessories,online,card,Wed,S,6.97,23.2,7.3,0.1018
101068,EU,laptops,online,wallet,Wed,M,16.08,28.51,2.5,0.065
101069,APAC,laptops,partner,cash,Sun,L,8.84,23.6,2.9,0.0499
101070,EU,tablets,retail,wallet,Sun,M,24.96,9.68,3.2,0.0526
101071,LATAM,accessories,online,card,Mon,M,10.23,13.56,3.2,0.0566
101072,APAC,accessories,partner,cash,Sat,M,13.32,15.82,2.9,0.06
101073,US,accessories,online,card,Fri,S,10.99,20.85,4.5,0.0518
101074,US,phones,partner,cash,Mon,S,21.73,15.46,2.8,0.0534
101075,US,laptops,online,cash,Thu,S,11.85,24.48,3.1,0.0448
101076,APAC,phones,online,card,Wed,S,11.24,17.13,8.2,0.1106
101077,US,laptops,online,cash,Sat,M,9.13,23.35,4.7,0.0592
101078,APAC,tablets,retail,card,Sat,S,15.41,20.67,3.8,0.0633
101079,EU,tablets,online,wallet,Wed,M,12.32,21.83,5.9,0.0818
101080,US,phones,retail,cash,Sat,M,17.99,10.75,2.7,0.0572
101081,APAC,tablets,online,card,Thu,L,17.67,14.6,6.4,0.0721
101082,US,tablets,online,wallet,Sat,S,8.08,25.23,3.3,0.0562
101083,LATAM,laptops,partner,card,Sun,S,15.63,19.19,5.6,0.0789
101084,US,phones,retail,cash,Fri,L,18.72,16.59,2.7,0.0555
101085,EU,tablets,online,cash,Fri,S,16.71,17.85,3.8,0.0569
101086,APAC,phones,partner,card,Sat,L,10.05,19.94,2.6,0.0388
101087,US,tablets,online,wallet,Sun,S,12.19,20.6,2.4,0.0501
101088,US,accessories,retail,cash,Fri,S,10.7,23.24,3.1,0.0508
101089,US,accessories,online,cash,Thu,M,11.68,18.47,4.5,0.0632
101090,APAC,phones,retail,card,Sun,S,11.76,20.22,2.5,0.0495
101091,EU,phones,retail,card,Sat,M,6.57,16.0,2.9,0.0458
101092,APAC,phones,online,card,Fri,M,8.94,18.49,5.5,0.0618
101093,US,tablets,partner,card,Sun,L,8.19,18.24,3.0,0.0387
101094,US,accessories,retail,cash,Fri,L,13.77,15.22,3.5,0.0649
101095,EU,tablets,online,cash,Tue,M,10.04,18.06,3.0,0.0561
101096,LATAM,tablets,online,card,Tue,L,8.94,17.13,2.8,0.0604
101097,LATAM,accessories,online,wallet,Sun,M,12.25,20.11,4.0,0.0541
101098,US,tablets,retail,card,Wed,S,8.4,22.93,2.2,0.0401
101099,EU,accessories,retail,card,Fri,S,7.99,22.62,3.2,0.0588
101100,LATAM,phones,partner,cash,Mon,L,8.27,22.25,6.0,0.0807
101101,EU,phones,retail,card,Sat,L,11.45,19.85,3.9,0.0614
101102,EU,phones,retail,cash,Thu,M,11.24,17.04,3.2,0.0423
101103,US,laptops,partner,cash,Wed,M,8.98,23.28,3.2,0.0619
101104,US,laptops,partner,cash,Sun,L,3.08,24.65,4.1,0.0626
101105,EU,accessories,online,cash,Wed,L,11.06,19.51,3.3,0.049
101106,EU,laptops,partner,card,Sat,S,9.44,27.53,2.9,0.0642
101107,EU,laptops,online,card,Mon,S,8.1,25.03,2.7,0.0484
101108,EU,tablets,retail,cash,Sun,L,23.73,4.6,5.4,0.081
101109,EU,tablets,retail,card,Tue,L,15.94,17.35,2.3,0.0435
101110,EU,phones,retail,cash,Wed,S,11.46,19.7,2.8,0.0412
101111,EU,phones,online,cash,Thu,M,8.69,19.58,3.2,0.0564
101112,US,laptops,retail,cash,Thu,M,10.14,21.04,5.4,0.0737
101113,EU,laptops,online,card,Sun,S,12.76,29.31,3.5,0.0523
101114,APAC,laptops,retail,card,Tue,S,7.38,23.63,7.6,0.0878
101115,US,laptops,online,card,Tue,M,8.39,23.34,3.6,0.0612
101116,EU,phones,retail,card,Tue,L,11.73,20.23,2.3,0.0448
101117,APAC,phones,online,wallet,Fri,S,9.21,22.64,5.1,0.0819
101118,APAC,tablets,retail,card,Sat,S,18.16,13.35,2.4,0.0449
101119,US,accessories,retail,card,Thu,L,10.2,21.71,3.1,0.0432
101120,EU,phones,retail,cash,Sun,L,8.05,22.99,2.9,0.0477
101121,APAC,phones,retail,card,Wed,S,11.34,22.88,2.5,0.0435
101122,APAC,accessories,retail,cash,Thu,L,12.13,13.98,4.7,0.0807
101123,APAC,laptops,online,wallet,Thu,M,7.11,21.36,5.6,0.0705
101124,APAC,tablets,online,card,Wed,L,15.44,16.59,6.1,0.0711
101125,US,laptops,online,cash,Sat,L,12.12,17.4,3.3,0.0589
101126,EU,phones,partner,wallet,Sun,M,17.12,25.93,3.4,0.0521
101127,EU,accessories,online,card,Sun,S,10.83,20.98,3.5,0.0605
101128,EU,laptops,retail,card,Thu,M,5.22,14.51,2.3,0.0372
101129,APAC,accessories,online,card,Tue,L,10.47,20.29,5.7,0.0708
101130,US,laptops,retail,card,Thu,S,5.64,26.85,5.8,0.0752
101131,EU,tablets,online,wallet,Fri,M,8.37,21.34,3.8,0.0597
101132,EU,phones,retail,cash,Fri,S,9.81,16.43,3.4,0.069
101133,EU,phones,retail,card,Sat,S,9.92,19.86,2.7,0.0602
101134,APAC,phones,retail,card,Tue,L,7.06,24.12,3.0,0.0347
101135,EU,accessories,retail,cash,Mon,S,14.9,12.18,3.5,0.0493
101136,EU,phones,retail,card,Thu,L,6.95,23.22,2.7,0.0325
101137,US,phones,retail,card,Fri,S,24.41,15.26,2.9,0.033
101138,EU,phones,online,card,Mon,M,13.94,15.95,2.4,0.0366
101139,APAC,phones,online,wallet,Wed,L,5.9,20.76,6.8,0.0804
101140,US,laptops,retail,cash,Sun,M,13.03,20.45,7.0,0.0923
101141,US,phones,retail,card,Fri,M,19.8,10.02,2.4,0.0321
101142,LATAM,accessories,online,wallet,Mon,L,8.81,26.85,3.4,0.0497
101143,APAC,phones,partner,cash,Sun,L,7.12,19.82,2.7,0.0476
101144,EU,phones,retail,card,Sun,M,9.39,18.77,2.5,0.0648
101145,EU,tablets,retail,card,Mon,M,21.09,17.31,2.5,0.0454
101146,US,accessories,retail,wallet,Sun,M,9.1,19.3,2.5,0.044
101147,EU,laptops,retail,wallet,Sat,L,11.56,8.04,4.8,0.0659
101148,APAC,accessories,retail,card,Sun,S,14.14,18.27,3.6,0.0594
101149,APAC,accessories,retail,cash,Fri,L,13.1,15.16,3.3,0.0684
101150,EU,laptops,online,card,Sun,S,6.75,30.21,2.8,0.0636
101151,LATAM,laptops,online,cash,Sat,M,5.24,20.51,2.6,0.046
101152,US,accessories,retail,card,Tue,S,8.62,17.32,3.8,0.0563
101153,EU,laptops,retail,card,Sat,M,14.52,14.55,2.4,0.0424
101154,US,laptops,partner,cash,Mon,M,10.79,24.48,2.5,0.0515
101155,APAC,laptops,online,wallet,Thu,S,10.25,23.17,5.0,0.0807
101156,APAC,phones,online,wallet,Fri,S,6.45,25.1,8.2,0.0952
101157,LATAM,laptops,online,cash,Sun,M,5.99,23.12,5.4,0.0706
101158,LATAM,phones,online,card,Thu,M,13.26,14.89,3.1,0.0614
101159,US,phones,online,card,Fri,L,20.7,15.35,3.7,0.0645
101160,US,tablets,online,card,Wed,M,8.78,16.62,3.5,0.0387
101161,EU,accessories,partner,wallet,Mon,M,10.44,19.35,3.6,0.0672
101162,US,accessories,retail,wallet,Sun,M,6.04,23.11,4.2,0.0509
101163,EU,accessories,retail,card,Fri,L,10.22,23.06,3.1,0.0547
101164,EU,phones,online,cash,Thu,L,11.5,22.89,3.3,0.0493
101165,APAC,tablets,online,cash,Tue,S,22.13,11.17,5.8,0.0761
101166,EU,tablets,retail,cash,Tue,S,16.97,16.3,3.1,0.0488
101167,EU,laptops,online,wallet,Sat,L,2.38,30.92,2.3,0.0394
101168,APAC,laptops,retail,card,Thu,S,10.93,20.72,2.5,0.0478
101169,US,laptops,retail,wallet,Sat,M,9.05,17.3,5.7,0.0834
101170,US,laptops,retail,card,Sat,S,8.45,15.98,6.9,0.0858
101171,APAC,laptops,retail,cash,Tue,S,8.61,20.63,3.4,0.0477
101172,EU,phones,online,wallet,Thu,L,6.86,22.48,6.2,0.093
101173,EU,laptops,retail,card,Sun,S,17.09,13.23,4.2,0.0756
101174,US,laptops,retail,card,Mon,M,8.29,19.19,6.6,0.0829
101175,EU,laptops,retail,cash,Sun,L,10.19,17.7,2.9,0.047
101176,APAC,tablets,retail,wallet,Tue,M,15.58,17.02,3.4,0.0413
101177,LATAM,laptops,online,cash,Fri,L,10.04,20.9,2.8,0.055
101178,APAC,laptops,online,card,Wed,L,11.82,16.53,6.1,0.0736
101179,APAC,accessories,partner,cash,Fri,S,2.66,27.96,2.2,0.046
101180,EU,phones,partner,cash,Tue,S,5.13,19.99,2.8,0.0398
101181,US,accessories,online,card,Wed,M,3.83,21.16,3.3,0.0546
101182,LATAM,tablets,retail,cash,Tue,M,12.23,12.95,2.2,0.0509
101183,APAC,laptops,retail,wallet,Thu,S,9.18,16.13,3.0,0.0487
101184,US,laptops,online,wallet,Thu,S,7.28,25.35,3.0,0.0514
101185,APAC,accessories,retail,card,Sun,M,8.46,19.67,5.5,0.0829
101186,EU,laptops,retail,wallet,Mon,M,14.68,9.13,2.3,0.0419
101187,EU,laptops,retail,cash,Wed,M,9.13,17.5,4.3,0.0685
101188,EU,tablets,online,cash,Fri,L,6.38,20.84,2.8,0.041
101189,LATAM,laptops,retail,card,Tue,M,8.84,21.84,2.6,0.041
101190,EU,laptops,retail,wallet,Thu,M,18.1,6.44,3.6,0.0568
101191,LATAM,tablets,online,card,Tue,M,11.72,19.35,3.0,0.0483
101192,EU,laptops,online,cash,Mon,M,17.21,24.82,3.1,0.0683
101193,APAC,tablets,partner,card,Thu,S,18.57,14.02,2.2,0.049
101194,US,phones,online,cash,Tue,S,15.15,20.4,3.0,0.044
101195,EU,laptops,online,cash,Fri,M,7.74,29.37,4.2,0.0437
101196,APAC,accessories,retail,cash,Fri,L,6.38,21.14,3.7,0.0567
101197,APAC,phones,partner,card,Wed,L,13.32,13.46,2.2,0.0457
101198,APAC,tablets,partner,cash,Mon,S,15.88,16.2,3.0,0.0509
101199,APAC,tablets,online,card,Sun,L,19.37,10.75,6.9,0.101
101200,APAC,phones,online,wallet,Sat,L,8.2,23.05,6.3,0.0717
101201,APAC,accessories,partner,wallet,Sun,L,11.87,20.7,2.3,0.0518
101202,US,laptops,retail,card,Fri,S,8.96,18.42,6.5,0.0883
101203,LATAM,phones,online,cash,Wed,S,16.17,18.62,4.9,0.0521
101204,US,accessories,retail,card,Sat,M,10.02,18.22,5.5,0.0587
101205,EU,laptops,retail,cash,Fri,L,15.97,16.39,3.0,0.0603
101206,LATAM,phones,online,card,Mon,S,6.9,19.68,4.3,0.06
101207,EU,accessories,online,cash,Thu,L,14.13,16.1,2.6,0.0416
101208,US,laptops,online,card,Sat,M,7.78,20.11,3.0,0.0452
101209,APAC,laptops,online,card,Mon,S,10.95,23.01,5.1,0.0793
101210,APAC,laptops,online,cash,Tue,L,10.37,21.2,7.0,0.0855
101211,EU,tablets,online,card,Wed,L,10.49,23.98,2.5,0.0364
101212,EU,phones,partner,cash,Sat,M,12.25,20.79,2.4,0.0469
101213,US,phones,online,cash,Mon,M,18.36,14.98,3.6,0.0587
101214,US,accessories,online,card,Tue,S,18.48,11.4,2.9,0.0502
101215,APAC,tablets,partner,card,Sat,S,20.03,10.6,5.1,0.0637
101216,EU,laptops,online,wallet,Fri,L,7.79,27.5,2.5,0.0491
101217,APAC,accessories,partner,wallet,Sun,M,12.37,18.72,4.1,0.0532
101218,APAC,tablets,online,card,Sun,S,16.25,14.1,5.8,0.0754
101219,APAC,accessories,online,cash,Mon,S,11.53,23.34,5.5,0.081
101220,APAC,phones,partner,cash,Sun,L,5.32,24.19,2.9,0.0507
101221,APAC,accessories,retail,cash,Sat,S,10.3,22.89,2.6,0.0484
101222,US,phones,retail,cash,Fri,S,20.09,11.88,3.2,0.0581
101223,APAC,phones,online,card,Fri,S,10.32,19.66,6.7,0.0858
101224,EU,phones,online,card,Sun,L,10.26,16.07,2.2,0.0376
101225,APAC,phones,online,cash,Mon,M,10.92,18.88,6.7,0.0741
101226,APAC,phones,partner,card,Thu,S,15.14,16.31,2.5,0.0479
101227,APAC,accessories,online,cash,Wed,M,8.42,13.54,7.9,0.0956
101228,EU,tablets,online,cash,Fri,L,12.76,19.94,4.0,0.0632
101229,EU,laptops,online,card,Thu,M,13.31,24.09,3.7,0.049
101230,LATAM,tablets,retail,cash,Mon,L,10.54,18.7,4.0,0.0625
101231,APAC,laptops,online,cash,Tue,M,12.29,20.2,7.2,0.0885
101232,EU,laptops,retail,card,Wed,M,10.94,18.96,3.1,0.0468
101233,US,phones,retail,card,Mon,M,17.23,12.55,2.5,0.0481
101234,APAC,tablets,retail,cash,Fri,S,13.88,18.73,2.8,0.0369
101235,APAC,laptops,retail,wallet,Thu,S,8.65,22.34,3.0,0.0516
101236,US,phones,online,cash,Sun,M,20.59,12.26,3.0,0.0427
101237,EU,phones,online,card,Sat,L,11.29,18.18,3.5,0.0444
101238,EU,accessories,online,card,Mon,M,9.35,17.75,2.1,0.0355
101239,EU,phones,partner,wallet,Sat,S,3.93,26.31,2.1,0.055
101240,EU,accessories,online,wallet,Mon,M,12.52,17.66,3.7,0.0576
101241,EU,laptops,online,card,Sun,M,11.87,25.69,3.7,0.0702
101242,APAC,accessories,online,cash,Wed,M,4.44,19.69,5.9,0.0771
101243,APAC,tablets,retail,cash,Fri,M,21.56,14.52,2.7,0.0378
101244,US,tablets,online,wallet,Thu,S,10.82,15.67,2.9,0.0495
101245,APAC,phones,online,card,Sat,M,14.98,20.97,5.5,0.0742
101246,EU,laptops,online,wallet,Sun,M,11.45,30.18,2.2,0.0421
101247,EU,phones,online,card,Sat,L,6.98,18.84,3.5,0.0701
101248,US,phones,online,card,Mon,M,22.51,10.49,3.1,0.0543
101249,US,phones,online,card,Sun,L,13.32,16.99,3.9,0.0554
101250,EU,laptops,retail,cash,Tue,S,12.48,8.76,3.0,0.05
101251,LATAM,phones,retail,cash,Sat,L,10.05,16.27,4.3,0.0695
101252,US,accessories,online,wallet,Tue,L,6.63,20.22,4.3,0.0602
101253,US,accessories,retail,wallet,Tue,M,14.63,10.72,3.0,0.0496
101254,US,phones,online,card,Sat,M,18.01,8.66,2.6,0.0414
101255,US,phones,online,card,Sat,M,21.42,12.16,2.6,0.0456
101256,EU,accessories,partner,card,Sat,S,8.06,22.5,4.0,0.0603
101257,EU,accessories,retail,wallet,Fri,S,10.08,17.64,3.4,0.0452
101258,US,laptops,retail,cash,Tue,M,6.42,23.39,6.2,0.0703
101259,US,phones,online,cash,Wed,L,20.93,15.75,2.9,0.0507
101260,US,phones,online,wallet,Sun,M,17.4,17.87,2.8,0.0464
101261,EU,phones,online,card,Tue,M,9.54,18.77,4.2,0.0599
101262,EU,laptops,retail,cash,Wed,M,11.85,13.3,4.2,0.0651
101263,LATAM,tablets,online,wallet,Mon,M,10.27,20.25,3.0,0.0412
101264,LATAM,phones,retail,card,Sun,S,6.45,18.53,3.0,0.0693
101265,APAC,phones,retail,card,Thu,L,10.82,18.3,4.3,0.0509
101266,EU,laptops,retail,card,Fri,S,10.91,14.27,3.1,0.0577
101267,EU,tablets,online,card,Sat,S,9.19,20.98,3.4,0.0502
101268,EU,phones,retail,card,Sat,L,15.59,17.79,2.7,0.0261
101269,APAC,tablets,retail,card,Sat,M,17.04,21.5,2.8,0.0399
101270,EU,phones,retail,cash,Tue,L,9.74,23.13,3.4,0.0674
101271,EU,laptops,partner,cash,Tue,L,13.37,19.96,2.6,0.051
101272,EU,accessories,online,cash,Thu,L,11.37,19.24,3.4,0.0517
101273,APAC,phones,online,wallet,Wed,M,14.35,14.72,7.9,0.0976
101274,US,laptops,online,wallet,Tue,L,12.19,17.45,4.3,0.0605
101275,APAC,phones,online,card,Mon,S,11.48,23.36,7.4,0.0872
101276,EU,laptops,partner,card,Mon,L,9.46,24.89,6.0,0.0869
101277,EU,accessories,online,card,Tue,L,10.37,14.44,2.7,0.0402
101278,APAC,phones,online,cash,Sun,L,9.0,23.16,7.7,0.0882
101279,EU,laptops,online,cash,Sat,M,12.11,28.91,2.5,0.0524
101280,APAC,accessories,online,card,Mon,M,9.37,26.0,6.6,0.0938
101281,US,tablets,online,card,Tue,L,5.72,16.63,3.7,0.0615
101282,EU,laptops,online,card,Fri,S,10.64,28.4,3.6,0.0478
101283,EU,tablets,retail,cash,Mon,M,13.99,15.6,6.5,0.0923
101284,APAC,laptops,retail,cash,Mon,M,6.36,22.22,3.9,0.0669
101285,EU,tablets,retail,card,Fri,M,18.8,17.3,2.2,0.0333
101286,LATAM,phones,online,wallet,Thu,S,8.71,16.91,2.3,0.0269
101287,EU,tablets,partner,card,Fri,M,14.08,14.85,3.2,0.0475
101288,EU,laptops,partner,card,Sat,M,9.92,26.14,3.1,0.0589
101289,US,laptops,online,card,Wed,M,14.21,14.64,3.0,0.0513
101290,EU,phones,online,card,Fri,L,11.12,20.13,2.5,0.0451
101291,LATAM,accessories,partner,card,Thu,L,9.3,18.11,2.9,0.0565
101292,US,laptops,retail,cash,Mon,L,13.87,19.42,6.8,0.0991
101293,EU,accessories,retail,cash,Tue,M,11.89,20.6,2.1,0.0379
101294,EU,laptops,retail,card,Tue,L,9.76,13.72,3.6,0.0654
101295,US,laptops,online,cash,Fri,L,11.33,21.63,4.5,0.046
101296,APAC,phones,online,wallet,Sun,S,7.78,21.81,8.1,0.107
101297,EU,phones,retail,card,Thu,M,12.06,19.47,2.2,0.0289
101298,US,phones,online,card,Sat,L,21.0,15.33,2.7,0.0414
101299,US,laptops,retail,card,Fri,M,12.56,19.01,8.4,0.1141
101300,APAC,tablets,online,card,Sat,M,19.89,11.69,5.8,0.093
101301,APAC,tablets,partner,card,Sat,M,16.32,13.66,3.2,0.0508
101302,EU,tablets,online,cash,Tue,S,10.43,24.33,2.9,0.0503
101303,US,accessories,online,card,Mon,M,10.46,19.87,2.8,0.0545
101304,APAC,phones,retail,card,Sun,M,11.3,17.03,3.0,0.0539
101305,LATAM,phones,online,wallet,Fri,S,8.01,13.73,3.9,0.0551
101306,US,laptops,partner,card,Tue,S,13.18,17.35,2.6,0.0342
101307,LATAM,tablets,retail,wallet,Sat,L,9.98,21.5,4.3,0.0624
101308,EU,laptops,partner,wallet,Sat,M,15.45,25.31,2.3,0.0377
101309,APAC,accessories,online,cash,Mon,L,5.96,22.45,8.1,0.0988
101310,LATAM,accessories,retail,cash,Fri,L,9.83,24.95,5.1,0.0694
101311,US,phones,retail,cash,Thu,S,18.78,14.1,4.3,0.0663
101312,APAC,phones,partner,wallet,Wed,S,12.06,21.31,4.7,0.0704
101313,EU,phones,online,cash,Sun,S,9.35,17.17,2.7,0.0467
101314,APAC,accessories,retail,wallet,Sun,S,10.06,19.24,3.3,0.0493
101315,APAC,accessories,retail,card,Tue,S,9.44,23.73,2.2,0.0401
101316,US,laptops,retail,cash,Sun,L,11.39,24.7,8.8,0.0927
101317,US,tablets,online,card,Mon,S,12.17,18.66,2.4,0.0438
101318,EU,accessories,online,wallet,Sun,M,4.17,20.51,4.6,0.0607
101319,APAC,phones,online,card,Sun,M,9.31,17.24,6.0,0.0801
101320,US,phones,online,card,Thu,L,15.68,15.84,2.3,0.0505
101321,US,laptops,retail,card,Tue,L,12.11,16.11,5.7,0.0729
101322,EU,laptops,partner,card,Tue,S,4.2,26.32,2.9,0.0448
101323,US,phones,retail,wallet,Sun,L,17.91,16.9,2.6,0.0448
101324,EU,phones,online,cash,Fri,L,12.91,19.36,2.7,0.052
101325,APAC,tablets,retail,card,Wed,L,19.11,15.63,3.0,0.0451
101326,EU,tablets,online,wallet,Sun,L,11.65,18.16,3.2,0.049
101327,EU,phones,online,wallet,Tue,S,13.55,21.03,2.4,0.0365
101328,EU,laptops,retail,cash,Wed,L,6.41,19.84,2.9,0.0437
101329,US,laptops,retail,cash,Mon,M,13.55,16.19,6.9,0.101
101330,APAC,phones,online,card,Sun,S,6.01,18.54,5.3,0.0677
101331,EU,laptops,retail,cash,Mon,S,8.27,15.48,2.1,0.0522
101332,US,tablets,partner,card,Tue,S,9.57,17.36,4.6,0.0483
101333,EU,laptops,online,wallet,Sat,L,7.54,26.78,3.4,0.0683
101334,US,tablets,online,wallet,Tue,M,9.23,18.8,3.9,0.0685
101335,EU,laptops,partner,card,Sat,M,5.19,29.76,3.5,0.057
101336,EU,tablets,online,card,Fri,L,7.83,24.95,2.6,0.0393
101337,US,accessories,online,cash,Thu,S,10.51,22.47,6.2,0.0932
101338,EU,tablets,online,card,Sun,M,5.72,24.94,3.3,0.0508
101339,EU,accessories,online,cash,Fri,L,9.4,18.36,2.5,0.0543
101340,US,phones,online,card,Sun,M,19.38,15.07,2.5,0.0483
101341,EU,phones,online,card,Tue,M,10.42,16.89,3.1,0.0496
101342,LATAM,laptops,partner,card,Sat,L,16.02,17.35,4.5,0.0604
101343,EU,phones,online,cash,Tue,M,7.18,17.88,3.2,0.0457
101344,LATAM,phones,online,cash,Fri,S,9.55,16.19,2.9,0.0569
101345,EU,accessories,online,card,Sun,L,2.97,19.03,2.7,0.0494
101346,LATAM,phones,online,card,Mon,M,10.47,16.04,2.9,0.0484
101347,EU,laptops,online,wallet,Mon,L,4.38,33.0,2.7,0.0425
101348,EU,laptops,retail,cash,Fri,M,5.61,15.06,6.3,0.0828
101349,EU,tablets,online,card,Sun,M,10.98,21.5,3.0,0.0514
101350,APAC,accessories,online,card,Sat,S,9.94,19.12,6.7,0.089
101351,EU,tablets,partner,card,Sun,S,6.33,25.88,5.0,0.0741
101352,EU,accessories,online,card,Thu,S,9.01,21.85,3.1,0.0598
101353,APAC,accessories,online,cash,Mon,S,12.84,17.19,8.6,0.1102
101354,EU,tablets,partner,card,Tue,L,4.09,22.93,4.3,0.0537
101355,US,tablets,partner,cash,Wed,M,10.59,20.84,2.3,0.0284
101356,US,phones,online,cash,Mon,L,21.48,7.39,2.5,0.0415
101357,EU,laptops,retail,card,Sat,M,8.66,15.63,2.7,0.0548
101358,LATAM,phones,retail,cash,Wed,S,7.27,24.52,2.6,0.0412
101359,US,tablets,retail,cash,Thu,M,11.0,19.37,2.6,0.0359
101360,EU,accessories,online,card,Tue,L,7.0,20.13,3.5,0.0565
101361,APAC,phones,retail,wallet,Sun,L,12.66,20.01,3.5,0.0574
101362,APAC,phones,online,wallet,Fri,L,11.31,15.23,5.3,0.0732
101363,EU,laptops,online,cash,Sat,S,7.88,33.84,4.0,0.0578
101364,EU,phones,online,card,Sat,L,10.95,21.44,3.4,0.0571
101365,LATAM,accessories,retail,cash,Sat,S,6.64,28.18,2.2,0.0313
101366,US,phones,retail,cash,Thu,S,19.91,13.49,3.0,0.0591
101367,US,tablets,retail,card,Wed,S,12.17,18.18,2.5,0.037
101368,US,accessories,online,wallet,Tue,L,7.79,24.32,2.9,0.0509
101369,APAC,laptops,retail,cash,Mon,S,10.74,20.55,2.6,0.0387
101370,US,laptops,retail,cash,Sat,S,12.68,17.36,6.2,0.0966
101371,APAC,tablets,online,card,Sun,L,17.22,11.41,6.2,0.0761
101372,US,laptops,retail,cash,Mon,M,11.28,18.18,6.9,0.085
101373,EU,phones,retail,cash,Mon,M,7.07,23.57,4.0,0.0612
101374,US,tablets,retail,cash,Thu,L,7.05,20.53,3.2,0.0457
101375,APAC,accessories,retail,cash,Mon,M,3.58,23.12,4.2,0.0676
101376,US,laptops,online,cash,Mon,L,12.5,19.59,4.1,0.0551
101377,US,laptops,retail,wallet,Sat,L,9.92,24.63,6.6,0.0929
101378,EU,accessories,retail,card,Thu,M,8.46,16.87,3.4,0.0449
101379,APAC,phones,partner,cash,Mon,L,8.19,18.67,3.3,0.067
101380,US,phones,online,card,Tue,S,19.35,14.75,3.0,0.0532
101381,EU,tablets,online,card,Sun,M,7.83,21.26,3.8,0.058
101382,US,tablets,online,cash,Mon,L,12.43,17.77,2.3,0.0395
101383,US,phones,retail,cash,Tue,L,20.79,14.07,3.2,0.05
101384,EU,phones,partner,card,Mon,M,9.02,15.78,2.7,0.0607
101385,EU,tablets,online,card,Sat,M,15.21,18.99,2.2,0.0398
101386,US,phones,retail,card,Thu,L,22.04,9.36,5.5,0.0772
101387,EU,phones,online,card,Fri,M,14.18,25.44,2.8,0.058
101388,EU,phones,online,wallet,Thu,S,12.5,23.62,5.7,0.07
101389,US,accessories,retail,wallet,Mon,L,8.11,19.32,3.0,0.0513
101390,APAC,laptops,retail,cash,Mon,M,13.15,19.21,2.1,0.0393
101391,US,tablets,online,cash,Tue,S,7.93,17.33,2.7,0.0529
101392,US,phones,online,card,Sat,M,19.34,17.55,2.1,0.0376
101393,APAC,tablets,online,card,Sun,M,21.0,14.87,5.4,0.0682
101394,APAC,laptops,online,wallet,Sun,S,9.03,25.76,6.8,0.0928
101395,APAC,accessories,online,cash,Thu,M,10.35,22.76,5.8,0.0773
101396,US,phones,retail,card,Wed,L,16.81,12.18,4.3,0.0664
101397,US,tablets,online,card,Fri,S,11.1,17.93,3.2,0.0479
101398,EU,laptops,partner,cash,Thu,S,5.6,29.15,2.1,0.0413
101399,EU,laptops,online,card,Fri,L,11.46,25.44,2.4,0.0328
101400,EU,accessories,online,wallet,Tue,M,11.93,21.89,4.8,0.0685
101401,EU,laptops,online,cash,Wed,M,8.28,32.28,3.4,0.0507
101402,US,phones,online,cash,Wed,S,15.29,19.73,4.4,0.0739
101403,US,laptops,online,card,Fri,S,12.87,12.1,2.3,0.0429
101404,EU,phones,retail,cash,Sat,S,4.53,20.58,4.5,0.0594
101405,APAC,tablets,online,card,Wed,S,18.23,14.26,6.3,0.0904
101406,US,accessories,online,card,Thu,L,9.01,10.83,6.9,0.0809
101407,US,phones,retail,card,Wed,S,24.46,10.39,4.8,0.0666
101408,EU,accessories,partner,card,Thu,S,8.66,25.95,3.4,0.0427
101409,APAC,tablets,retail,cash,Sat,L,18.13,14.88,4.4,0.0704
101410,EU,accessories,online,card,Sun,L,7.34,22.25,4.8,0.0608
101411,EU,laptops,retail,wallet,Wed,L,5.56,13.21,2.6,0.0365
101412,US,accessories,retail,card,Wed,S,8.74,24.37,3.1,0.053
101413,US,tablets,online,cash,Wed,L,10.06,17.0,6.0,0.0705
101414,US,accessories,retail,cash,Tue,S,10.1,20.38,2.1,0.0436
101415,LATAM,laptops,retail,card,Mon,L,11.21,18.18,2.7,0.0637
101416,EU,laptops,online,wallet,Tue,S,5.49,28.88,2.6,0.0566
101417,APAC,laptops,online,wallet,Sat,S,11.48,19.56,6.6,0.0977
101418,US,laptops,partner,card,Thu,M,13.53,20.56,6.8,0.1031
101419,APAC,laptops,retail,cash,Thu,M,7.47,18.09,2.5,0.0612
101420,APAC,phones,retail,cash,Sun,S,7.37,21.69,4.3,0.0577
101421,APAC,phones,retail,card,Thu,M,14.19,14.25,2.7,0.0477
101422,APAC,laptops,retail,cash,Thu,M,9.97,18.16,3.1,0.0606
101423,APAC,tablets,online,cash,Sun,L,21.53,19.75,5.4,0.0776
101424,EU,laptops,retail,card,Tue,L,11.98,15.23,2.1,0.0456
101425,US,accessories,partner,cash,Mon,S,11.34,17.39,3.9,0.0538
101426,APAC,phones,online,cash,Mon,M,11.24,17.88,8.1,0.1024
101427,APAC,laptops,online,cash,Sun,L,14.39,21.11,6.6,0.0886
101428,LATAM,laptops,partner,cash,Thu,S,8.31,23.1,2.6,0.045
101429,US,laptops,online,card,Mon,M,11.39,23.51,2.4,0.0464
101430,EU,laptops,online,card,Thu,L,15.76,26.1,2.2,0.0519
101431,APAC,tablets,online,card,Wed,L,16.48,18.99,5.4,0.0774
101432,EU,phones,online,cash,Wed,L,6.88,18.81,2.3,0.0416
101433,APAC,laptops,online,card,Sun,M,7.9,18.25,5.3,0.0887
101434,EU,phones,online,wallet,Thu,M,9.29,21.17,2.7,0.0505
101435,US,phones,online,wallet,Mon,M,18.74,14.45,3.0,0.0446
101436,US,laptops,partner,cash,Sat,S,13.25,12.18,5.2,0.0875
101437,EU,tablets,retail,card,Fri,M,20.65,16.14,3.1,0.0602
101438,EU,laptops,partner,card,Mon,L,12.62,20.46,2.8,0.0375
101439,EU,phones,retail,card,Wed,S,6.58,14.04,3.8,0.0536
101440,APAC,laptops,retail,card,Wed,L,13.4,16.47,2.9,0.063
101441,APAC,phones,retail,card,Tue,L,11.65,19.03,4.0,0.0488
101442,US,tablets,online,cash,Thu,L,5.41,27.33,2.7,0.045
101443,US,phones,retail,wallet,Tue,S,17.94,15.46,2.8,0.0434
101444,LATAM,laptops,online,wallet,Sat,M,12.98,23.23,3.0,0.0541
101445,EU,phones,retail,cash,Tue,S,7.52,18.94,2.2,0.0396
101446,APAC,accessories,online,card,Mon,M,11.56,21.09,6.3,0.0874
101447,EU,tablets,online,wallet,Wed,L,10.7,20.52,4.3,0.0659
101448,US,phones,online,cash,Sat,M,21.88,10.73,2.5,0.0578
101449,EU,phones,online,cash,Tue,S,6.68,18.23,3.1,0.0569
101450,EU,phones,retail,card,Thu,M,7.25,20.5,4.1,0.0642
101451,LATAM,phones,retail,card,Mon,S,5.65,19.83,2.4,0.0403
101452,EU,accessories,online,card,Fri,S,11.99,23.78,2.9,0.0479
101453,LATAM,accessories,online,card,Fri,S,10.6,14.57,8.1,0.1034
101454,APAC,phones,retail,cash,Sun,S,10.99,19.82,3.3,0.0569
101455,APAC,tablets,partner,wallet,Sun,S,16.49,17.88,2.4,0.0417
101456,APAC,accessories,online,wallet,Sun,S,11.61,20.12,6.2,0.0823
101457,LATAM,tablets,online,card,Fri,S,15.18,15.9,2.5,0.0468
101458,EU,accessories,online,wallet,Sat,L,6.47,17.29,2.2,0.0223
101459,LATAM,phones,retail,wallet,Sat,S,11.68,18.76,3.9,0.0657
101460,EU,phones,online,card,Mon,L,9.52,24.55,4.4,0.0799
101461,EU,tablets,partner,card,Wed,M,8.89,21.4,4.3,0.0569
101462,LATAM,tablets,retail,cash,Fri,M,6.75,17.3,5.0,0.0658
101463,EU,accessories,online,card,Wed,L,12.87,19.89,3.0,0.02
101464,US,tablets,online,card,Fri,S,11.83,16.02,5.0,0.0717
101465,APAC,phones,partner,card,Fri,M,12.54,18.8,2.3,0.0417
101466,EU,tablets,online,card,Sun,S,9.09,21.53,3.2,0.0549
101467,APAC,accessories,retail,card,Thu,S,7.73,22.49,5.0,0.0798
101468,US,phones,retail,cash,Fri,M,17.47,20.56,5.1,0.0579
101469,APAC,phones,partner,wallet,Sat,M,8.78,22.18,3.2,0.0322
101470,EU,accessories,online,wallet,Thu,S,11.65,21.07,2.9,0.0544
101471,APAC,laptops,online,card,Sat,M,7.61,18.79,5.1,0.0838
101472,APAC,phones,online,cash,Fri,S,5.51,20.94,6.3,0.0876
101473,EU,laptops,online,cash,Thu,L,10.38,27.56,3.9,0.0575
101474,LATAM,tablets,online,card,Sun,M,14.26,13.76,4.0,0.0714
101475,LATAM,accessories,partner,card,Sat,S,12.11,20.38,2.7,0.0602
101476,EU,accessories,online,card,Mon,S,6.38,22.82,5.0,0.0715
101477,LATAM,phones,retail,cash,Sun,S,7.07,25.86,4.4,0.0644
101478,LATAM,accessories,retail,card,Fri,S,11.58,20.39,3.4,0.0636
101479,EU,tablets,retail,wallet,Tue,L,19.75,10.06,2.7,0.0495
101480,APAC,laptops,retail,wallet,Mon,M,13.37,18.58,3.0,0.0439
101481,LATAM,laptops,online,wallet,Mon,M,9.82,15.46,5.3,0.0835
101482,APAC,phones,online,card,Sun,S,7.68,24.69,7.4,0.0855
101483,EU,phones,online,card,Sun,L,11.73,20.44,5.9,0.0825
101484,US,accessories,online,card,Sun,L,6.84,21.59,3.0,0.043
101485,US,accessories,retail,wallet,Mon,L,5.8,17.96,2.9,0.0524
101486,US,phones,retail,cash,Sat,S,21.53,18.83,4.2,0.0579
101487,US,tablets,retail,wallet,Wed,S,10.94,21.77,3.7,0.0749
101488,EU,laptops,retail,card,Wed,S,10.29,11.86,2.9,0.0498
101489,EU,phones,retail,card,Mon,M,7.16,17.1,3.2,0.0679
101490,EU,tablets,partner,cash,Sat,M,11.58,13.73,2.8,0.0473
101491,US,phones,online,cash,Wed,S,19.69,16.69,4.3,0.0555
101492,US,phones,online,card,Tue,M,23.94,13.4,2.9,0.0483
101493,LATAM,phones,online,cash,Wed,L,7.89,20.63,3.7,0.0684
101494,EU,phones,retail,card,Thu,M,7.45,16.15,3.3,0.0564
101495,EU,phones,retail,wallet,Mon,S,8.83,12.89,2.6,0.0502
101496,APAC,phones,retail,wallet,Mon,M,8.93,17.55,3.2,0.0556
101497,APAC,phones,online,cash,Thu,S,9.41,16.09,6.9,0.0918
101498,EU,accessories,retail,cash,Sun,S,5.25,21.17,3.2,0.0465
101499,APAC,accessories,online,card,Mon,L,7.89,20.63,6.8,0.0923
101500,EU,phones,retail,card,Wed,S,13.73,20.69,4.6,0.06
101501,LATAM,laptops,online,card,Thu,M,8.96,20.01,5.3,0.075
101502,EU,accessories,partner,card,Wed,L,13.79,23.08,3.9,0.0582
101503,US,tablets,retail,cash,Sun,M,12.99,21.61,3.2,0.0624
101504,US,laptops,retail,card,Mon,S,10.58,20.87,5.6,0.0743
101505,US,accessories,retail,card,Wed,S,10.92,26.91,4.7,0.0583
101506,EU,phones,partner,wallet,Wed,M,9.04,16.23,4.4,0.0645
101507,US,laptops,retail,cash,Mon,M,10.86,26.4,7.2,0.0891
101508,EU,tablets,retail,cash,Wed,M,23.77,10.07,2.9,0.0585
101509,US,laptops,retail,card,Wed,L,12.39,14.68,5.4,0.0609
101510,US,accessories,online,wallet,Tue,L,14.16,16.83,3.1,0.0557
101511,US,tablets,retail,card,Wed,M,8.04,17.92,5.4,0.0669
101512,US,phones,retail,card,Tue,M,17.21,15.16,2.6,0.0437
101513,APAC,phones,retail,wallet,Fri,M,13.94,16.26,3.5,0.0548
101514,LATAM,laptops,retail,cash,Wed,M,13.62,20.03,3.1,0.044
101515,US,laptops,online,card,Fri,M,8.46,20.23,3.2,0.066
101516,US,laptops,online,card,Thu,M,8.27,23.21,2.9,0.0561
101517,US,phones,retail,card,Sat,M,20.3,18.13,2.6,0.046
101518,US,laptops,retail,cash,Thu,L,9.28,15.74,6.5,0.0782
101519,US,phones,partner,card,Fri,M,19.73,17.75,3.3,0.0461
101520,EU,phones,partner,cash,Mon,L,12.83,21.16,3.5,0.047
101521,US,accessories,partner,card,Mon,M,10.38,17.83,4.4,0.0712
101522,EU,phones,retail,card,Sun,M,9.46,21.02,2.6,0.0468
101523,APAC,laptops,online,card,Fri,M,13.52,19.36,5.2,0.0665
101524,APAC,phones,retail,wallet,Thu,M,9.96,16.57,3.2,0.0584
101525,APAC,laptops,online,card,Thu,M,8.96,21.4,5.9,0.0891
101526,APAC,tablets,retail,cash,Tue,L,15.48,11.1,3.0,0.047
101527,EU,phones,online,card,Wed,M,16.62,22.56,2.4,0.0294
101528,EU,accessories,retail,cash,Thu,S,10.92,24.71,3.0,0.0427
101529,EU,laptops,online,wallet,Thu,M,11.91,23.6,3.4,0.0571
101530,US,laptops,online,card,Thu,S,13.41,18.23,4.1,0.0541
101531,EU,tablets,retail,cash,Thu,S,21.19,11.05,3.8,0.0578
101532,EU,laptops,online,card,Mon,M,6.31,38.66,3.8,0.0635
101533,LATAM,laptops,online,cash,Fri,L,12.11,25.06,5.0,0.0722
101534,US,phones,online,card,Wed,L,21.82,13.46,4.6,0.0724
101535,EU,accessories,partner,card,Sun,M,6.84,27.12,3.5,0.0556
101536,US,phones,online,card,Sat,L,18.16,10.55,3.0,0.0444
101537,APAC,phones,online,card,Fri,M,13.9,14.2,7.1,0.0831
101538,US,laptops,online,card,Sun,S,9.38,17.6,2.8,0.0479
101539,EU,tablets,online,cash,Fri,S,7.29,15.3,2.2,0.0403
101540,US,accessories,partner,card,Tue,L,11.96,22.15,4.0,0.0711
101541,EU,laptops,retail,cash,Wed,M,11.32,12.38,4.4,0.062
101542,APAC,laptops,online,cash,Sun,S,12.31,16.14,6.3,0.0725
101543,LATAM,laptops,retail,wallet,Tue,L,6.86,25.83,4.1,0.0738
101544,EU,accessories,online,card,Thu,M,9.56,18.82,2.3,0.0354
101545,US,accessories,online,cash,Sun,M,8.42,22.29,5.7,0.0819
101546,APAC,accessories,online,card,Mon,M,5.13,24.8,5.2,0.0683
101547,US,laptops,retail,card,Tue,S,13.75,22.03,5.3,0.0726
101548,EU,phones,partner,card,Sun,S,6.43,25.79,3.1,0.0594
101549,EU,tablets,retail,cash,Sun,M,18.29,13.4,3.1,0.0477
101550,US,laptops,online,cash,Mon,L,10.27,18.94,2.9,0.0608
101551,EU,accessories,online,card,Sat,M,7.49,20.61,2.1,0.0379
101552,APAC,phones,online,card,Fri,M,10.55,17.25,5.4,0.0706
101553,US,laptops,online,wallet,Mon,M,10.34,20.79,3.9,0.0493
101554,EU,laptops,online,card,Mon,S,12.57,25.54,3.5,0.0544
101555,APAC,accessories,online,cash,Mon,M,8.66,24.06,6.8,0.0717
101556,EU,laptops,online,card,Tue,L,12.97,22.63,4.8,0.0654
101557,US,accessories,online,wallet,Thu,L,9.46,22.72,3.2,0.037
101558,US,laptops,retail,card,Sat,M,8.31,16.1,8.1,0.103
101559,EU,tablets,online,card,Wed,S,10.01,21.6,2.9,0.0538
101560,APAC,phones,retail,card,Wed,S,8.83,24.0,2.8,0.0648
101561,APAC,accessories,partner,card,Sun,S,5.33,16.61,3.9,0.0527
101562,EU,accessories,retail,card,Mon,M,10.35,18.3,2.3,0.0542
101563,US,accessories,retail,card,Sun,L,8.36,16.57,3.4,0.0594
101564,EU,laptops,online,card,Mon,L,16.98,28.3,2.8,0.0573
101565,LATAM,laptops,online,wallet,Sat,L,12.19,19.83,2.8,0.0402
101566,APAC,accessories,online,wallet,Mon,M,4.98,25.91,6.7,0.0801
101567,LATAM,phones,online,card,Sun,L,8.79,21.97,4.8,0.0705
101568,APAC,laptops,retail,card,Thu,L,10.39,21.34,3.2,0.0547
101569,APAC,phones,retail,cash,Fri,M,15.5,17.57,4.5,0.0677
101570,EU,accessories,online,card,Sat,L,9.25,16.21,5.5,0.097
101571,APAC,laptops,retail,card,Wed,M,13.46,16.01,3.1,0.0445
101572,EU,tablets,retail,card,Tue,S,15.9,19.16,2.6,0.0436
101573,APAC,laptops,retail,cash,Tue,S,8.83,24.84,4.4,0.0604
101574,APAC,phones,online,cash,Wed,M,6.35,19.97,5.7,0.0675
101575,US,tablets,online,card,Wed,S,6.86,23.42,4.1,0.0568
101576,EU,phones,online,card,Mon,L,12.55,20.68,2.6,0.0524
101577,US,tablets,retail,card,Mon,L,13.95,12.54,3.7,0.0502
101578,US,phones,online,cash,Tue,L,16.9,12.57,3.1,0.0382
101579,APAC,phones,online,card,Tue,S,7.1,18.68,5.7,0.0724
101580,EU,phones,online,cash,Thu,S,14.31,19.76,3.2,0.0508
101581,EU,phones,online,card,Mon,S,10.53,22.76,3.9,0.0655
101582,US,phones,partner,cash,Fri,M,13.22,15.86,3.3,0.0609
101583,APAC,laptops,retail,card,Wed,S,11.4,19.06,3.8,0.0565
101584,EU,laptops,online,card,Tue,L,8.24,31.39,2.6,0.0507
101585,APAC,tablets,retail,cash,Wed,S,17.5,18.99,3.4,0.0613
101586,LATAM,laptops,online,card,Mon,S,11.66,19.39,4.2,0.0712
101587,EU,laptops,retail,card,Sat,M,14.71,20.56,4.7,0.0648
101588,APAC,accessories,retail,wallet,Tue,M,14.07,16.74,2.7,0.0472
101589,US,laptops,retail,card,Sun,S,6.33,24.75,8.1,0.0989
101590,EU,laptops,retail,card,Thu,M,13.14,13.39,3.3,0.0472
101591,EU,phones,retail,card,Sun,M,9.44,23.2,2.6,0.043
101592,US,phones,online,wallet,Mon,M,11.95,18.66,6.0,0.0777
101593,EU,tablets,online,cash,Thu,M,3.88,23.85,2.6,0.0472
101594,APAC,phones,online,cash,Wed,M,9.14,21.96,6.0,0.0888
101595,US,phones,online,card,Sat,L,19.27,14.67,3.5,0.0591
101596,EU,tablets,retail,card,Thu,M,29.97,13.7,3.0,0.074
101597,APAC,laptops,online,card,Sun,M,8.6,19.92,5.9,0.0844
101598,LATAM,tablets,retail,cash,Thu,M,9.11,23.12,6.4,0.094
101599,US,phones,partner,wallet,Sun,L,21.78,11.32,2.8,0.0488
101600,EU,tablets,online,card,Thu,M,7.11,18.86,4.0,0.0498
101601,US,phones,online,cash,Fri,S,18.88,14.4,3.9,0.0618
101602,US,laptops,online,card,Tue,L,13.13,17.72,7.1,0.0903
101603,APAC,laptops,partner,wallet,Sun,L,9.54,18.42,2.8,0.0452
101604,EU,phones,retail,card,Mon,L,4.84,22.69,2.3,0.0447
101605,EU,laptops,retail,wallet,Thu,M,8.82,12.77,3.7,0.0538
101606,EU,phones,retail,card,Tue,M,13.43,20.93,2.5,0.0415
101607,EU,laptops,retail,wallet,Wed,M,8.14,19.78,4.0,0.0653
101608,EU,phones,online,cash,Fri,M,9.68,21.67,3.5,0.0637
101609,LATAM,accessories,online,wallet,Tue,M,15.46,14.56,2.3,0.0334
101610,APAC,accessories,retail,cash,Sat,L,9.19,18.86,3.3,0.0557
101611,US,tablets,retail,card,Sun,L,12.48,17.09,4.3,0.0682
101612,LATAM,laptops,retail,card,Mon,L,13.27,18.31,2.7,0.0451
101613,US,phones,online,card,Thu,M,24.66,11.02,2.8,0.0408
101614,APAC,phones,retail,cash,Mon,M,8.55,22.42,3.0,0.0453
101615,EU,laptops,retail,card,Fri,M,16.29,10.23,2.4,0.0488
101616,EU,accessories,online,card,Fri,L,7.42,22.05,2.5,0.0401
101617,US,phones,online,cash,Wed,M,19.18,11.55,5.4,0.068
101618,APAC,laptops,retail,card,Sun,L,15.42,15.06,4.4,0.0646
101619,EU,tablets,retail,card,Sun,S,18.06,19.63,2.9,0.0588
101620,US,laptops,online,card,Thu,L,3.53,22.33,3.4,0.0537
101621,EU,tablets,retail,wallet,Sun,M,17.35,17.5,4.4,0.0512
101622,EU,phones,partner,card,Thu,S,11.63,17.71,6.4,0.085
101623,US,phones,retail,cash,Sat,M,28.19,3.06,2.7,0.0496
101624,LATAM,phones,partner,cash,Wed,M,7.59,21.55,3.7,0.0523
101625,LATAM,accessories,online,wallet,Fri,M,5.93,25.65,5.4,0.0686
101626,US,laptops,online,card,Wed,M,9.32,26.18,4.0,0.0548
101627,EU,accessories,retail,card,Wed,S,13.13,18.45,3.2,0.0555
101628,EU,laptops,retail,card,Sat,S,11.17,16.46,4.1,0.0652
101629,APAC,laptops,retail,wallet,Sat,L,17.11,16.56,2.5,0.0572
101630,LATAM,accessories,online,cash,Tue,M,10.54,18.1,4.1,0.0566
101631,EU,phones,online,card,Sun,L,14.84,21.78,2.8,0.0435
101632,APAC,phones,online,card,Tue,S,10.28,19.23,6.1,0.0735
101633,APAC,laptops,online,wallet,Thu,L,14.69,11.43,7.1,0.0974
101634,EU,accessories,retail,card,Mon,M,16.0,19.37,3.6,0.0587
101635,LATAM,phones,online,card,Sat,S,7.77,21.22,2.6,0.0572
101636,US,tablets,online,card,Sat,M,11.18,22.79,4.3,0.0542
101637,APAC,tablets,online,cash,Tue,M,18.98,15.5,6.8,0.0922
101638,APAC,laptops,online,card,Wed,M,12.99,21.57,5.4,0.0779
101639,APAC,tablets,online,cash,Mon,M,17.7,14.37,5.9,0.0727
101640,APAC,laptops,retail,card,Tue,S,7.12,15.24,2.7,0.0423
101641,APAC,tablets,retail,cash,Mon,M,21.61,14.95,2.9,0.0486
101642,US,phones,partner,cash,Mon,M,20.46,7.61,3.1,0.0632
101643,US,laptops,online,card,Fri,L,10.14,20.43,4.0,0.0688
101644,LATAM,phones,online,card,Sun,L,10.84,20.78,4.9,0.0673
101645,EU,laptops,partner,card,Mon,M,9.12,23.5,5.1,0.0754
101646,US,phones,partner,cash,Fri,M,18.92,18.71,2.7,0.0537
101647,EU,tablets,retail,card,Thu,L,19.98,11.97,2.6,0.0395
101648,EU,laptops,online,wallet,Tue,M,10.81,26.78,3.5,0.0524
101649,US,laptops,online,wallet,Thu,L,4.46,27.36,2.5,0.0434
101650,EU,accessories,online,card,Sat,M,16.04,17.7,3.4,0.0672
101651,US,laptops,online,card,Mon,M,11.3,22.04,2.8,0.0393
101652,US,laptops,retail,cash,Mon,L,8.14,17.51,6.0,0.0772
101653,US,phones,retail,card,Sat,L,19.29,8.97,3.1,0.0535
101654,APAC,tablets,online,cash,Sun,M,19.15,15.37,6.6,0.0876
101655,US,accessories,retail,wallet,Wed,S,17.09,17.64,3.4,0.0487
101656,EU,phones,online,cash,Thu,S,10.82,20.41,2.2,0.0318
101657,APAC,phones,online,wallet,Sat,M,10.84,21.87,10.0,0.1147
101658,US,accessories,online,card,Thu,S,14.69,21.34,3.0,0.0533
101659,US,tablets,online,wallet,Tue,L,8.38,21.33,3.7,0.0571
101660,EU,phones,retail,cash,Mon,L,15.81,22.02,3.9,0.0622
101661,LATAM,tablets,online,cash,Mon,S,12.13,14.95,4.3,0.0632
101662,EU,phones,online,card,Wed,M,12.4,15.95,2.7,0.0373
101663,US,laptops,partner,card,Sat,M,12.56,19.28,3.6,0.0474
101664,US,laptops,retail,cash,Wed,S,11.99,18.36,6.4,0.0997
101665,LATAM,phones,retail,cash,Fri,M,9.13,20.03,3.4,0.053
101666,EU,phones,online,wallet,Mon,L,5.68,20.97,3.9,0.06
101667,EU,laptops,online,cash,Sat,M,12.36,23.69,2.6,0.0625
101668,APAC,tablets,partner,cash,Sun,L,23.59,10.61,3.1,0.0473
101669,LATAM,phones,online,cash,Tue,S,9.13,21.52,5.8,0.0759
101670,US,accessories,retail,cash,Thu,M,9.53,16.54,2.8,0.0526
101671,LATAM,accessories,partner,cash,Mon,M,11.96,17.99,3.0,0.043
101672,EU,tablets,partner,card,Wed,L,12.46,12.58,4.1,0.0541
101673,APAC,accessories,retail,wallet,Sun,M,13.73,19.27,3.6,0.0582
101674,EU,laptops,online,card,Mon,M,1.87,35.26,2.2,0.0362
101675,APAC,laptops,retail,card,Tue,S,7.07,27.92,3.9,0.0657
101676,APAC,phones,online,wallet,Sat,L,10.78,15.57,5.3,0.0657
101677,EU,phones,retail,wallet,Tue,M,12.81,19.32,4.1,0.0589
101678,APAC,laptops,retail,cash,Fri,M,12.31,17.97,3.7,0.0554
101679,US,tablets,online,card,Fri,S,9.38,25.01,2.4,0.0557
101680,EU,tablets,online,card,Mon,S,9.0,19.12,2.7,0.0518
101681,EU,laptops,retail,card,Wed,M,10.04,18.3,2.9,0.0438
101682,APAC,laptops,online,cash,Sat,L,5.57,15.97,8.7,0.1196
101683,US,phones,retail,cash,Sat,L,26.7,12.64,2.6,0.0495
101684,US,accessories,retail,card,Thu,S,18.79,12.52,4.5,0.0575
101685,EU,laptops,retail,cash,Fri,S,10.78,13.72,3.2,0.0512
101686,EU,tablets,retail,wallet,Wed,L,19.62,17.11,3.6,0.0544
101687,EU,phones,partner,card,Sun,S,9.15,22.46,4.1,0.0574
101688,US,accessories,retail,cash,Thu,M,4.9,22.4,4.2,0.0646
101689,EU,tablets,partner,card,Thu,S,12.41,17.52,2.4,0.0513
101690,EU,laptops,retail,card,Sun,L,11.3,16.02,2.7,0.045
101691,US,accessories,online,cash,Tue,M,12.75,20.61,2.4,0.0508
101692,EU,phones,partner,card,Tue,S,14.73,22.3,3.2,0.0604
101693,US,accessories,retail,cash,Sat,L,9.44,18.25,7.7,0.0829
101694,US,phones,partner,wallet,Sun,S,21.74,10.13,4.9,0.0572
101695,APAC,laptops,retail,cash,Sat,S,9.89,20.03,3.6,0.043
101696,US,accessories,online,card,Tue,M,5.45,23.19,2.2,0.0428
101697,EU,laptops,partner,card,Wed,M,7.1,30.17,5.6,0.061
101698,LATAM,laptops,online,card,Tue,L,9.72,21.34,2.7,0.0499
101699,EU,accessories,online,cash,Tue,S,9.11,14.68,4.6,0.0644
101700,US,accessories,online,card,Sun,M,11.57,21.2,4.1,0.0607
101701,US,tablets,retail,cash,Sat,L,9.27,11.07,2.7,0.0454
101702,EU,accessories,online,wallet,Thu,L,8.95,20.88,3.7,0.069
101703,APAC,tablets,retail,wallet,Wed,M,20.76,15.21,5.3,0.0673
101704,APAC,phones,retail,card,Sat,L,10.46,19.51,4.8,0.0735
101705,US,laptops,partner,wallet,Mon,L,15.35,15.61,2.7,0.0521
101706,EU,laptops,online,card,Fri,L,11.2,29.44,2.9,0.0415
101707,EU,accessories,online,cash,Wed,M,9.37,23.83,3.9,0.0414
101708,APAC,tablets,partner,wallet,Tue,M,17.15,15.52,2.7,0.0416
101709,LATAM,phones,retail,cash,Sat,L,13.41,17.42,3.1,0.0534
101710,EU,laptops,online,wallet,Sat,L,10.3,26.81,3.2,0.0476
101711,EU,laptops,retail,card,Sun,L,6.0,15.87,3.4,0.0511
101712,US,laptops,online,card,Tue,S,12.04,16.62,2.9,0.0355
101713,APAC,laptops,online,card,Mon,S,10.95,25.84,5.7,0.0844
101714,APAC,phones,online,card,Fri,S,12.7,17.12,6.2,0.0862
101715,APAC,laptops,retail,card,Wed,S,12.24,20.52,7.6,0.0927
101716,APAC,accessories,online,card,Fri,S,6.8,24.15,6.1,0.0871
101717,US,accessories,online,wallet,Sun,L,12.83,19.5,4.6,0.0495
101718,EU,phones,online,card,Mon,L,6.83,20.24,4.1,0.0605
101719,US,phones,retail,card,Thu,M,18.59,17.08,4.1,0.0573
101720,APAC,laptops,retail,card,Sat,S,8.99,22.22,2.7,0.0436
101721,EU,laptops,online,cash,Sun,L,8.99,28.85,4.2,0.0526
101722,EU,tablets,online,card,Tue,M,7.8,24.88,3.1,0.0617
101723,US,laptops,online,cash,Wed,M,7.58,24.66,2.1,0.0341
101724,US,accessories,online,cash,Tue,S,14.13,16.17,3.1,0.0433
101725,EU,phones,online,wallet,Fri,L,1.4,18.63,3.8,0.0553
101726,APAC,phones,online,cash,Mon,M,7.18,25.43,5.2,0.059
101727,APAC,phones,online,cash,Thu,M,11.86,23.08,5.4,0.0756
101728,EU,tablets,online,cash,Sat,M,4.87,20.68,4.0,0.0618
101729,EU,phones,online,cash,Tue,M,7.48,17.63,2.8,0.0593
101730,EU,laptops,retail,card,Mon,M,5.84,21.68,2.7,0.0441
101731,US,accessories,partner,card,Thu,L,5.19,24.08,4.5,0.0597
101732,LATAM,phones,online,cash,Sat,L,9.13,16.82,6.3,0.0913
101733,US,laptops,retail,wallet,Mon,L,11.7,13.61,6.4,0.0814
101734,LATAM,tablets,retail,card,Sat,L,3.37,23.19,2.8,0.0582
101735,EU,laptops,online,cash,Sun,L,12.08,22.39,3.5,0.0506
101736,EU,phones,retail,wallet,Sat,M,9.81,21.04,5.1,0.0724
101737,US,phones,online,card,Fri,L,16.63,19.51,3.3,0.0603
101738,EU,laptops,partner,wallet,Sun,M,8.99,25.68,2.7,0.0315
101739,EU,phones,retail,card,Sat,L,9.97,20.73,4.2,0.069
101740,APAC,accessories,online,card,Sun,S,8.63,18.49,5.7,0.0745
101741,EU,tablets,online,cash,Mon,M,8.93,17.41,2.3,0.0541
101742,APAC,laptops,online,card,Sat,M,8.9,21.22,6.3,0.0715
101743,EU,laptops,online,cash,Thu,M,6.82,32.91,3.1,0.0568
101744,EU,tablets,online,card,Tue,M,11.5,16.99,5.3,0.07
101745,APAC,phones,partner,card,Fri,S,15.64,15.57,3.1,0.0651
101746,US,laptops,retail,card,Fri,S,8.74,20.31,5.2,0.0896
101747,EU,accessories,retail,card,Fri,M,11.23,17.71,2.5,0.05
101748,US,laptops,online,wallet,Mon,L,16.48,16.62,3.9,0.0644
101749,EU,accessories,retail,card,Fri,M,11.49,15.42,4.3,0.0602
101750,EU,tablets,online,card,Wed,L,6.15,23.65,3.3,0.0518
101751,US,laptops,online,wallet,Wed,M,9.62,21.58,2.9,0.049
101752,EU,phones,online,card,Sat,M,13.64,19.76,2.7,0.0481
101753,EU,tablets,online,card,Mon,M,8.08,13.77,2.8,0.0549
101754,EU,tablets,partner,cash,Thu,L,9.13,20.61,2.7,0.0477
101755,EU,laptops,retail,wallet,Fri,L,5.93,15.64,3.3,0.0567
101756,US,laptops,online,cash,Thu,L,8.12,21.48,5.5,0.0688
101757,EU,phones,online,card,Tue,M,12.17,21.19,3.0,0.0678
101758,EU,laptops,retail,cash,Wed,S,12.56,10.28,2.8,0.0511
101759,US,laptops,online,wallet,Sun,M,9.58,24.43,2.8,0.0563
101760,EU,tablets,online,card,Fri,L,10.21,21.28,2.7,0.0614
101761,EU,laptops,retail,cash,Mon,S,9.49,19.61,3.8,0.0596
101762,EU,tablets,online,cash,Sat,L,12.63,20.33,3.9,0.0668
101763,LATAM,phones,retail,card,Mon,M,15.54,18.4,4.2,0.0518
101764,EU,tablets,retail,cash,Fri,M,19.21,15.46,2.3,0.0485
101765,US,tablets,retail,wallet,Sat,S,5.93,19.71,2.7,0.0486
101766,APAC,phones,retail,cash,Tue,S,12.57,19.46,2.4,0.0451
101767,APAC,laptops,online,cash,Tue,S,9.76,21.85,5.7,0.0635
101768,APAC,laptops,partner,card,Mon,S,7.59,20.38,4.9,0.0773
101769,APAC,laptops,retail,cash,Fri,L,10.06,24.03,3.6,0.0534
101770,US,tablets,partner,cash,Sat,M,9.84,23.27,2.3,0.0489
101771,EU,phones,online,card,Thu,M,8.65,23.48,3.9,0.0637
101772,US,laptops,retail,wallet,Mon,L,9.58,18.94,6.3,0.0823
101773,US,laptops,retail,card,Tue,M,14.54,19.65,5.4,0.0704
101774,APAC,tablets,online,card,Mon,S,17.11,22.27,5.6,0.0769
101775,EU,accessories,online,card,Fri,M,12.47,22.92,4.1,0.0486
101776,APAC,accessories,retail,card,Fri,M,9.38,16.69,4.5,0.0753
101777,EU,tablets,partner,card,Fri,M,8.17,18.3,3.4,0.0658
101778,US,laptops,online,card,Sat,S,14.12,15.98,2.9,0.0554
101779,EU,laptops,retail,card,Mon,L,7.06,20.67,3.1,0.0612
101780,EU,tablets,retail,card,Fri,M,22.1,15.76,4.8,0.0653
101781,APAC,phones,partner,card,Sun,M,8.81,18.59,2.9,0.0362
101782,APAC,laptops,retail,card,Mon,M,7.26,22.28,3.9,0.0516
101783,EU,phones,online,card,Tue,M,14.69,13.42,3.2,0.0481
101784,APAC,accessories,online,cash,Sun,M,13.63,14.75,7.8,0.0988
101785,LATAM,laptops,online,cash,Fri,M,15.22,17.2,2.9,0.0442
101786,US,phones,online,cash,Wed,L,20.27,12.94,3.4,0.057
101787,US,accessories,online,card,Tue,M,6.93,21.53,2.6,0.027
101788,APAC,phones,retail,cash,Mon,M,12.73,24.52,3.4,0.0664
101789,US,accessories,online,card,Sun,S,5.99,15.84,3.9,0.0726
101790,US,laptops,online,card,Sat,M,11.72,19.88,2.2,0.0315
101791,APAC,laptops,online,wallet,Wed,M,15.21,16.9,6.1,0.0739
101792,EU,laptops,retail,cash,Thu,M,12.95,15.77,4.1,0.059
101793,APAC,laptops,online,card,Fri,M,10.31,23.05,6.3,0.0948
101794,US,phones,retail,cash,Sat,S,19.67,18.05,3.6,0.0579
101795,US,phones,online,card,Sat,S,15.5,16.32,3.0,0.0675
101796,EU,accessories,online,card,Tue,S,10.1,22.44,3.3,0.0659
101797,APAC,laptops,online,card,Tue,S,8.35,19.1,8.1,0.1085
101798,EU,laptops,online,wallet,Sat,M,7.66,30.15,4.5,0.0597
101799,US,phones,retail,card,Thu,L,19.73,11.68,3.3,0.0391
101800,US,phones,partner,card,Fri,S,14.24,19.12,4.7,0.0623
101801,EU,laptops,retail,card,Tue,M,6.92,18.55,3.4,0.0542
101802,APAC,tablets,online,card,Tue,L,18.27,12.35,7.3,0.0864
101803,US,accessories,online,cash,Mon,M,10.86,21.12,4.7,0.0863
101804,EU,phones,online,card,Mon,M,11.78,22.65,2.4,0.0351
101805,APAC,phones,online,card,Wed,M,14.63,18.53,6.2,0.0743
101806,APAC,accessories,online,wallet,Fri,S,10.72,16.88,6.4,0.0806
101807,LATAM,tablets,online,card,Tue,S,7.27,26.06,3.4,0.0477
101808,APAC,phones,online,card,Mon,S,8.93,25.0,5.6,0.0716
101809,US,laptops,online,card,Thu,S,7.6,26.21,4.9,0.0637
101810,APAC,laptops,retail,card,Thu,L,12.71,19.77,3.8,0.0579
101811,US,phones,online,card,Tue,M,18.54,15.31,3.0,0.0583
101812,US,tablets,retail,cash,Tue,M,13.23,13.63,3.2,0.0574
101813,US,laptops,retail,wallet,Sat,L,11.77,19.72,5.4,0.0713
101814,EU,laptops,online,card,Mon,S,6.77,29.84,2.8,0.0479
101815,LATAM,accessories,retail,cash,Thu,L,10.85,25.17,2.6,0.0407
101816,US,tablets,retail,wallet,Wed,S,13.06,15.96,2.8,0.0522
101817,US,tablets,retail,card,Tue,S,7.63,26.19,4.2,0.0666
101818,US,tablets,partner,wallet,Thu,L,6.58,15.17,2.7,0.0464
101819,EU,accessories,retail,card,Mon,S,7.21,23.28,4.4,0.0645
101820,EU,accessories,online,cash,Fri,S,8.84,17.48,3.6,0.0665
101821,LATAM,laptops,retail,wallet,Wed,M,8.58,20.78,5.0,0.0622
101822,APAC,laptops,online,card,Tue,M,11.61,19.61,5.4,0.0837
101823,US,accessories,retail,card,Tue,S,12.08,15.93,4.0,0.075
101824,US,phones,retail,card,Wed,S,14.94,14.76,2.5,0.0316
101825,APAC,laptops,partner,card,Sat,L,7.46,20.45,2.5,0.0321
101826,US,tablets,retail,card,Wed,L,10.65,16.99,2.8,0.0421
101827,EU,phones,retail,cash,Sat,L,14.07,23.92,3.6,0.0521
101828,US,laptops,online,wallet,Tue,M,10.75,17.87,4.0,0.0676
101829,US,phones,partner,cash,Tue,S,24.05,11.17,2.4,0.0395
101830,APAC,tablets,online,cash,Wed,L,19.58,11.3,6.1,0.0776
101831,APAC,laptops,retail,card,Fri,M,13.77,17.41,3.5,0.0518
101832,APAC,accessories,online,wallet,Sat,L,12.29,18.03,8.2,0.1045
101833,APAC,laptops,retail,wallet,Thu,M,9.09,23.3,2.5,0.0559
101834,US,tablets,online,card,Sat,L,8.55,25.93,3.1,0.0439
101835,EU,laptops,retail,cash,Wed,S,10.6,13.7,2.4,0.0373
101836,LATAM,accessories,retail,cash,Sat,S,8.39,21.61,2.2,0.0372
101837,APAC,laptops,online,wallet,Sat,S,8.69,20.17,6.1,0.0838
101838,US,laptops,online,card,Sun,M,7.17,21.08,5.5,0.074
101839,APAC,laptops,online,card,Sat,S,10.18,22.17,7.2,0.0888
101840,APAC,accessories,online,card,Mon,L,10.34,21.29,6.7,0.1026
101841,EU,phones,online,wallet,Fri,S,2.54,17.41,2.3,0.0516
101842,US,phones,online,cash,Fri,M,18.73,10.46,4.2,0.0653
101843,LATAM,laptops,retail,cash,Mon,M,11.05,18.76,2.6,0.0446
101844,EU,phones,online,cash,Wed,M,13.18,21.49,3.7,0.0595
101845,EU,accessories,online,card,Sun,S,8.6,21.38,3.8,0.0514
101846,LATAM,tablets,partner,card,Fri,S,6.47,23.31,2.6,0.0461
101847,APAC,phones,online,card,Sat,M,8.9,16.63,6.6,0.0939
101848,EU,laptops,partner,card,Tue,S,8.9,24.07,2.4,0.0617
101849,US,laptops,online,card,Sat,S,7.61,14.76,5.3,0.0733
101850,US,phones,partner,wallet,Fri,L,17.42,15.1,4.4,0.0838
101851,APAC,laptops,online,card,Sun,L,6.8,22.22,5.3,0.0676
101852,US,tablets,online,card,Sun,S,8.14,23.42,3.1,0.0507
101853,US,phones,retail,cash,Sun,L,20.79,15.23,3.7,0.0455
101854,US,laptops,online,card,Thu,S,8.2,23.81,3.3,0.05
101855,US,phones,retail,card,Fri,M,18.87,19.16,2.9,0.0504
101856,EU,tablets,retail,wallet,Tue,L,16.07,17.9,3.6,0.0651
101857,EU,laptops,retail,wallet,Fri,M,11.26,17.52,5.3,0.0724
101858,EU,phones,online,cash,Sat,L,18.08,19.32,2.5,0.0403
101859,LATAM,laptops,retail,card,Thu,L,5.53,21.68,4.0,0.0645
101860,US,accessories,online,cash,Sat,S,15.35,19.22,3.7,0.0526
101861,US,phones,online,cash,Fri,M,16.55,15.29,4.3,0.0596
101862,LATAM,tablets,online,card,Sat,M,14.87,13.44,5.5,0.0872
101863,EU,tablets,online,wallet,Sun,L,8.59,23.48,2.5,0.0485
101864,EU,accessories,partner,cash,Mon,S,12.75,14.78,4.4,0.0588
101865,EU,laptops,retail,cash,Tue,M,10.96,15.25,2.5,0.0445
101866,LATAM,tablets,online,card,Sat,M,15.64,21.19,2.5,0.0465
101867,APAC,tablets,retail,card,Mon,L,15.76,15.13,4.2,0.0643
101868,EU,laptops,retail,wallet,Tue,M,10.38,15.77,3.6,0.0564
101869,EU,phones,online,cash,Fri,M,8.3,21.33,4.4,0.0684
101870,EU,tablets,online,card,Fri,M,5.4,29.62,6.0,0.0864
101871,LATAM,tablets,online,card,Thu,S,7.23,20.61,2.5,0.0416
101872,US,accessories,retail,cash,Mon,S,7.34,16.72,2.4,0.0429
101873,APAC,laptops,online,card,Thu,M,12.97,14.01,6.2,0.1002
101874,APAC,tablets,online,cash,Fri,S,13.72,16.73,9.7,0.1176
101875,LATAM,tablets,online,cash,Sat,M,9.62,23.56,2.6,0.0537
101876,US,phones,online,card,Mon,M,22.96,11.9,2.6,0.0475
101877,EU,tablets,online,wallet,Mon,S,13.36,14.86,3.2,0.0582
101878,US,phones,online,cash,Thu,S,20.06,9.63,2.6,0.0466
101879,APAC,tablets,retail,card,Mon,S,17.78,19.16,5.1,0.0583
101880,LATAM,phones,online,cash,Mon,S,10.28,16.9,3.1,0.0392
101881,US,phones,retail,card,Wed,M,20.53,11.63,2.4,0.0471
101882,US,laptops,partner,card,Sat,M,11.71,17.44,3.8,0.0519
101883,APAC,phones,online,cash,Sun,M,12.2,16.86,5.4,0.0825
101884,US,accessories,online,card,Tue,L,10.99,19.23,2.5,0.0408
101885,EU,laptops,partner,wallet,Mon,M,11.38,23.56,2.9,0.0388
101886,EU,accessories,retail,cash,Fri,S,12.51,17.01,2.7,0.0565
101887,US,laptops,retail,card,Fri,M,15.05,20.62,7.4,0.1009
101888,EU,accessories,partner,wallet,Wed,L,5.1,24.47,2.7,0.0454
101889,APAC,phones,online,card,Thu,L,9.09,16.65,7.3,0.0985
101890,APAC,phones,online,card,Tue,L,10.57,19.99,5.6,0.0921
101891,LATAM,accessories,online,cash,Thu,L,10.14,21.0,3.2,0.0535
101892,APAC,laptops,retail,card,Fri,S,12.05,22.88,3.2,0.0492
101893,US,laptops,online,cash,Mon,L,10.86,12.41,5.6,0.069
101894,EU,accessories,retail,card,Tue,M,12.88,19.1,3.2,0.0539
101895,EU,laptops,retail,card,Wed,M,11.75,14.51,2.6,0.06
101896,APAC,phones,partner,wallet,Thu,S,6.73,17.98,4.0,0.0622
101897,US,accessories,retail,card,Sat,L,6.32,22.7,2.9,0.0481
101898,EU,tablets,retail,cash,Wed,M,18.13,16.62,2.9,0.0518
101899,US,tablets,retail,card,Thu,L,8.58,21.14,4.5,0.0661
101900,APAC,accessories,online,card,Thu,L,10.83,21.15,6.8,0.0805
101901,APAC,laptops,online,cash,Sat,M,15.45,15.9,7.2,0.0947
101902,APAC,phones,retail,card,Wed,M,12.35,17.27,3.3,0.0491
101903,LATAM,laptops,online,cash,Sun,M,7.16,23.23,2.1,0.058
101904,US,accessories,retail,card,Sun,L,6.98,22.32,2.4,0.0371
101905,APAC,accessories,retail,card,Sun,L,8.76,14.35,2.5,0.0393
101906,EU,tablets,partner,card,Sun,M,7.33,20.29,2.8,0.0469
101907,APAC,laptops,retail,wallet,Mon,M,12.59,20.87,6.0,0.0744
101908,US,tablets,retail,wallet,Sun,M,7.62,20.94,2.3,0.0443
101909,EU,phones,retail,wallet,Sun,M,11.78,18.82,3.3,0.0384
101910,EU,phones,online,cash,Mon,M,16.69,23.8,3.2,0.0476
101911,APAC,phones,online,card,Wed,S,9.61,20.98,6.9,0.0858
101912,EU,laptops,online,wallet,Wed,L,9.84,32.54,3.3,0.0374
101913,EU,laptops,retail,card,Thu,M,7.79,18.8,3.2,0.0519
101914,US,laptops,retail,wallet,Wed,S,12.52,14.7,6.9,0.09
101915,APAC,tablets,retail,card,Thu,S,19.94,17.43,2.3,0.041
101916,EU,accessories,retail,card,Tue,M,12.52,16.05,2.3,0.0536
101917,EU,laptops,partner,card,Wed,S,16.41,23.35,2.4,0.0478
101918,EU,tablets,online,card,Fri,L,8.77,23.74,3.0,0.0616
101919,APAC,laptops,online,cash,Thu,M,5.87,24.14,6.4,0.079
101920,EU,laptops,online,wallet,Sat,L,5.67,28.43,4.7,0.063
101921,US,phones,retail,card,Sun,M,17.79,10.22,2.8,0.0554
101922,US,tablets,retail,cash,Tue,S,8.26,20.05,2.1,0.0386
101923,US,laptops,online,wallet,Sun,M,8.5,16.97,5.2,0.0717
101924,EU,laptops,online,cash,Sat,S,12.29,28.58,3.8,0.0586
101925,US,accessories,online,card,Tue,L,10.97,30.16,5.8,0.0885
101926,EU,laptops,retail,card,Tue,M,7.76,16.52,5.0,0.0722
101927,EU,accessories,retail,card,Thu,S,5.18,26.87,2.3,0.0518
101928,US,accessories,retail,card,Fri,L,6.67,24.33,2.9,0.0601
101929,EU,tablets,retail,cash,Fri,M,20.66,8.48,6.1,0.074
101930,US,phones,online,cash,Sun,M,12.54,19.19,3.1,0.0582
101931,EU,tablets,online,card,Wed,M,10.16,14.99,2.3,0.0435
101932,EU,tablets,retail,cash,Sun,S,23.83,15.2,6.6,0.0923
101933,EU,laptops,online,cash,Wed,S,14.56,23.16,3.5,0.0421
101934,EU,laptops,retail,cash,Tue,M,10.14,14.7,2.8,0.049
101935,APAC,phones,online,card,Tue,L,7.0,21.44,6.8,0.0871
101936,APAC,phones,online,card,Fri,L,9.07,20.96,5.7,0.073
101937,US,accessories,retail,cash,Fri,L,6.68,23.22,6.3,0.072
101938,EU,accessories,retail,card,Sun,M,15.16,17.2,2.6,0.0369
101939,US,tablets,partner,cash,Fri,L,12.96,16.67,3.4,0.0519
101940,LATAM,accessories,retail,card,Fri,S,11.49,15.69,3.5,0.0438
101941,EU,phones,partner,cash,Sat,S,11.82,19.37,3.5,0.0543
101942,EU,accessories,retail,card,Thu,L,3.85,18.09,3.9,0.0728
101943,EU,tablets,partner,card,Thu,L,8.34,21.69,3.5,0.0495
101944,US,phones,partner,card,Tue,M,26.65,6.33,3.6,0.0585
101945,EU,tablets,online,cash,Mon,S,6.44,18.52,3.4,0.044
101946,LATAM,phones,retail,card,Sun,M,9.58,18.16,3.6,0.0569
101947,US,phones,online,card,Fri,L,19.24,16.09,2.4,0.0416
101948,US,accessories,online,card,Fri,L,13.27,16.58,3.0,0.0574
101949,EU,tablets,retail,card,Mon,L,14.99,20.6,4.0,0.0747
101950,EU,phones,online,wallet,Wed,L,9.97,25.85,3.3,0.0618
101951,EU,accessories,online,card,Mon,L,15.62,16.44,2.7,0.0489
101952,APAC,accessories,online,card,Fri,M,6.74,20.35,6.6,0.0716
101953,EU,laptops,online,card,Sat,S,13.38,27.81,2.8,0.0566
101954,EU,laptops,partner,card,Sun,L,5.1,26.15,4.4,0.0688
101955,US,accessories,online,cash,Thu,L,13.47,15.55,4.7,0.0673
101956,EU,laptops,online,card,Sat,M,8.88,37.06,4.2,0.0648
101957,EU,phones,partner,wallet,Fri,S,7.91,15.64,6.8,0.0816
101958,EU,phones,retail,card,Tue,M,10.56,20.05,2.5,0.0315
101959,LATAM,laptops,retail,card,Fri,S,15.85,13.57,2.9,0.0275
101960,APAC,accessories,retail,card,Tue,M,5.62,20.88,2.8,0.0781
101961,EU,phones,online,wallet,Thu,L,10.62,17.59,2.2,0.0335
101962,APAC,tablets,retail,card,Thu,M,21.63,13.97,2.4,0.0462
101963,EU,accessories,online,card,Sat,M,11.26,16.44,2.6,0.0372
101964,US,phones,partner,wallet,Fri,L,20.67,18.26,2.5,0.0455
101965,APAC,tablets,online,wallet,Mon,S,12.87,16.57,8.8,0.1126
101966,EU,accessories,online,cash,Thu,M,10.55,20.32,4.5,0.0675
101967,EU,tablets,online,card,Mon,M,13.11,17.86,2.4,0.0464
101968,APAC,phones,online,cash,Thu,S,14.46,16.35,7.8,0.0969
101969,APAC,tablets,retail,cash,Sat,M,16.16,15.27,5.0,0.0636
101970,LATAM,laptops,online,card,Wed,L,14.42,14.4,2.7,0.0457
101971,EU,accessories,online,card,Sun,M,5.72,23.1,4.4,0.0595
101972,EU,tablets,online,card,Sat,L,10.64,22.1,2.8,0.0431
101973,EU,laptops,partner,card,Fri,S,8.83,23.12,2.9,0.0441
101974,EU,phones,online,card,Mon,S,1.32,16.64,2.4,0.0379
101975,EU,phones,retail,card,Fri,S,13.73,21.32,3.2,0.0658
101976,US,laptops,retail,card,Thu,M,14.61,16.9,6.7,0.1066
101977,EU,laptops,online,wallet,Wed,L,10.98,31.32,5.1,0.0691
101978,US,tablets,online,card,Wed,S,9.59,15.09,3.2,0.0466
101979,US,accessories,retail,card,Tue,L,15.76,21.23,4.5,0.0543
101980,EU,phones,online,card,Fri,M,10.62,26.9,4.2,0.0676
101981,APAC,tablets,retail,card,Fri,S,19.66,20.42,2.6,0.0584
101982,LATAM,laptops,online,wallet,Sat,L,10.94,21.21,2.5,0.0518
101983,US,accessories,retail,card,Wed,L,10.82,20.19,2.7,0.0398
101984,US,accessories,retail,cash,Mon,M,13.84,13.26,5.5,0.0844
101985,US,tablets,retail,wallet,Tue,M,9.79,13.88,2.3,0.0437
101986,LATAM,phones,retail,cash,Thu,S,9.45,23.38,3.8,0.0666
101987,APAC,laptops,online,cash,Tue,L,6.08,21.96,5.8,0.0704
101988,LATAM,accessories,retail,wallet,Mon,L,13.2,22.93,4.9,0.0757
101989,US,phones,retail,cash,Fri,M,15.87,17.32,2.9,0.051
101990,EU,accessories,retail,card,Sat,L,12.63,17.56,6.0,0.0743
101991,EU,laptops,partner,cash,Sat,L,7.84,24.23,4.4,0.0519
101992,EU,phones,retail,cash,Mon,M,10.05,20.78,3.3,0.0595
101993,LATAM,tablets,retail,wallet,Tue,S,12.89,20.5,4.3,0.0616
101994,US,laptops,online,cash,Sat,L,13.87,16.53,3.4,0.0556
101995,US,laptops,partner,card,Sat,S,10.13,19.7,3.3,0.0533
101996,EU,laptops,online,cash,Sat,M,11.94,29.53,2.9,0.0477
101997,LATAM,tablets,online,card,Fri,L,9.62,14.17,2.1,0.045
101998,EU,phones,retail,cash,Sun,L,6.23,20.09,3.8,0.0785
101999,US,tablets,online,card,Sat,L,4.71,24.11,3.7,0.0602
102000,US,tablets,retail,card,Sun,S,11.83,23.25,5.6,0.0654
102001,APAC,laptops,retail,card,Sun,L,10.45,17.56,3.5,0.056
102002,APAC,laptops,online,cash,Sat,L,9.47,15.12,6.1,0.0754
102003,APAC,phones,retail,cash,Tue,S,0.0,18.8,2.2,0.0323
102004,US,laptops,partner,cash,Fri,M,14.08,14.8,3.1,0.0598
102005,US,tablets,retail,cash,Thu,L,11.18,18.43,3.9,0.06
102006,APAC,laptops,retail,card,Wed,S,5.91,23.25,3.0,0.0286
102007,EU,tablets,online,card,Sat,L,5.95,25.25,2.9,0.0582
102008,EU,tablets,online,cash,Wed,S,10.45,20.44,2.7,0.0631
102009,APAC,tablets,retail,card,Wed,L,18.74,19.83,4.0,0.0601
102010,APAC,accessories,retail,card,Mon,S,11.84,23.66,4.4,0.0656
102011,APAC,tablets,online,wallet,Tue,M,23.58,10.57,6.1,0.0822
102012,EU,phones,online,cash,Mon,M,9.68,21.2,3.3,0.0568
102013,APAC,laptops,online,card,Thu,L,8.07,20.21,5.8,0.0742
102014,LATAM,phones,online,wallet,Sat,M,8.25,22.33,2.7,0.0369
102015,US,tablets,retail,cash,Sun,S,9.1,23.02,3.8,0.0523
102016,US,accessories,retail,card,Sun,L,5.33,23.21,2.3,0.0504
102017,US,laptops,partner,cash,Mon,M,12.37,17.1,2.4,0.0496
102018,US,laptops,online,card,Tue,L,9.57,16.73,3.5,0.0637
102019,EU,laptops,retail,card,Tue,L,5.89,21.83,2.6,0.0438
102020,EU,laptops,partner,card,Tue,L,10.27,22.32,2.9,0.0534
102021,LATAM,laptops,online,card,Thu,M,11.46,20.09,2.7,0.0269
102022,US,phones,online,cash,Fri,M,27.12,8.41,3.2,0.0288
102023,US,phones,partner,card,Tue,S,17.62,18.78,3.1,0.0662
102024,EU,accessories,online,cash,Fri,S,9.79,20.76,4.8,0.069
102025,EU,laptops,online,card,Mon,L,5.51,28.14,3.5,0.056
102026,EU,accessories,online,cash,Wed,S,8.96,20.53,2.9,0.0524
102027,EU,phones,online,card,Fri,M,12.44,20.55,3.5,0.0666
102028,APAC,laptops,partner,card,Mon,S,7.61,24.48,3.1,0.054
102029,APAC,tablets,retail,card,Sat,M,23.67,18.46,3.6,0.066
102030,LATAM,accessories,online,card,Fri,M,12.57,19.29,2.5,0.0577
102031,LATAM,laptops,retail,cash,Thu,L,11.63,18.54,3.4,0.0535
102032,EU,accessories,retail,card,Fri,L,5.8,25.49,2.3,0.0458
102033,EU,laptops,online,cash,Fri,M,9.16,26.28,2.4,0.0422
102034,APAC,laptops,partner,card,Wed,S,11.77,17.02,3.9,0.0472
102035,EU,phones,retail,card,Tue,M,7.37,21.22,2.9,0.046
102036,LATAM,laptops,partner,cash,Mon,L,12.46,15.29,2.7,0.0522
102037,US,laptops,online,card,Thu,M,8.07,13.58,2.3,0.0557
102038,US,tablets,partner,cash,Fri,S,11.26,22.33,3.0,0.0542
102039,US,accessories,retail,card,Wed,L,8.81,19.06,2.3,0.0485
102040,EU,laptops,online,card,Wed,M,14.19,23.24,2.8,0.0543
102041,US,accessories,retail,wallet,Wed,S,6.18,26.45,3.0,0.0407
102042,EU,accessories,online,cash,Mon,S,10.84,19.27,4.6,0.0612
102043,LATAM,phones,online,wallet,Mon,M,7.87,25.0,2.4,0.0458
102044,APAC,tablets,partner,cash,Fri,M,19.82,14.98,2.2,0.0356
102045,APAC,laptops,online,wallet,Thu,S,11.85,17.45,6.8,0.0818
102046,LATAM,laptops,retail,card,Mon,M,4.17,29.01,5.9,0.069
102047,APAC,tablets,partner,wallet,Tue,L,20.9,5.65,2.9,0.0517
102048,LATAM,laptops,online,cash,Mon,S,13.26,21.88,2.6,0.0398
102049,APAC,tablets,retail,card,Thu,S,19.82,14.06,4.8,0.0595
102050,US,accessories,partner,card,Wed,S,7.83,25.16,4.1,0.0551
102051,EU,tablets,retail,cash,Tue,M,20.64,11.46,2.3,0.0579
102052,US,tablets,retail,cash,Thu,L,10.99,17.27,5.3,0.0768
102053,US,laptops,online,wallet,Sat,M,11.63,18.47,2.9,0.0464
102054,APAC,laptops,retail,wallet,Tue,M,10.78,25.09,3.9,0.0428
102055,APAC,phones,online,card,Sat,M,7.19,24.65,6.9,0.0905
102056,US,phones,online,cash,Fri,S,19.84,12.44,4.5,0.0714
102057,EU,tablets,online,card,Thu,M,2.08,21.99,4.2,0.0648
102058,EU,laptops,online,cash,Sat,M,9.96,33.48,3.0,0.0651
102059,APAC,laptops,online,cash,Mon,S,9.25,23.78,5.4,0.0786
102060,APAC,phones,retail,card,Tue,L,7.88,20.19,3.2,0.0592
102061,US,accessories,online,cash,Mon,M,9.98,19.59,2.0,0.0339
102062,EU,phones,online,card,Mon,L,8.26,20.0,2.2,0.0359
102063,EU,laptops,partner,card,Fri,S,7.56,19.61,2.5,0.0419
102064,EU,tablets,partner,cash,Fri,L,7.12,24.25,4.0,0.0688
102065,LATAM,tablets,retail,wallet,Tue,M,6.18,18.96,3.0,0.0422
102066,US,phones,retail,card,Mon,M,14.16,18.32,3.7,0.0555
102067,US,accessories,partner,card,Mon,M,10.55,22.83,2.6,0.0543
102068,APAC,accessories,online,wallet,Fri,S,7.12,16.16,5.1,0.08
102069,EU,laptops,partner,cash,Wed,L,14.23,26.77,4.0,0.0608
102070,US,accessories,online,card,Tue,L,10.13,26.09,2.5,0.0499
102071,US,tablets,online,wallet,Fri,M,8.93,17.84,2.3,0.0459
102072,US,tablets,online,card,Tue,S,9.55,19.22,2.5,0.0464
102073,EU,laptops,retail,cash,Wed,M,9.71,16.05,2.5,0.0459
102074,US,accessories,retail,wallet,Tue,M,8.43,23.33,2.8,0.0569
102075,EU,accessories,online,wallet,Mon,L,7.08,24.93,3.1,0.0509
102076,EU,tablets,retail,wallet,Fri,L,17.63,15.23,3.8,0.056
102077,US,laptops,online,card,Fri,M,14.68,18.62,4.4,0.0642
102078,EU,tablets,retail,cash,Mon,M,21.4,12.52,2.6,0.044
102079,LATAM,accessories,retail,cash,Fri,M,12.1,20.72,4.4,0.0593
102080,APAC,accessories,partner,cash,Thu,S,14.38,13.46,2.7,0.0455
102081,LATAM,phones,online,cash,Sat,S,13.09,19.21,3.9,0.0599
102082,LATAM,laptops,retail,card,Sun,M,7.82,25.95,2.9,0.0573
102083,EU,laptops,retail,card,Mon,M,13.21,16.35,2.8,0.0382
102084,EU,phones,online,card,Tue,S,10.91,22.57,2.3,0.0483
102085,LATAM,laptops,retail,card,Fri,M,8.86,19.15,3.1,0.0516
102086,US,phones,online,cash,Sun,L,23.65,9.96,4.0,0.0582
102087,APAC,accessories,online,cash,Fri,M,10.36,20.69,5.1,0.0722
102088,APAC,phones,retail,card,Fri,S,4.98,20.98,2.5,0.054
102089,EU,phones,online,card,Tue,S,11.58,20.3,2.2,0.0491
102090,US,laptops,online,cash,Sat,L,5.53,25.67,3.5,0.0455
102091,EU,tablets,online,wallet,Sat,M,7.58,22.17,3.3,0.0612
102092,EU,laptops,online,card,Thu,L,7.65,28.21,2.9,0.0502
102093,EU,laptops,online,card,Thu,S,12.15,29.22,2.4,0.0436
102094,EU,phones,online,cash,Wed,M,13.43,20.1,2.1,0.036
102095,EU,laptops,retail,card,Mon,L,9.86,15.47,2.6,0.0418
102096,APAC,laptops,retail,card,Wed,S,5.41,21.92,2.5,0.0447
102097,US,accessories,retail,wallet,Tue,M,8.47,24.74,3.4,0.038
102098,APAC,tablets,online,wallet,Sat,M,16.52,10.68,7.8,0.1012
102099,EU,laptops,partner,wallet,Wed,S,9.65,25.25,2.3,0.0395
102100,EU,tablets,retail,cash,Fri,M,18.32,13.56,2.6,0.0508
102101,US,accessories,retail,wallet,Tue,S,11.65,13.61,3.0,0.0585
102102,EU,laptops,partner,card,Mon,M,12.22,26.28,3.0,0.0446
102103,APAC,phones,online,wallet,Mon,M,10.92,18.63,5.5,0.0841
102104,US,phones,partner,card,Wed,M,19.36,16.31,2.2,0.0491
102105,EU,phones,online,card,Sun,S,5.2,27.41,3.8,0.059
102106,APAC,tablets,retail,card,Sun,S,23.29,13.26,3.2,0.0651
102107,EU,tablets,partner,cash,Mon,M,7.77,18.95,3.6,0.055
102108,APAC,laptops,partner,cash,Sun,L,5.81,21.95,2.2,0.0353
102109,US,phones,retail,cash,Thu,S,16.56,15.64,2.5,0.0407
102110,EU,tablets,retail,card,Thu,S,12.86,20.22,2.4,0.0355
102111,US,tablets,retail,wallet,Tue,L,12.07,18.67,3.4,0.0683
102112,US,tablets,retail,wallet,Fri,M,9.0,22.39,2.6,0.0557
102113,EU,phones,online,cash,Mon,M,13.65,19.05,2.6,0.0441
102114,US,phones,online,wallet,Thu,S,22.39,15.06,4.1,0.0573
102115,US,accessories,online,cash,Fri,S,15.1,15.52,5.0,0.0649
102116,APAC,phones,partner,card,Thu,S,6.42,17.3,4.4,0.0658
102117,EU,laptops,retail,card,Fri,S,10.6,14.88,3.0,0.057
102118,US,tablets,partner,card,Sun,L,11.73,18.98,3.5,0.0563
102119,LATAM,laptops,online,card,Thu,M,9.31,20.66,2.9,0.0433
102120,EU,accessories,online,cash,Thu,L,11.63,13.86,3.4,0.0588
102121,APAC,laptops,online,wallet,Wed,S,10.67,21.18,6.7,0.0869
102122,EU,tablets,retail,card,Sun,S,17.04,16.31,3.7,0.0733
102123,US,phones,retail,cash,Sat,M,18.97,14.43,3.6,0.044
102124,EU,accessories,retail,cash,Thu,M,10.25,22.3,4.0,0.0615
102125,US,laptops,online,card,Fri,L,3.44,24.11,3.7,0.0574
102126,US,tablets,partner,card,Mon,M,10.83,15.52,3.4,0.046
102127,LATAM,laptops,online,card,Mon,M,6.56,17.77,2.5,0.0561
102128,APAC,tablets,retail,card,Mon,M,16.18,18.82,2.7,0.0431
102129,LATAM,phones,retail,card,Mon,M,10.4,13.86,3.2,0.0427
102130,LATAM,laptops,partner,card,Tue,S,9.86,23.58,3.0,0.0597
102131,US,phones,online,wallet,Fri,L,22.66,8.85,5.1,0.072
102132,APAC,phones,online,card,Wed,S,10.77,16.95,7.3,0.1004
102133,APAC,laptops,online,card,Sun,L,4.3,25.56,7.6,0.0932
102134,EU,tablets,retail,cash,Tue,M,17.88,13.05,5.1,0.0809
102135,APAC,phones,partner,cash,Sun,M,10.86,15.4,2.8,0.0552
102136,US,phones,retail,cash,Tue,L,15.69,15.11,3.0,0.0417
102137,EU,laptops,online,wallet,Mon,L,12.39,25.01,3.2,0.0505
102138,US,accessories,online,wallet,Wed,L,8.97,21.72,3.1,0.0484
102139,APAC,tablets,retail,cash,Sat,L,20.06,10.73,3.9,0.0545
102140,APAC,laptops,retail,wallet,Fri,S,6.51,20.95,2.6,0.0494
102141,EU,accessories,partner,cash,Sun,S,9.76,17.67,3.0,0.0481
102142,LATAM,accessories,online,card,Thu,L,9.82,15.93,3.4,0.0483
102143,US,phones,partner,cash,Wed,M,20.69,10.96,2.7,0.0527
102144,APAC,phones,online,cash,Mon,M,14.8,21.22,6.7,0.0704
102145,EU,tablets,retail,card,Fri,M,14.41,16.93,2.6,0.061
102146,US,tablets,retail,cash,Sun,L,13.41,14.05,2.7,0.0478
102147,EU,phones,retail,wallet,Mon,S,11.16,24.12,4.4,0.0789
102148,US,laptops,online,card,Thu,M,14.01,18.86,2.6,0.042
102149,US,phones,online,cash,Mon,S,21.48,14.64,2.4,0.0328
102150,US,accessories,online,card,Mon,M,11.76,19.03,3.7,0.0662
102151,APAC,accessories,retail,wallet,Sat,S,13.42,16.4,2.8,0.0404
102152,US,phones,retail,cash,Sat,S,17.48,16.18,4.1,0.0542
102153,EU,laptops,online,wallet,Sat,M,4.57,30.6,3.3,0.0563
102154,EU,accessories,online,card,Thu,M,7.5,24.54,4.4,0.0782
102155,EU,phones,online,card,Tue,M,8.22,19.71,3.3,0.0586
102156,EU,laptops,online,card,Thu,S,12.66,28.75,2.1,0.0447
102157,LATAM,phones,online,wallet,Tue,M,8.24,23.71,3.2,0.0424
102158,EU,accessories,online,card,Mon,S,7.27,21.11,3.2,0.0502
102159,APAC,laptops,retail,card,Fri,M,11.64,19.94,2.6,0.044
102160,US,phones,online,card,Wed,L,19.94,12.49,3.9,0.0535
102161,APAC,laptops,online,card,Thu,M,10.41,25.85,5.7,0.0742
102162,APAC,accessories,retail,card,Wed,M,10.49,20.92,2.5,0.0343
102163,EU,laptops,partner,cash,Thu,S,8.15,25.66,2.2,0.0461
102164,APAC,accessories,retail,cash,Sun,M,14.57,21.2,4.6,0.0651
102165,US,phones,retail,card,Tue,L,15.64,15.44,3.3,0.0209
102166,LATAM,phones,online,wallet,Sun,L,14.02,19.09,2.8,0.0537
102167,EU,phones,retail,wallet,Thu,M,6.1,21.31,3.2,0.0621
102168,EU,tablets,online,card,Sun,S,11.78,18.43,3.7,0.0597
102169,EU,phones,retail,card,Sat,L,7.71,21.2,4.2,0.0649
102170,APAC,phones,partner,card,Sun,M,7.69,21.15,2.2,0.0488
102171,EU,phones,online,card,Wed,M,7.9,18.58,2.6,0.0418
102172,US,phones,online,card,Fri,S,17.62,14.09,5.5,0.078
102173,US,phones,online,card,Thu,L,24.08,8.1,3.4,0.0632
102174,US,accessories,online,wallet,Sun,L,6.49,21.33,3.8,0.0586
102175,EU,tablets,retail,card,Wed,S,18.82,14.44,3.9,0.0639
102176,APAC,phones,retail,cash,Sun,M,12.03,18.87,3.8,0.0578
102177,US,tablets,online,card,Thu,S,10.41,25.16,3.6,0.0632
102178,EU,phones,retail,wallet,Fri,M,4.89,22.61,3.2,0.0516
102179,US,accessories,partner,cash,Mon,M,7.68,22.64,2.8,0.0458
102180,EU,phones,partner,card,Fri,M,13.95,20.3,3.2,0.0583
102181,APAC,phones,online,cash,Wed,M,4.41,23.73,5.5,0.0803
102182,EU,tablets,partner,cash,Wed,L,6.91,20.02,2.2,0.0469
102183,APAC,phones,retail,wallet,Mon,M,7.48,21.14,3.8,0.047
102184,EU,accessories,partner,card,Wed,S,14.24,13.48,3.7,0.0635
102185,EU,phones,partner,card,Tue,L,10.99,20.79,2.3,0.0394
102186,EU,phones,online,card,Wed,M,10.95,16.69,3.2,0.0483
102187,US,accessories,retail,cash,Wed,S,9.87,18.77,2.6,0.0527
102188,US,tablets,retail,card,Tue,S,6.48,28.45,2.4,0.0453
102189,US,accessories,online,cash,Fri,M,12.31,18.49,3.6,0.0494
102190,US,laptops,retail,card,Sat,L,10.44,16.53,7.3,0.0848
102191,US,laptops,retail,cash,Sun,M,7.62,19.78,5.6,0.0559
102192,EU,tablets,retail,card,Fri,M,21.82,20.8,3.7,0.0496
102193,EU,laptops,retail,card,Mon,L,8.16,15.72,5.7,0.072
102194,EU,accessories,retail,cash,Thu,S,5.84,28.14,5.2,0.079
102195,EU,phones,retail,card,Thu,L,11.3,28.05,2.3,0.0414
102196,US,accessories,online,wallet,Thu,M,8.56,20.5,3.6,0.0672
102197,LATAM,tablets,partner,card,Sun,M,8.13,17.65,2.7,0.0407
102198,LATAM,laptops,retail,wallet,Wed,L,11.99,19.27,2.1,0.0364
102199,LATAM,phones,partner,card,Sun,L,6.78,23.49,3.3,0.0417
102200,EU,phones,retail,card,Sat,M,7.87,20.07,3.3,0.0549
102201,APAC,phones,online,wallet,Fri,S,13.94,24.52,6.9,0.1103
102202,EU,laptops,retail,cash,Wed,L,13.86,15.47,2.6,0.0346
102203,APAC,accessories,retail,cash,Thu,L,16.12,14.0,5.2,0.066
102204,APAC,phones,online,wallet,Thu,M,14.3,18.45,5.7,0.0796
102205,US,tablets,online,card,Tue,M,7.55,21.36,4.0,0.0771
102206,LATAM,phones,online,card,Sun,M,8.62,22.63,2.6,0.0423
102207,US,phones,online,wallet,Fri,M,19.26,14.26,3.9,0.0654
102208,US,tablets,retail,card,Thu,M,13.49,9.84,4.2,0.0563
102209,EU,laptops,retail,card,Mon,L,9.26,16.24,2.9,0.0354
102210,APAC,accessories,online,card,Sat,S,11.51,15.23,5.7,0.074
102211,US,tablets,online,card,Mon,L,16.95,14.09,2.6,0.038
102212,US,laptops,retail,card,Mon,L,9.42,18.42,6.0,0.0783
102213,US,tablets,retail,card,Fri,S,8.1,19.46,2.8,0.0446
102214,APAC,phones,online,wallet,Mon,M,8.95,20.23,5.9,0.0772
102215,EU,accessories,online,wallet,Mon,L,8.04,19.34,3.2,0.0504
102216,US,phones,retail,cash,Tue,M,20.83,13.1,4.9,0.0716
102217,EU,tablets,online,wallet,Fri,M,4.31,26.35,3.6,0.0343
102218,EU,laptops,online,card,Thu,L,14.15,25.63,4.6,0.06
102219,EU,phones,online,card,Fri,S,7.4,17.75,3.9,0.0521
102220,US,laptops,online,wallet,Sun,S,11.68,21.3,3.6,0.0598
102221,LATAM,accessories,retail,wallet,Wed,S,10.02,24.08,2.7,0.0496
102222,EU,laptops,online,card,Wed,S,11.29,33.95,5.0,0.0755
102223,EU,tablets,retail,card,Sun,M,16.59,18.55,2.6,0.0523
102224,US,tablets,online,cash,Tue,M,15.35,16.26,2.7,0.0424
102225,EU,laptops,retail,cash,Sat,M,11.76,15.26,5.1,0.0617
102226,US,phones,retail,card,Sat,M,20.16,10.96,2.3,0.0363
102227,US,accessories,online,cash,Mon,L,8.41,20.05,2.8,0.0406
102228,EU,phones,online,card,Fri,M,11.71,22.44,2.5,0.0367
102229,APAC,laptops,retail,card,Tue,L,11.55,24.02,3.1,0.0588
102230,US,accessories,online,card,Thu,L,4.87,25.91,5.4,0.0836
102231,US,tablets,partner,cash,Thu,L,8.79,20.76,3.0,0.0468
102232,EU,tablets,online,card,Fri,M,9.56,22.5,2.2,0.0507
102233,LATAM,laptops,online,card,Sun,L,10.75,16.06,5.0,0.0628
102234,EU,phones,online,wallet,Tue,L,10.31,20.32,3.4,0.0402
102235,US,laptops,partner,card,Fri,S,12.85,17.55,6.4,0.0655
102236,EU,tablets,online,card,Thu,M,17.62,14.98,4.0,0.0652
102237,EU,laptops,partner,cash,Thu,S,15.4,19.68,2.9,0.0478
102238,EU,accessories,retail,wallet,Thu,M,10.04,17.27,2.3,0.0218
102239,US,laptops,retail,card,Thu,M,13.09,22.69,5.2,0.0788
102240,EU,tablets,retail,cash,Mon,L,20.92,17.79,3.1,0.0559
102241,US,phones,online,card,Tue,L,19.82,12.06,3.4,0.0407
102242,US,accessories,retail,card,Thu,L,10.66,21.38,3.4,0.0634
102243,EU,tablets,online,card,Tue,L,5.54,27.46,3.4,0.0636
102244,APAC,phones,partner,card,Sat,M,12.29,12.43,4.2,0.0701
102245,EU,phones,online,card,Wed,L,14.83,21.18,5.6,0.0729
102246,US,phones,online,cash,Fri,M,21.51,15.15,2.3,0.0395
102247,APAC,tablets,online,cash,Sun,M,17.5,15.47,5.8,0.0734
102248,US,phones,online,card,Wed,S,21.32,17.23,3.8,0.0513
102249,EU,tablets,retail,card,Sat,L,14.9,21.33,2.6,0.0593
102250,EU,laptops,online,cash,Sat,M,8.04,27.27,2.4,0.0537
102251,EU,tablets,online,cash,Sat,M,9.36,20.1,5.7,0.0717
102252,EU,accessories,online,wallet,Wed,M,10.57,20.38,3.2,0.0377
102253,US,tablets,retail,wallet,Tue,L,4.8,20.29,2.6,0.0601
102254,LATAM,laptops,partner,card,Wed,L,15.3,19.4,3.2,0.0527
102255,US,tablets,partner,card,Tue,L,4.14,25.69,5.8,0.0762
102256,APAC,tablets,retail,wallet,Mon,M,17.57,15.72,2.7,0.057
102257,EU,laptops,online,card,Wed,L,14.16,27.23,2.9,0.0552
102258,LATAM,accessories,online,wallet,Mon,S,10.84,16.97,3.5,0.0577
102259,US,tablets,retail,card,Wed,L,12.04,22.6,2.8,0.0476
102260,EU,tablets,online,wallet,Sat,S,11.9,23.21,4.2,0.0652
102261,EU,laptops,retail,card,Tue,M,16.57,17.14,5.0,0.0729
102262,EU,laptops,partner,card,Mon,L,7.63,26.8,5.7,0.0841
102263,EU,phones,retail,wallet,Tue,M,9.54,20.62,3.6,0.0789
102264,LATAM,accessories,online,cash,Mon,S,9.52,21.72,4.9,0.0668
102265,APAC,phones,online,wallet,Sun,M,5.07,24.42,5.3,0.0719
102266,EU,tablets,partner,card,Wed,S,13.66,18.78,4.1,0.0599
102267,US,laptops,online,cash,Thu,S,14.1,9.85,3.7,0.0623
102268,US,accessories,online,cash,Thu,M,12.36,20.08,2.1,0.0516
102269,EU,accessories,retail,card,Tue,S,4.85,24.64,3.1,0.0567
102270,LATAM,laptops,online,card,Thu,L,11.26,22.74,4.2,0.0681
102271,EU,phones,online,card,Thu,S,13.45,15.71,2.8,0.0447
102272,US,phones,partner,card,Wed,L,16.7,19.94,3.0,0.0554
102273,US,accessories,retail,card,Mon,S,11.4,15.35,3.7,0.0657
102274,US,phones,online,cash,Sun,M,20.65,14.76,2.6,0.0384
102275,LATAM,phones,online,wallet,Mon,S,11.2,20.22,3.8,0.0563
102276,APAC,laptops,retail,wallet,Thu,S,12.93,20.61,6.3,0.0703
102277,EU,laptops,retail,card,Mon,S,8.97,16.65,4.7,0.0673
102278,APAC,phones,online,card,Mon,M,8.92,21.84,6.7,0.0861
102279,US,phones,retail,card,Thu,M,18.84,15.7,3.7,0.0578
102280,EU,tablets,online,wallet,Fri,L,5.29,27.49,2.9,0.0403
102281,US,tablets,online,card,Thu,L,10.52,16.54,3.6,0.0548
102282,EU,tablets,online,cash,Mon,L,10.54,18.22,5.0,0.0563
102283,APAC,phones,online,card,Sat,M,7.93,20.06,8.3,0.1066
102284,EU,accessories,online,wallet,Wed,S,9.4,23.27,3.2,0.0538
102285,EU,laptops,retail,card,Tue,M,9.19,16.56,3.3,0.0539
102286,APAC,accessories,retail,card,Tue,M,10.15,16.05,3.9,0.0451
102287,EU,laptops,online,card,Fri,M,10.7,23.41,3.0,0.0629
102288,APAC,phones,retail,card,Mon,L,8.07,18.9,2.3,0.0315
102289,APAC,laptops,online,cash,Tue,S,14.8,8.79,6.3,0.0731
102290,APAC,phones,partner,card,Mon,S,10.99,19.03,2.2,0.0533
102291,LATAM,laptops,online,wallet,Thu,S,10.97,19.01,3.6,0.0662
102292,EU,tablets,online,cash,Fri,S,8.47,21.12,3.2,0.0679
102293,US,phones,online,card,Wed,M,19.12,18.9,3.3,0.0573
102294,US,tablets,retail,card,Thu,M,10.75,17.36,2.5,0.0599
102295,EU,tablets,online,card,Wed,M,12.42,17.67,2.9,0.0542
102296,LATAM,phones,partner,card,Sat,M,7.42,23.49,2.9,0.0607
102297,APAC,laptops,online,card,Mon,M,14.43,15.01,5.1,0.0778
102298,APAC,laptops,retail,wallet,Sun,M,7.4,20.0,2.7,0.0557
102299,US,accessories,partner,cash,Sat,M,15.33,16.19,4.6,0.0627
102300,US,phones,online,card,Sat,S,16.46,17.41,2.9,0.0487
102301,EU,laptops,online,card,Thu,S,8.31,36.25,3.1,0.0481
102302,EU,tablets,partner,card,Tue,M,8.22,21.3,5.0,0.078
102303,EU,tablets,partner,cash,Sun,M,11.73,17.74,4.8,0.0738
102304,EU,accessories,retail,cash,Thu,L,10.84,19.11,5.0,0.0821
102305,US,laptops,online,cash,Sun,S,14.28,17.54,2.7,0.0445
102306,EU,laptops,online,card,Sat,S,9.99,25.56,3.5,0.0371
102307,LATAM,phones,online,cash,Fri,L,13.66,21.53,3.1,0.0644
102308,EU,laptops,online,card,Wed,S,8.4,32.15,3.4,0.0507
102309,EU,accessories,online,wallet,Fri,M,10.26,22.82,3.6,0.0575
102310,APAC,tablets,retail,card,Sun,L,15.79,15.28,5.3,0.0648
102311,US,accessories,partner,cash,Mon,M,17.69,15.93,4.6,0.0626
102312,US,phones,online,card,Tue,S,19.17,14.8,2.4,0.0541
102313,APAC,tablets,retail,wallet,Thu,M,17.44,13.84,4.6,0.0505
102314,US,accessories,online,cash,Thu,S,9.33,22.48,2.7,0.0385
102315,EU,accessories,retail,cash,Mon,L,10.19,17.71,4.3,0.0628
102316,LATAM,accessories,online,card,Wed,M,8.21,26.37,3.5,0.0436
102317,APAC,laptops,partner,card,Mon,L,8.15,23.42,2.1,0.0339
102318,APAC,laptops,retail,card,Wed,L,10.15,20.99,5.1,0.0648
102319,EU,laptops,online,wallet,Sun,S,4.86,38.14,2.9,0.039
102320,US,tablets,partner,cash,Wed,S,5.74,18.57,2.1,0.0567
102321,EU,tablets,retail,card,Thu,M,21.54,11.63,3.2,0.0512
102322,EU,phones,retail,wallet,Mon,M,11.17,21.4,3.5,0.0484
102323,LATAM,laptops,online,cash,Thu,L,10.37,16.01,3.9,0.0649
102324,US,tablets,online,cash,Mon,M,6.96,25.49,4.1,0.0534
102325,EU,tablets,online,card,Tue,M,12.12,20.93,2.6,0.0438
102326,APAC,phones,online,card,Sat,S,12.76,23.9,5.1,0.0777
102327,US,accessories,retail,card,Sun,M,11.79,22.11,5.0,0.0666
102328,APAC,laptops,retail,cash,Tue,L,14.43,17.24,2.3,0.0374
102329,EU,tablets,online,card,Fri,S,10.57,23.7,3.0,0.0697
102330,US,laptops,online,card,Mon,S,11.48,15.93,2.5,0.0476
102331,US,phones,online,wallet,Fri,M,19.33,13.58,3.3,0.0364
102332,EU,laptops,retail,card,Fri,M,8.47,20.35,2.8,0.0539
102333,EU,laptops,retail,cash,Sun,L,10.25,16.08,2.9,0.0568
102334,APAC,tablets,online,card,Wed,S,21.35,6.46,5.9,0.0656
102335,APAC,accessories,retail,wallet,Tue,L,8.32,24.97,2.5,0.0398
102336,US,phones,retail,card,Thu,M,17.68,14.72,2.2,0.042
102337,EU,accessories,online,cash,Fri,M,12.32,19.95,3.4,0.0551
102338,US,phones,online,cash,Mon,L,18.65,20.19,3.1,0.0544
102339,US,phones,partner,card,Mon,M,20.97,14.43,6.9,0.0918
102340,EU,tablets,online,card,Mon,M,7.86,25.33,2.5,0.0308
102341,US,accessories,retail,cash,Sun,S,9.97,20.85,3.3,0.0563
102342,APAC,tablets,online,wallet,Mon,M,18.05,10.93,7.0,0.078
102343,LATAM,tablets,retail,cash,Sat,M,9.66,23.39,3.1,0.0624
102344,APAC,accessories,online,card,Mon,S,7.91,22.47,5.7,0.0767
102345,EU,laptops,online,wallet,Wed,L,14.12,29.92,3.1,0.0493
102346,EU,phones,retail,cash,Wed,S,10.63,20.76,2.5,0.0535
102347,EU,phones,retail,card,Mon,M,9.01,16.88,3.0,0.0497
102348,EU,phones,online,card,Tue,M,14.09,21.15,4.8,0.0794
102349,US,phones,online,cash,Sun,S,16.62,8.62,4.4,0.064
102350,EU,phones,online,wallet,Tue,M,8.48,20.08,3.2,0.0457
102351,EU,phones,online,cash,Thu,S,12.19,19.35,2.9,0.0483
102352,US,phones,online,card,Thu,S,20.06,16.01,6.3,0.0716
102353,LATAM,tablets,online,cash,Tue,L,10.95,21.2,3.8,0.0723
102354,APAC,tablets,retail,wallet,Tue,L,20.48,15.62,4.0,0.0467
102355,EU,tablets,retail,card,Tue,L,19.7,21.4,3.1,0.0492
102356,EU,phones,partner,cash,Fri,L,7.82,18.08,3.6,0.0508
102357,EU,phones,retail,cash,Sat,S,14.42,22.59,2.5,0.0488
102358,US,laptops,online,card,Tue,S,14.14,18.68,3.2,0.0507
102359,LATAM,phones,online,cash,Wed,S,13.01,19.73,3.6,0.0658
102360,EU,phones,retail,card,Sun,M,7.85,17.84,2.3,0.0432
102361,APAC,phones,online,cash,Fri,L,8.56,20.27,6.1,0.0821
102362,US,phones,online,wallet,Thu,L,22.8,10.76,2.8,0.0435
102363,US,tablets,online,cash,Wed,M,8.3,19.01,2.9,0.0514
102364,APAC,tablets,retail,card,Thu,S,18.17,14.63,2.1,0.0425
102365,EU,laptops,online,card,Sat,S,9.77,24.91,3.1,0.0422
102366,EU,phones,online,card,Tue,M,9.0,20.1,6.0,0.0884
102367,APAC,accessories,online,card,Sat,S,10.5,20.51,7.9,0.0963
102368,EU,laptops,retail,wallet,Sun,S,4.0,21.45,2.1,0.0296
102369,EU,tablets,retail,card,Fri,L,16.87,16.1,3.2,0.055
102370,US,phones,online,wallet,Thu,M,13.32,17.41,2.1,0.04
102371,US,phones,retail,cash,Sat,M,18.75,11.37,3.4,0.0435
102372,EU,phones,retail,cash,Sat,S,11.39,19.85,4.2,0.0661
102373,EU,tablets,retail,wallet,Thu,S,16.87,15.95,4.1,0.0582
102374,APAC,phones,online,cash,Fri,M,10.68,24.59,6.0,0.0811
102375,US,tablets,retail,card,Mon,S,11.41,21.28,2.2,0.0352
102376,EU,laptops,partner,cash,Mon,M,12.06,21.23,2.7,0.0544
102377,APAC,laptops,partner,wallet,Thu,S,10.3,16.86,3.8,0.0632
102378,APAC,accessories,online,card,Wed,M,10.89,19.38,7.1,0.0812
102379,APAC,tablets,retail,card,Sun,M,23.42,15.5,4.9,0.074
102380,LATAM,phones,online,card,Sat,L,10.06,16.57,2.5,0.0381
102381,EU,phones,retail,cash,Thu,M,12.72,24.14,2.7,0.0423
102382,US,laptops,partner,cash,Thu,L,9.32,16.21,4.5,0.073
102383,APAC,phones,online,card,Wed,M,8.05,15.98,5.8,0.0796
102384,LATAM,accessories,online,wallet,Sun,S,9.44,19.16,3.4,0.0504
102385,EU,phones,retail,card,Tue,S,16.13,21.63,2.7,0.0394
102386,APAC,phones,partner,card,Mon,S,3.64,19.36,2.4,0.0522
102387,EU,laptops,partner,cash,Wed,S,11.25,25.84,4.7,0.0671
102388,US,phones,online,wallet,Sun,M,16.31,10.16,3.0,0.0448
102389,APAC,tablets,online,card,Thu,S,15.86,15.09,5.5,0.0711
102390,APAC,tablets,partner,cash,Tue,M,15.28,18.05,4.8,0.0662
102391,EU,laptops,retail,card,Sat,M,10.47,19.07,3.4,0.067
102392,EU,phones,retail,card,Wed,M,10.97,18.93,3.3,0.0519
102393,LATAM,tablets,online,card,Sun,S,8.23,17.66,2.9,0.0447
102394,US,laptops,partner,card,Sat,M,14.3,18.9,3.6,0.0654
102395,US,laptops,retail,card,Tue,M,4.93,19.81,7.3,0.0772
102396,EU,accessories,retail,wallet,Tue,M,12.7,24.9,2.7,0.0487
102397,US,phones,partner,wallet,Sun,L,17.29,14.28,3.2,0.0585
102398,EU,laptops,retail,wallet,Sun,M,9.57,19.53,2.9,0.0511
102399,EU,tablets,retail,card,Fri,L,20.07,20.25,4.4,0.0568
102400,EU,phones,retail,card,Tue,S,10.05,25.96,3.1,0.0509
102401,US,laptops,retail,wallet,Thu,M,8.73,24.78,5.8,0.0882
102402,US,accessories,retail,wallet,Thu,M,4.86,20.59,3.1,0.0373
102403,US,phones,online,cash,Sun,L,18.14,18.09,2.8,0.0489
102404,EU,tablets,online,cash,Sun,M,9.78,20.83,3.4,0.0599
102405,US,laptops,retail,card,Sat,L,2.45,28.26,6.8,0.0595
102406,APAC,phones,online,wallet,Tue,S,10.91,15.64,6.1,0.0665
102407,LATAM,phones,retail,card,Wed,S,14.09,16.04,2.2,0.0467
102408,APAC,phones,retail,cash,Fri,L,5.71,23.95,3.0,0.0422
102409,EU,accessories,retail,cash,Sun,M,13.57,20.45,3.5,0.0535
102410,US,phones,online,card,Mon,S,17.1,12.49,3.0,0.0499
102411,APAC,phones,online,wallet,Sat,L,10.12,16.97,6.1,0.0766
102412,EU,tablets,online,card,Mon,S,7.74,19.64,2.4,0.0378
102413,US,phones,online,cash,Mon,S,13.36,19.78,4.1,0.0582
102414,APAC,laptops,partner,cash,Thu,M,4.77,21.62,2.5,0.0684
102415,APAC,tablets,online,card,Sun,L,23.75,11.39,6.0,0.0675
102416,APAC,accessories,online,cash,Tue,S,7.4,27.9,5.1,0.0751
102417,EU,laptops,retail,cash,Tue,S,16.0,15.61,5.5,0.0639
102418,EU,laptops,partner,cash,Tue,M,7.49,25.34,2.4,0.0457
102419,APAC,tablets,online,wallet,Fri,S,18.08,9.3,5.7,0.0758
102420,US,accessories,retail,cash,Mon,L,11.96,26.87,2.4,0.0379
102421,EU,phones,online,cash,Wed,S,6.7,26.14,2.6,0.0405
102422,EU,tablets,partner,cash,Fri,L,12.8,16.74,2.4,0.0533
102423,EU,phones,online,cash,Sun,S,12.79,25.63,2.7,0.0581
102424,US,tablets,online,card,Sun,L,13.81,16.89,3.5,0.0585
102425,US,phones,online,card,Mon,L,19.0,16.27,3.3,0.0503
102426,APAC,phones,online,card,Thu,S,11.23,28.56,5.9,0.0805
102427,EU,phones,online,cash,Thu,L,7.08,17.47,5.2,0.0718
102428,US,accessories,retail,wallet,Thu,S,14.78,17.33,4.6,0.0611
102429,EU,phones,online,card,Wed,M,12.95,21.6,4.2,0.071
102430,APAC,laptops,online,card,Fri,S,8.66,25.99,7.1,0.0834
102431,EU,laptops,partner,card,Thu,S,15.22,23.45,3.9,0.0642
102432,EU,laptops,online,cash,Tue,L,7.92,33.32,2.6,0.0526
102433,APAC,laptops,online,cash,Mon,L,12.43,19.05,8.2,0.0964
102434,EU,tablets,retail,wallet,Sun,M,21.92,16.96,4.6,0.0714
102435,US,tablets,online,wallet,Sat,L,12.37,16.76,3.7,0.0584
102436,EU,tablets,online,card,Sat,S,6.31,23.54,2.5,0.0458
102437,EU,tablets,retail,cash,Thu,M,15.14,22.13,2.8,0.0397
102438,US,laptops,retail,wallet,Sat,M,10.06,19.85,8.1,0.0877
102439,EU,laptops,online,card,Mon,S,10.78,26.68,2.3,0.0442
102440,US,laptops,online,card,Sun,M,12.3,15.78,3.9,0.0586
102441,EU,phones,partner,cash,Thu,M,9.62,14.39,2.7,0.0479
102442,US,laptops,retail,card,Mon,M,1.43,30.85,8.6,0.1096
102443,EU,laptops,online,wallet,Wed,S,7.26,31.85,4.6,0.0559
102444,US,phones,online,cash,Mon,L,19.3,10.39,3.7,0.0642
102445,US,phones,retail,wallet,Sun,S,13.17,15.96,2.6,0.0509
102446,APAC,laptops,retail,card,Tue,M,9.2,20.75,4.2,0.0676
102447,APAC,phones,online,card,Wed,S,17.43,18.02,5.8,0.0764
102448,EU,tablets,partner,card,Wed,S,9.76,19.79,3.3,0.0523
102449,US,tablets,online,card,Wed,S,7.8,17.62,2.4,0.02
102450,APAC,phones,retail,wallet,Sat,S,12.03,16.11,4.8,0.0702
102451,APAC,tablets,online,wallet,Sun,S,15.81,15.71,5.2,0.0742
102452,EU,phones,online,cash,Mon,S,9.01,19.2,4.5,0.0654
102453,EU,tablets,partner,cash,Sun,M,10.13,23.49,3.3,0.0561
102454,US,phones,online,cash,Fri,S,13.13,23.94,3.9,0.0529
102455,US,tablets,online,card,Tue,L,11.79,21.16,3.9,0.0596
102456,EU,laptops,online,wallet,Mon,L,9.98,29.17,2.8,0.0483
102457,EU,phones,online,cash,Mon,S,10.01,23.4,2.4,0.0328
102458,EU,accessories,retail,cash,Wed,M,8.65,23.56,4.6,0.0715
102459,APAC,laptops,online,cash,Fri,L,12.1,17.06,7.3,0.0801
102460,EU,phones,online,card,Mon,M,9.63,18.86,3.7,0.0618
102461,APAC,phones,online,cash,Thu,M,6.43,26.59,5.9,0.069
102462,APAC,tablets,retail,wallet,Fri,L,19.86,16.13,3.6,0.0452
102463,EU,tablets,partner,card,Fri,L,10.29,22.41,4.3,0.0646
102464,APAC,accessories,partner,cash,Mon,S,6.7,20.84,3.0,0.0414
102465,EU,phones,retail,cash,Sun,S,8.96,18.9,4.1,0.0758
102466,US,tablets,online,cash,Sat,S,14.77,22.29,2.7,0.0594
102467,EU,laptops,partner,wallet,Tue,L,7.04,24.15,4.0,0.0621
102468,EU,laptops,online,card,Thu,M,10.2,23.52,2.4,0.0404
102469,EU,phones,retail,wallet,Tue,M,10.3,18.28,2.4,0.0404
102470,APAC,laptops,online,wallet,Fri,S,6.66,26.16,5.8,0.0649
102471,APAC,tablets,online,card,Sun,M,14.72,20.17,5.7,0.0854
102472,EU,accessories,partner,card,Sat,S,11.77,17.55,3.3,0.0558
102473,EU,phones,online,card,Fri,L,9.95,19.93,2.6,0.044
102474,LATAM,laptops,online,card,Mon,M,8.26,20.1,3.7,0.0561
102475,EU,phones,online,card,Wed,L,8.68,14.6,2.9,0.0465
102476,US,tablets,retail,cash,Thu,M,7.33,21.41,5.2,0.0843
102477,US,tablets,online,wallet,Fri,S,16.89,17.67,2.8,0.0612
102478,APAC,phones,online,card,Sun,L,9.87,18.75,6.3,0.0766
102479,EU,tablets,retail,cash,Mon,M,16.36,16.16,2.5,0.0366
102480,EU,phones,online,wallet,Sun,M,8.0,18.3,4.7,0.0737
102481,EU,tablets,online,card,Thu,M,11.01,21.28,2.4,0.0414
102482,APAC,laptops,retail,cash,Sat,S,6.11,20.78,3.9,0.0473
102483,APAC,phones,online,cash,Tue,S,7.48,18.51,6.5,0.0844
102484,APAC,accessories,online,wallet,Thu,M,8.89,22.33,7.5,0.0842
102485,US,laptops,online,card,Mon,L,6.36,23.34,4.7,0.073
102486,EU,laptops,retail,wallet,Tue,M,8.26,17.53,3.9,0.0542
102487,APAC,phones,online,card,Wed,S,12.83,21.28,6.5,0.0941
102488,EU,phones,online,wallet,Mon,M,9.7,26.29,4.3,0.0574
102489,EU,phones,online,card,Thu,S,9.36,26.43,2.8,0.0428
102490,EU,phones,online,card,Wed,M,9.35,21.56,2.2,0.0512
102491,US,phones,retail,card,Tue,M,23.37,7.27,3.5,0.0523
102492,APAC,tablets,online,card,Fri,S,15.77,17.25,6.6,0.0896
102493,LATAM,tablets,partner,wallet,Mon,S,6.6,23.56,3.4,0.046
102494,US,accessories,retail,cash,Sat,M,8.16,20.57,2.4,0.0429
102495,EU,laptops,retail,cash,Sat,L,6.28,19.61,2.6,0.0487
102496,APAC,phones,retail,card,Thu,S,12.43,18.85,4.0,0.0635
102497,EU,phones,online,wallet,Sat,L,12.43,19.56,2.3,0.0502
102498,EU,tablets,online,card,Sun,M,7.96,23.18,3.1,0.047
102499,EU,laptops,online,card,Wed,M,10.53,36.67,4.4,0.0696
102500,APAC,tablets,retail,wallet,Sat,S,20.07,7.1,4.8,0.0759
102501,US,laptops,online,wallet,Mon,L,10.03,15.32,4.4,0.0588
102502,APAC,phones,retail,cash,Tue,L,4.86,23.13,5.2,0.0954
102503,US,phones,online,card,Wed,L,23.68,8.7,2.7,0.0334
102504,US,tablets,retail,cash,Tue,S,7.63,25.17,3.4,0.0491
102505,APAC,accessories,online,cash,Fri,L,6.38,20.27,6.3,0.0633
102506,EU,laptops,retail,card,Wed,L,1.21,26.22,3.0,0.0498
102507,EU,tablets,retail,wallet,Mon,M,23.71,12.54,2.7,0.0483
102508,LATAM,accessories,partner,card,Tue,M,10.14,21.41,3.4,0.0597
102509,US,accessories,partner,card,Mon,S,8.52,19.68,2.6,0.0372
102510,US,laptops,retail,cash,Mon,L,11.69,18.18,5.5,0.0848
102511,US,phones,online,card,Mon,M,15.58,19.08,2.2,0.0325
102512,APAC,tablets,retail,cash,Mon,M,20.75,8.3,2.5,0.039
102513,APAC,laptops,online,card,Thu,L,11.34,20.76,5.5,0.0654
102514,US,laptops,retail,card,Thu,S,8.5,19.59,6.0,0.0777
102515,US,phones,partner,card,Wed,M,16.84,9.63,3.5,0.0352
102516,EU,tablets,online,card,Sun,M,7.74,24.91,3.1,0.0414
102517,US,phones,online,cash,Sat,M,16.94,17.87,2.7,0.0564
102518,APAC,tablets,retail,card,Wed,L,22.53,8.39,4.8,0.0733
102519,LATAM,laptops,partner,cash,Fri,L,13.76,17.7,3.0,0.0569
102520,EU,tablets,online,card,Thu,L,12.23,21.56,3.0,0.0613
102521,EU,phones,retail,card,Fri,S,6.52,19.29,4.3,0.0666
102522,EU,accessories,online,card,Mon,M,9.73,18.09,3.4,0.0626
102523,EU,phones,partner,cash,Mon,M,7.05,23.01,2.8,0.0344
102524,EU,tablets,online,card,Fri,M,9.61,19.31,3.3,0.0497
102525,EU,accessories,online,card,Wed,M,10.36,18.55,2.6,0.0478
102526,US,tablets,online,cash,Sun,M,13.43,16.24,3.0,0.0522
102527,EU,laptops,online,card,Fri,S,12.47,27.37,3.6,0.0707
102528,APAC,laptops,online,card,Sun,S,11.68,17.2,6.7,0.0846
102529,EU,phones,online,card,Wed,M,8.97,21.57,2.5,0.0381
102530,LATAM,tablets,partner,wallet,Fri,S,15.61,17.77,3.5,0.0614
102531,EU,phones,online,card,Wed,L,8.56,18.05,4.6,0.0788
102532,APAC,tablets,online,wallet,Sun,S,19.73,11.05,5.3,0.0714
102533,APAC,phones,retail,cash,Mon,M,10.52,14.75,3.3,0.0453
102534,APAC,tablets,retail,card,Mon,L,16.97,15.63,3.6,0.0589
102535,US,tablets,online,card,Mon,L,11.34,24.53,6.1,0.0801
102536,EU,phones,retail,card,Wed,S,11.39,16.84,4.2,0.0585
102537,US,laptops,online,cash,Sun,L,7.15,19.18,2.9,0.0332
102538,EU,tablets,partner,card,Wed,M,11.84,24.6,4.7,0.0595
102539,US,tablets,partner,card,Fri,S,14.74,17.45,3.1,0.0511
102540,US,phones,retail,card,Thu,S,20.25,14.59,3.7,0.0652
102541,EU,phones,online,cash,Fri,M,8.47,19.32,3.4,0.0391
102542,APAC,laptops,retail,card,Sun,M,15.52,16.91,3.7,0.0692
102543,US,laptops,online,cash,Sun,L,12.31,18.58,2.8,0.0432
102544,US,tablets,online,cash,Thu,M,12.54,16.86,4.3,0.0546
102545,APAC,phones,partner,card,Sun,M,11.97,15.53,3.8,0.0683
102546,APAC,tablets,partner,wallet,Thu,M,18.71,6.86,4.1,0.064
102547,EU,phones,online,cash,Thu,M,6.45,22.15,2.3,0.0385
102548,EU,phones,online,cash,Tue,M,8.63,15.41,2.8,0.0372
102549,EU,accessories,online,wallet,Wed,L,8.99,22.36,2.1,0.0375
102550,LATAM,phones,retail,wallet,Wed,L,9.82,21.76,2.5,0.0587
102551,US,phones,online,card,Wed,M,18.97,13.34,2.9,0.052
102552,APAC,phones,partner,cash,Tue,M,11.79,21.25,2.5,0.0333
102553,EU,tablets,online,cash,Fri,M,10.42,17.93,2.8,0.0416
102554,LATAM,laptops,online,cash,Mon,M,7.22,19.13,3.9,0.0648
102555,EU,laptops,retail,card,Mon,M,7.91,18.47,2.9,0.0522
102556,APAC,laptops,retail,cash,Sat,L,9.96,19.53,2.6,0.0549
102557,EU,accessories,partner,card,Wed,L,6.8,22.56,3.0,0.0616
102558,APAC,phones,retail,card,Wed,S,5.44,24.01,2.2,0.0548
102559,US,phones,retail,card,Fri,M,16.32,17.64,2.5,0.0454
102560,US,phones,online,cash,Sat,M,17.14,20.24,4.6,0.0684
102561,US,phones,online,card,Fri,S,25.02,10.89,2.3,0.0154
102562,EU,laptops,online,card,Wed,M,7.31,32.52,3.4,0.0596
102563,US,laptops,online,wallet,Fri,S,9.39,23.15,3.2,0.058
102564,EU,accessories,retail,wallet,Fri,L,10.12,26.47,2.3,0.0524
102565,APAC,laptops,online,cash,Mon,S,11.73,16.03,8.3,0.0976
102566,US,tablets,partner,card,Sat,M,11.36,20.36,3.5,0.0481
102567,EU,tablets,online,wallet,Sat,S,11.51,15.65,4.7,0.0632
102568,US,laptops,partner,wallet,Fri,M,9.82,22.65,3.1,0.0528
102569,US,laptops,online,cash,Tue,L,10.81,17.69,4.6,0.055
102570,EU,accessories,retail,card,Fri,M,7.52,25.44,2.3,0.0448
102571,US,phones,online,card,Fri,L,24.9,8.45,2.5,0.0549
102572,APAC,laptops,online,card,Mon,M,12.06,17.17,5.4,0.0687
102573,US,laptops,online,card,Sun,M,7.63,27.47,4.9,0.0795
102574,LATAM,laptops,online,cash,Tue,M,10.0,21.16,4.0,0.0655
102575,APAC,tablets,retail,cash,Fri,M,19.22,16.02,7.3,0.1005
102576,APAC,laptops,partner,card,Sat,L,10.05,25.57,3.0,0.0487
102577,EU,tablets,online,cash,Sun,L,9.29,23.34,3.7,0.0529
102578,US,laptops,online,cash,Wed,L,9.13,23.71,2.2,0.0512
102579,EU,laptops,retail,cash,Wed,L,5.53,22.55,2.6,0.0466
102580,EU,phones,retail,card,Fri,L,2.71,17.44,2.8,0.0443
102581,EU,tablets,online,card,Mon,M,7.6,24.55,3.6,0.0561
102582,US,tablets,online,cash,Sat,M,12.25,9.87,3.8,0.0663
102583,US,laptops,online,cash,Fri,M,9.74,20.98,2.1,0.0449
102584,US,laptops,retail,wallet,Sun,M,12.41,15.4,6.0,0.0865
102585,US,laptops,retail,card,Fri,S,4.0,19.97,5.9,0.0814
102586,LATAM,laptops,online,cash,Wed,S,9.37,20.87,2.4,0.0409
102587,US,phones,retail,wallet,Mon,S,21.04,9.39,3.4,0.0543
102588,LATAM,laptops,partner,wallet,Sun,M,7.24,19.19,2.2,0.0326
102589,LATAM,accessories,online,wallet,Sun,M,7.8,21.14,5.3,0.0738
102590,US,accessories,retail,cash,Sat,L,8.53,18.25,3.3,0.0547
102591,LATAM,phones,online,cash,Sat,S,9.07,16.92,2.6,0.0615
102592,LATAM,accessories,online,cash,Mon,S,9.79,14.25,3.2,0.058
102593,APAC,phones,retail,card,Tue,M,6.28,23.23,4.7,0.065
102594,APAC,laptops,retail,card,Sun,M,5.05,24.2,2.8,0.0543
102595,EU,accessories,online,card,Sat,L,10.25,19.38,2.6,0.0379
102596,EU,phones,online,wallet,Mon,S,7.89,22.19,2.4,0.0471
102597,EU,tablets,partner,card,Sat,M,8.91,21.73,2.3,0.0398
102598,EU,tablets,partner,card,Sun,M,14.81,18.68,2.7,0.0482
102599,US,tablets,retail,card,Fri,M,8.43,22.67,2.8,0.0445
102600,US,tablets,online,card,Wed,M,7.92,24.24,3.1,0.055
102601,APAC,phones,retail,wallet,Thu,M,5.18,25.72,2.2,0.0441
102602,EU,tablets,retail,card,Fri,L,20.82,12.7,3.7,0.0646
102603,US,laptops,partner,card,Mon,S,9.09,21.85,3.6,0.0654
102604,US,laptops,retail,card,Tue,S,2.29,24.36,6.2,0.0874
102605,EU,phones,retail,wallet,Thu,L,7.55,20.46,4.3,0.0602
102606,APAC,accessories,partner,wallet,Sun,M,10.62,19.8,2.2,0.0341
102607,EU,laptops,online,wallet,Mon,M,6.48,30.26,3.1,0.0585
102608,US,laptops,online,cash,Thu,S,15.88,18.75,3.4,0.0481
102609,EU,accessories,online,cash,Wed,M,13.13,22.56,3.1,0.0487
102610,US,laptops,retail,cash,Wed,L,8.89,25.63,5.5,0.076
102611,EU,phones,online,wallet,Fri,M,10.07,17.96,3.4,0.0572
102612,EU,laptops,online,card,Sun,M,10.01,21.74,3.7,0.0527
102613,US,laptops,online,cash,Fri,S,8.46,20.1,3.7,0.0486
102614,US,accessories,retail,card,Wed,S,14.82,15.02,2.5,0.0381
102615,APAC,laptops,online,card,Sat,S,11.44,20.87,5.7,0.0727
102616,EU,accessories,online,cash,Sat,M,5.88,21.61,3.6,0.0529
102617,APAC,tablets,retail,wallet,Mon,M,23.3,17.88,3.0,0.0535
102618,EU,phones,retail,cash,Mon,L,7.72,18.44,4.1,0.0545
102619,LATAM,laptops,online,wallet,Thu,S,10.54,16.77,3.4,0.062
102620,LATAM,laptops,online,card,Sat,S,10.94,16.87,2.9,0.0427
102621,APAC,phones,retail,card,Tue,M,13.25,19.06,3.4,0.0431
102622,EU,phones,partner,cash,Wed,L,7.13,21.47,3.3,0.0481
102623,US,phones,retail,cash,Thu,L,17.5,10.97,3.6,0.0547
102624,LATAM,phones,online,card,Thu,L,7.33,21.48,3.0,0.0546
102625,APAC,laptops,online,card,Wed,M,8.78,22.19,5.3,0.079
102626,APAC,laptops,online,cash,Mon,M,13.08,17.34,6.6,0.0841
102627,EU,phones,retail,cash,Sat,M,3.92,21.49,4.0,0.0628
102628,EU,accessories,retail,card,Wed,M,8.05,24.81,3.3,0.0628
102629,US,laptops,retail,card,Sat,S,8.05,17.7,5.3,0.0632
102630,US,accessories,partner,wallet,Wed,L,9.7,23.66,2.5,0.0679
102631,US,accessories,retail,card,Sun,L,4.69,30.28,2.7,0.0419
102632,EU,tablets,online,card,Sat,M,12.85,16.19,2.9,0.0451
102633,EU,phones,online,card,Tue,S,10.76,16.17,2.8,0.0524
102634,APAC,phones,retail,card,Sun,M,9.97,19.47,3.2,0.0581
102635,US,phones,online,wallet,Thu,S,23.97,13.41,3.7,0.0619
102636,LATAM,laptops,retail,cash,Thu,L,18.18,18.04,2.5,0.0458
102637,EU,phones,online,card,Wed,L,9.85,23.02,3.3,0.0537
102638,US,laptops,retail,card,Thu,S,8.16,27.3,5.3,0.0712
102639,US,laptops,partner,card,Thu,S,6.89,23.61,4.1,0.0501
102640,APAC,laptops,retail,card,Sat,S,3.25,24.88,4.2,0.0661
102641,APAC,laptops,online,cash,Mon,M,10.21,21.36,6.7,0.0911
102642,APAC,accessories,retail,card,Sun,S,12.32,19.11,2.2,0.0543
102643,APAC,tablets,online,wallet,Mon,M,16.01,16.63,7.6,0.0984
102644,EU,accessories,online,card,Sun,L,10.04,17.77,3.2,0.0528
102645,EU,laptops,partner,card,Sun,M,11.97,25.65,2.6,0.0463
102646,EU,tablets,online,card,Fri,S,6.42,18.24,3.8,0.038
102647,EU,phones,retail,card,Fri,M,8.11,22.14,3.5,0.0559
102648,APAC,phones,online,cash,Sat,S,10.11,18.85,5.7,0.0783
102649,US,accessories,partner,cash,Fri,M,9.09,21.0,2.4,0.0552
102650,APAC,phones,online,card,Thu,S,11.27,14.62,5.8,0.0768
102651,US,accessories,retail,card,Wed,S,13.14,20.74,2.1,0.0446
102652,US,laptops,online,card,Thu,S,10.85,17.73,2.1,0.057
102653,EU,tablets,retail,cash,Mon,S,13.45,19.66,6.3,0.0893
102654,APAC,phones,partner,card,Sun,M,11.71,20.09,2.5,0.0391
102655,APAC,tablets,partner,card,Tue,L,17.47,8.11,4.2,0.0531
102656,APAC,phones,retail,card,Fri,L,6.22,15.19,2.4,0.039
102657,LATAM,tablets,retail,card,Wed,S,8.32,26.14,4.5,0.0611
102658,US,laptops,online,cash,Mon,S,6.21,25.25,4.7,0.0775
102659,US,accessories,online,wallet,Sun,L,10.24,23.85,3.9,0.0652
102660,US,phones,retail,wallet,Sun,M,15.73,19.63,3.8,0.066
102661,EU,tablets,online,cash,Tue,S,12.03,21.86,5.3,0.0789
102662,US,laptops,online,wallet,Sun,L,14.74,16.63,2.7,0.0311
102663,US,tablets,online,cash,Thu,L,10.34,23.95,2.8,0.0585
102664,US,phones,online,wallet,Wed,L,20.75,20.56,3.4,0.0397
102665,EU,laptops,online,cash,Sat,S,14.11,28.86,2.8,0.0513
102666,APAC,phones,online,card,Sun,L,14.52,14.05,6.5,0.0849
102667,EU,tablets,partner,cash,Mon,L,6.78,18.98,2.9,0.0554
102668,EU,tablets,online,card,Thu,L,10.48,13.1,3.5,0.0637
102669,US,phones,retail,cash,Tue,S,20.46,15.42,2.7,0.043
102670,APAC,accessories,retail,wallet,Wed,M,12.0,18.05,2.5,0.033
102671,EU,laptops,retail,wallet,Mon,M,9.49,15.55,6.4,0.0832
102672,APAC,laptops,retail,card,Wed,S,7.18,21.09,3.8,0.0672
102673,US,laptops,partner,card,Thu,M,12.49,15.48,4.9,0.0662
102674,APAC,accessories,online,card,Wed,M,5.7,23.38,6.7,0.0894
102675,EU,laptops,retail,wallet,Tue,L,4.81,20.85,3.0,0.034
102676,LATAM,phones,retail,cash,Sat,M,6.91,22.02,2.4,0.0431
102677,APAC,phones,partner,cash,Sun,M,8.39,20.19,2.8,0.063
102678,EU,phones,partner,cash,Sun,L,10.31,20.02,4.0,0.0545
102679,APAC,laptops,retail,cash,Fri,L,10.52,16.29,4.3,0.0479
102680,US,laptops,retail,card,Thu,L,11.69,16.52,5.9,0.0798
102681,APAC,phones,retail,card,Sat,L,13.89,20.81,4.4,0.0627
102682,APAC,phones,online,card,Wed,L,13.1,17.48,6.8,0.0916
102683,LATAM,accessories,retail,card,Mon,S,7.28,22.32,2.9,0.0616
102684,LATAM,phones,online,card,Thu,M,10.42,14.51,4.0,0.0662
102685,APAC,phones,online,card,Fri,S,9.69,18.93,5.9,0.0805
102686,APAC,accessories,online,cash,Tue,L,6.19,22.5,7.1,0.0947
102687,EU,phones,retail,cash,Tue,S,12.22,15.69,3.2,0.066
102688,APAC,tablets,partner,card,Thu,M,17.35,15.03,5.3,0.0912
102689,APAC,accessories,online,card,Mon,S,5.49,25.39,5.4,0.0579
102690,LATAM,laptops,online,wallet,Sun,L,10.94,11.69,2.3,0.0499
102691,APAC,laptops,retail,card,Tue,M,11.28,23.59,5.2,0.0625
102692,US,accessories,online,wallet,Thu,L,11.15,21.58,2.8,0.0491
102693,APAC,phones,online,cash,Thu,M,13.38,17.42,7.2,0.0878
102694,US,laptops,online,cash,Tue,M,7.6,20.81,3.8,0.0476
102695,US,laptops,online,cash,Sat,M,8.48,19.22,4.9,0.064
102696,LATAM,laptops,retail,cash,Sun,M,7.9,18.08,2.8,0.0529
102697,US,accessories,retail,wallet,Sat,L,14.64,17.08,2.8,0.0482
102698,EU,laptops,retail,cash,Wed,S,9.61,13.61,4.5,0.059
102699,EU,tablets,online,card,Mon,M,9.37,21.5,4.9,0.0645
102700,US,tablets,online,cash,Wed,L,8.43,17.33,2.7,0.0479
102701,US,accessories,retail,cash,Sat,L,12.58,20.79,5.5,0.0639
102702,US,tablets,partner,cash,Wed,L,8.79,21.97,3.4,0.0601
102703,EU,phones,online,cash,Mon,M,8.43,13.34,4.3,0.0648
102704,US,laptops,online,wallet,Sat,M,16.31,15.28,2.8,0.0585
102705,LATAM,accessories,online,wallet,Thu,L,10.14,11.67,2.8,0.0439
102706,APAC,laptops,retail,card,Sat,M,10.76,22.8,2.8,0.0398
102707,APAC,tablets,online,card,Tue,S,17.68,13.83,6.5,0.0917
102708,US,accessories,retail,wallet,Mon,M,6.3,23.75,4.8,0.0687
102709,APAC,accessories,online,card,Mon,M,10.0,14.66,7.3,0.0826
102710,EU,phones,online,card,Sun,S,10.18,19.88,5.8,0.0817
102711,APAC,laptops,online,cash,Fri,M,13.63,19.65,6.1,0.0841
102712,APAC,laptops,online,card,Mon,M,10.09,25.2,5.4,0.0687
102713,US,phones,partner,cash,Fri,L,22.08,10.63,3.2,0.0373
102714,US,laptops,online,cash,Thu,L,5.61,22.89,3.2,0.0595
102715,EU,tablets,retail,card,Wed,M,19.21,10.75,2.8,0.0573
102716,EU,tablets,online,wallet,Mon,M,17.9,12.24,4.2,0.0413
102717,EU,phones,partner,wallet,Mon,M,7.64,21.88,2.9,0.0489
102718,EU,tablets,online,card,Fri,L,13.95,19.36,3.2,0.0506
102719,US,laptops,online,card,Sun,S,11.15,17.18,3.1,0.0538
102720,EU,phones,retail,card,Tue,M,9.89,20.8,3.3,0.0427
102721,APAC,phones,retail,cash,Sun,M,12.82,20.74,2.4,0.0394
102722,EU,laptops,online,cash,Mon,S,6.18,27.8,3.3,0.0533
102723,APAC,accessories,online,card,Fri,M,12.52,17.39,5.4,0.0802
102724,US,tablets,retail,cash,Wed,L,12.32,20.91,2.6,0.0326
102725,EU,laptops,online,cash,Fri,S,12.35,26.79,3.1,0.0461
102726,APAC,laptops,retail,card,Tue,M,11.78,24.06,3.2,0.0481
102727,US,accessories,online,cash,Wed,M,11.63,24.0,6.7,0.0806
102728,EU,tablets,online,cash,Sun,M,5.28,26.5,2.9,0.0467
102729,APAC,laptops,online,card,Wed,M,9.31,21.24,6.3,0.0885
102730,EU,phones,retail,cash,Fri,S,13.05,22.81,2.6,0.0566
102731,US,laptops,partner,wallet,Fri,S,11.73,21.93,3.2,0.0554
102732,APAC,laptops,retail,card,Sat,S,8.32,24.67,3.5,0.056
102733,APAC,tablets,retail,card,Sun,L,18.16,12.91,3.9,0.0419
102734,APAC,phones,online,cash,Fri,S,10.51,18.04,6.8,0.0977
102735,APAC,accessories,partner,cash,Fri,L,7.93,17.7,2.2,0.0405
102736,APAC,laptops,partner,wallet,Fri,M,10.24,19.01,4.6,0.0681
102737,EU,accessories,online,cash,Fri,S,9.78,18.38,2.9,0.0424
102738,US,laptops,retail,card,Wed,M,9.58,20.29,6.9,0.0969
102739,US,tablets,online,cash,Tue,S,12.96,20.8,2.8,0.0561
102740,EU,tablets,online,card,Fri,S,4.66,21.66,4.3,0.0622
102741,US,tablets,retail,card,Sun,M,8.49,22.19,3.9,0.0577
102742,APAC,laptops,retail,cash,Mon,M,14.2,17.81,2.2,0.045
102743,US,accessories,online,card,Sat,S,10.2,23.07,3.7,0.0486
102744,US,laptops,online,card,Sat,M,11.13,17.79,3.9,0.0626
102745,US,phones,partner,wallet,Wed,M,19.59,10.11,2.6,0.0491
102746,US,accessories,partner,cash,Sun,S,6.04,21.52,2.3,0.0512
102747,APAC,phones,online,wallet,Sun,M,10.56,13.01,6.5,0.0728
102748,APAC,phones,retail,wallet,Sat,S,10.19,19.04,5.6,0.0825
102749,EU,phones,online,cash,Tue,S,9.81,20.86,2.7,0.0445
102750,EU,accessories,partner,cash,Mon,S,10.36,20.81,5.3,0.0702
102751,EU,phones,online,cash,Thu,M,7.73,19.41,3.5,0.0505
102752,APAC,phones,retail,wallet,Tue,M,15.14,17.57,2.0,0.0474
102753,LATAM,laptops,online,cash,Mon,L,4.82,23.25,2.2,0.0462
102754,EU,phones,online,card,Wed,S,4.32,21.78,2.7,0.0539
102755,APAC,laptops,retail,wallet,Fri,L,10.13,22.96,4.2,0.059
102756,US,accessories,retail,card,Wed,S,6.5,22.51,3.0,0.046
102757,LATAM,laptops,retail,wallet,Tue,M,14.53,17.1,2.3,0.0376
102758,US,laptops,retail,card,Fri,M,6.85,22.43,6.1,0.076
102759,LATAM,laptops,retail,cash,Fri,S,12.49,17.97,3.8,0.0499
102760,US,laptops,online,card,Tue,M,5.9,18.41,3.7,0.0519
102761,EU,accessories,retail,card,Sun,M,7.66,21.11,2.4,0.0386
102762,APAC,phones,retail,card,Sat,M,13.82,20.43,3.0,0.046
102763,EU,laptops,retail,card,Tue,L,14.01,15.27,2.4,0.0536
102764,APAC,phones,online,wallet,Mon,S,6.02,16.91,8.3,0.1097
102765,US,tablets,online,card,Wed,S,4.78,22.21,2.1,0.0365
102766,EU,laptops,online,cash,Mon,M,14.0,24.73,3.8,0.0502
102767,US,tablets,online,card,Fri,S,8.61,17.21,2.5,0.0464
102768,LATAM,laptops,online,card,Thu,M,10.82,22.92,2.9,0.0437
102769,EU,phones,partner,card,Sun,L,11.08,22.98,2.8,0.0509
102770,EU,accessories,online,cash,Mon,L,12.59,17.96,3.1,0.0494
102771,LATAM,accessories,online,cash,Sun,S,10.57,24.48,2.6,0.0399
102772,EU,accessories,retail,wallet,Sat,L,11.3,16.5,3.7,0.0595
102773,EU,laptops,online,cash,Tue,L,7.77,37.32,3.6,0.0562
102774,US,tablets,online,cash,Tue,S,5.73,17.62,2.5,0.0393
102775,APAC,tablets,retail,card,Sat,S,15.57,12.46,3.6,0.064
102776,LATAM,accessories,online,card,Fri,L,9.77,24.1,3.3,0.0574
102777,EU,tablets,online,wallet,Sat,S,12.46,19.0,5.6,0.0802
102778,EU,accessories,retail,wallet,Sat,L,5.93,21.57,6.0,0.0908
102779,LATAM,accessories,retail,cash,Thu,M,6.87,24.11,3.8,0.05
102780,US,laptops,retail,card,Sat,S,10.42,16.66,5.6,0.0842
102781,APAC,laptops,retail,wallet,Sat,L,10.15,20.71,3.8,0.0562
102782,US,phones,retail,cash,Wed,S,21.1,13.06,3.7,0.0541
102783,EU,tablets,retail,card,Sun,M,18.1,14.95,4.0,0.063
102784,APAC,tablets,retail,card,Thu,L,20.44,12.43,3.2,0.0472
102785,EU,tablets,online,cash,Sun,M,7.06,22.71,4.2,0.0579
102786,EU,phones,retail,cash,Tue,M,4.29,17.2,3.3,0.0561
102787,US,laptops,retail,wallet,Tue,L,16.15,18.34,6.2,0.067
102788,EU,tablets,online,card,Sun,M,7.38,21.95,3.4,0.0636
102789,EU,tablets,online,card,Tue,S,8.5,20.64,2.7,0.0465
102790,EU,accessories,retail,cash,Sun,M,14.22,15.96,2.5,0.0434
102791,EU,laptops,retail,cash,Mon,L,15.04,12.68,3.5,0.04
102792,US,tablets,online,cash,Sat,M,13.67,20.24,5.0,0.064
102793,APAC,tablets,retail,card,Fri,S,18.13,18.05,3.7,0.0518
102794,US,tablets,retail,card,Fri,S,7.7,20.05,2.9,0.0471
102795,EU,phones,online,card,Wed,S,10.28,23.56,3.3,0.054
102796,US,tablets,retail,cash,Sat,L,10.08,23.96,3.6,0.0572
102797,APAC,tablets,online,cash,Fri,L,19.88,12.85,6.5,0.0785
102798,EU,laptops,online,cash,Sun,M,13.65,27.1,2.5,0.0352
102799,US,tablets,retail,cash,Wed,L,9.68,21.64,4.7,0.0745
102800,LATAM,laptops,partner,wallet,Tue,S,7.48,13.85,5.4,0.059
102801,APAC,accessories,partner,card,Fri,M,8.13,18.89,4.8,0.0573
102802,US,laptops,online,cash,Fri,L,8.31,26.18,3.1,0.0364
102803,EU,phones,online,card,Thu,M,7.33,20.94,5.1,0.072
102804,EU,laptops,retail,cash,Mon,L,8.63,15.53,3.1,0.0511
102805,EU,laptops,online,cash,Mon,M,14.01,28.14,2.3,0.0573
102806,EU,laptops,retail,card,Wed,M,13.21,15.43,4.7,0.0789
102807,US,phones,online,wallet,Wed,M,21.57,9.61,3.4,0.0489
102808,US,phones,online,card,Sat,M,17.18,13.73,2.4,0.0413
102809,EU,laptops,online,card,Tue,S,6.56,33.34,3.0,0.0497
102810,US,accessories,online,card,Tue,L,11.54,17.1,2.0,0.0423
102811,US,laptops,online,cash,Fri,S,11.32,22.64,3.3,0.0514
102812,APAC,phones,online,wallet,Wed,S,8.65,13.01,7.1,0.0833
102813,LATAM,phones,online,wallet,Thu,M,8.63,22.0,2.5,0.0614
102814,LATAM,laptops,retail,wallet,Wed,M,8.34,26.82,4.0,0.0675
102815,US,phones,online,card,Thu,L,20.99,13.22,3.3,0.0556
102816,APAC,phones,online,cash,Tue,L,7.58,19.38,5.7,0.0713
102817,US,laptops,online,card,Thu,M,9.24,18.65,4.8,0.0623
102818,EU,phones,partner,card,Sun,M,3.82,19.41,2.6,0.0454
102819,EU,accessories,retail,cash,Wed,L,9.13,20.19,2.7,0.0512
102820,US,tablets,online,card,Sun,L,11.03,21.24,4.1,0.0566
102821,APAC,laptops,retail,card,Tue,L,8.78,20.81,3.3,0.0481
102822,APAC,accessories,partner,card,Tue,S,4.81,19.08,3.5,0.0556
102823,US,laptops,retail,cash,Sat,L,9.79,20.71,7.2,0.1044
102824,US,phones,online,card,Wed,S,17.98,10.87,3.5,0.0393
102825,APAC,phones,partner,cash,Wed,M,14.02,19.17,4.2,0.0498
102826,APAC,tablets,online,wallet,Sat,L,18.53,15.7,7.8,0.1142
102827,EU,tablets,partner,card,Thu,L,14.34,13.55,4.0,0.0646
102828,US,phones,partner,cash,Mon,M,18.26,18.91,3.0,0.0629
102829,EU,accessories,online,wallet,Sun,S,8.19,21.88,2.6,0.0594
102830,US,laptops,retail,cash,Thu,L,9.08,19.62,7.0,0.0928
102831,US,phones,online,card,Thu,M,19.62,15.22,3.9,0.0658
102832,EU,phones,retail,wallet,Fri,M,9.99,23.61,4.6,0.0701
102833,APAC,laptops,online,card,Tue,S,8.54,14.72,6.8,0.0929
102834,US,tablets,retail,wallet,Wed,M,7.33,23.98,2.5,0.0483
102835,APAC,accessories,online,cash,Fri,M,10.55,19.42,5.3,0.0664
102836,EU,laptops,online,card,Sun,L,10.7,32.6,3.2,0.0516
102837,EU,accessories,online,card,Sat,S,9.68,20.48,2.7,0.0517
102838,EU,phones,online,cash,Mon,L,8.88,19.24,3.7,0.0493
102839,APAC,accessories,online,card,Sun,M,8.74,23.11,5.8,0.0803
102840,US,laptops,partner,card,Wed,S,7.18,24.3,3.3,0.0564
102841,APAC,phones,online,cash,Mon,M,10.44,12.36,6.5,0.0845
102842,EU,accessories,retail,cash,Tue,S,12.09,15.79,2.5,0.0358
102843,APAC,phones,partner,card,Wed,M,13.25,18.29,4.0,0.0556
102844,EU,laptops,retail,wallet,Thu,M,8.99,18.93,2.8,0.0462
102845,LATAM,accessories,online,wallet,Fri,M,7.5,18.13,3.6,0.0497
102846,US,phones,retail,card,Sat,M,15.8,19.05,2.6,0.038
102847,LATAM,accessories,online,card,Wed,M,11.41,18.21,3.6,0.0566
102848,US,phones,retail,cash,Sat,S,17.89,13.66,2.9,0.045
102849,US,tablets,partner,card,Sun,S,10.5,24.18,3.7,0.0549
102850,EU,laptops,online,card,Sat,S,9.1,34.65,4.3,0.0637
102851,US,tablets,retail,card,Thu,M,7.47,16.63,4.3,0.0619
102852,APAC,tablets,online,wallet,Sat,S,16.81,15.44,5.7,0.0793
102853,US,laptops,retail,card,Wed,M,4.22,24.54,5.6,0.0716
102854,APAC,laptops,online,card,Mon,M,12.0,19.3,5.6,0.0617
102855,APAC,phones,online,cash,Tue,M,10.06,21.22,6.1,0.0808
102856,APAC,tablets,retail,card,Tue,S,17.61,17.51,2.9,0.0433
102857,US,phones,retail,wallet,Sat,M,20.86,11.88,2.4,0.0373
102858,US,accessories,online,card,Sat,M,9.38,21.26,3.1,0.055
102859,US,accessories,retail,wallet,Fri,M,6.33,28.12,3.9,0.0714
102860,APAC,laptops,retail,card,Mon,L,10.07,21.82,3.1,0.0502
102861,APAC,laptops,online,card,Thu,M,8.87,19.67,6.1,0.079
102862,APAC,phones,online,card,Thu,L,13.19,14.14,6.7,0.091
102863,EU,tablets,online,cash,Tue,M,8.38,19.05,2.6,0.0403
102864,EU,phones,online,cash,Wed,M,9.61,21.67,4.6,0.061
102865,US,phones,partner,card,Thu,M,21.47,15.28,2.5,0.0419
102866,US,accessories,retail,cash,Sat,M,11.5,25.58,2.6,0.0547
102867,LATAM,phones,online,wallet,Sat,L,7.34,24.92,3.3,0.0596
102868,LATAM,laptops,online,cash,Thu,S,8.58,19.05,4.7,0.0746
102869,APAC,laptops,online,card,Sat,S,7.75,21.1,5.5,0.0656
102870,US,phones,online,cash,Sun,L,19.93,13.07,2.6,0.0523
102871,APAC,laptops,online,card,Tue,S,9.25,21.57,5.4,0.098
102872,APAC,phones,retail,card,Thu,M,10.46,24.25,3.5,0.0437
102873,EU,accessories,online,cash,Tue,L,10.12,16.96,5.0,0.0597
102874,EU,accessories,partner,cash,Sun,M,11.45,22.12,7.0,0.0919
102875,EU,tablets,retail,cash,Sat,S,14.46,18.84,4.5,0.0643
102876,US,tablets,online,cash,Wed,L,11.71,21.35,2.2,0.042
102877,LATAM,phones,partner,card,Wed,L,14.77,12.92,2.9,0.0484
102878,EU,tablets,online,card,Thu,L,12.12,13.15,2.9,0.0586
102879,EU,accessories,online,card,Sun,S,13.55,18.53,2.7,0.0471
102880,EU,laptops,retail,cash,Fri,L,8.05,17.51,2.4,0.044
102881,APAC,phones,online,cash,Tue,L,12.16,23.34,5.2,0.0533
102882,US,phones,retail,card,Sun,S,19.68,15.95,4.3,0.0633
102883,EU,accessories,online,wallet,Thu,M,9.43,21.89,2.5,0.0566
102884,US,laptops,online,card,Wed,M,17.46,16.96,2.7,0.0551
102885,EU,laptops,online,cash,Mon,S,6.93,31.64,2.3,0.0364
102886,EU,accessories,partner,card,Tue,L,13.1,13.58,2.7,0.0499
102887,US,tablets,online,wallet,Fri,S,5.31,20.74,3.4,0.028
102888,APAC,laptops,online,wallet,Mon,M,8.3,21.11,5.5,0.0773
102889,EU,phones,partner,card,Fri,S,7.78,25.19,2.8,0.0598
102890,US,phones,online,cash,Wed,S,20.63,15.84,3.7,0.0605
102891,EU,laptops,partner,cash,Fri,M,13.33,20.87,2.7,0.0359
102892,LATAM,accessories,retail,cash,Wed,S,9.61,20.91,2.2,0.033
102893,EU,laptops,online,wallet,Thu,S,9.66,27.62,2.8,0.0406
102894,US,laptops,retail,wallet,Sat,L,7.35,23.82,5.2,0.0676
102895,LATAM,phones,online,card,Mon,S,11.86,19.25,3.1,0.0329
102896,EU,phones,online,cash,Mon,M,11.85,21.0,4.2,0.0578
102897,EU,accessories,retail,cash,Wed,M,7.54,21.3,2.9,0.054
102898,APAC,accessories,retail,wallet,Thu,L,11.78,20.59,3.5,0.0476
102899,US,phones,online,card,Mon,M,15.81,15.54,2.5,0.0601
102900,EU,laptops,retail,wallet,Mon,S,13.39,8.98,2.7,0.0573
102901,US,laptops,retail,cash,Sun,M,10.33,18.85,6.5,0.0725
102902,APAC,tablets,partner,cash,Sat,S,15.74,17.98,4.0,0.0444
102903,APAC,accessories,online,cash,Mon,M,10.26,18.79,5.9,0.0773
102904,EU,laptops,retail,card,Wed,L,12.57,14.31,2.8,0.0448
102905,APAC,laptops,retail,cash,Mon,S,11.94,24.13,3.1,0.0577
102906,LATAM,accessories,retail,card,Mon,L,11.04,20.39,3.9,0.0556
102907,EU,phones,retail,card,Tue,S,6.82,17.57,3.0,0.0424
102908,APAC,accessories,online,wallet,Tue,L,8.27,24.09,6.5,0.0894
102909,US,tablets,online,cash,Wed,L,14.88,15.56,2.6,0.0467
102910,APAC,laptops,retail,wallet,Mon,M,10.34,18.16,4.3,0.0718
102911,EU,laptops,partner,card,Mon,S,12.59,22.99,4.1,0.0626
102912,EU,accessories,retail,card,Fri,M,9.74,20.11,3.0,0.0519
102913,EU,tablets,retail,cash,Fri,M,22.15,9.52,3.4,0.056
102914,APAC,accessories,partner,cash,Fri,M,7.63,20.15,2.4,0.0533
102915,US,laptops,retail,card,Sat,L,9.97,21.33,5.3,0.0715
102916,EU,phones,retail,card,Tue,S,12.52,22.33,3.1,0.0454
102917,APAC,tablets,online,card,Sun,L,23.05,8.08,8.3,0.1041
102918,EU,laptops,retail,card,Mon,L,10.46,17.4,2.8,0.0493
102919,EU,accessories,online,wallet,Sat,L,14.26,21.13,3.0,0.0553
102920,US,tablets,online,cash,Sat,M,11.12,19.37,2.6,0.0459
102921,EU,tablets,retail,card,Mon,S,20.04,13.68,4.4,0.0688
102922,US,laptops,online,wallet,Sat,S,8.67,27.17,2.5,0.0215
102923,US,accessories,retail,card,Sun,S,9.35,19.41,2.8,0.0566
102924,EU,phones,retail,wallet,Wed,L,6.86,17.2,2.9,0.0595
102925,EU,tablets,retail,wallet,Wed,S,19.97,11.3,6.5,0.0732
102926,APAC,phones,online,card,Tue,L,9.38,24.56,5.3,0.0707
102927,US,phones,retail,card,Fri,M,19.69,17.26,4.1,0.0481
102928,EU,phones,retail,card,Thu,M,8.56,24.29,4.0,0.064
102929,EU,phones,online,cash,Sat,M,10.27,20.36,2.9,0.0421
102930,US,laptops,retail,card,Fri,L,17.08,13.07,5.0,0.0612
102931,APAC,phones,online,wallet,Sun,S,9.87,18.8,6.9,0.0859
102932,EU,phones,partner,wallet,Sat,S,11.83,22.96,4.1,0.0598
102933,LATAM,laptops,online,cash,Mon,S,11.51,16.71,2.9,0.0599
102934,EU,accessories,retail,cash,Sun,S,6.29,24.26,4.6,0.0554
102935,US,laptops,online,card,Thu,S,11.57,17.12,3.1,0.0445
102936,APAC,phones,retail,card,Mon,M,5.61,22.28,6.3,0.0783
102937,US,phones,online,cash,Tue,S,22.13,14.74,4.6,0.0704
102938,EU,laptops,retail,card,Sun,S,8.67,14.77,6.2,0.0897
102939,EU,accessories,retail,cash,Sat,L,8.48,18.44,7.2,0.08
102940,US,laptops,online,card,Sat,L,8.13,22.81,4.6,0.0704
102941,APAC,laptops,online,wallet,Fri,M,4.88,26.68,10.9,0.1279
102942,US,laptops,online,cash,Sun,L,9.82,17.73,3.6,0.0636
102943,EU,tablets,partner,card,Thu,M,9.03,22.26,2.2,0.042
102944,US,phones,retail,card,Mon,M,23.0,9.35,2.6,0.0393
102945,LATAM,phones,online,wallet,Mon,S,10.82,20.65,2.1,0.0345
102946,EU,tablets,partner,card,Sat,S,6.44,21.06,3.3,0.0539
102947,EU,accessories,online,cash,Mon,L,13.69,14.35,2.6,0.0445
102948,APAC,laptops,online,wallet,Sat,M,9.07,16.9,6.4,0.0886
102949,EU,laptops,online,card,Wed,S,11.41,31.3,3.3,0.0377
102950,APAC,laptops,online,card,Sat,L,11.29,18.8,5.7,0.0777
102951,US,tablets,online,cash,Mon,M,8.32,22.41,4.5,0.0631
102952,LATAM,tablets,partner,wallet,Tue,M,4.79,19.8,3.4,0.0563
102953,EU,tablets,online,card,Wed,S,6.05,26.81,3.8,0.0525
102954,APAC,laptops,online,wallet,Sun,S,8.48,27.38,5.3,0.0884
102955,EU,laptops,retail,card,Sun,M,12.61,12.47,2.7,0.0386
102956,APAC,phones,online,cash,Thu,M,11.56,17.35,5.5,0.0778
102957,EU,tablets,online,card,Thu,M,12.18,17.51,3.6,0.0527
102958,US,tablets,online,card,Wed,S,5.43,24.78,5.1,0.0711
102959,APAC,tablets,retail,wallet,Sat,L,14.14,19.24,2.7,0.0575
102960,US,phones,online,card,Mon,L,19.31,14.94,3.0,0.046
102961,US,laptops,partner,card,Sun,L,5.3,22.46,3.8,0.0686
102962,EU,laptops,partner,wallet,Tue,S,12.74,26.99,2.8,0.0452
102963,APAC,laptops,retail,card,Thu,M,10.32,21.71,4.7,0.087
102964,US,accessories,retail,cash,Sun,S,13.26,14.77,2.4,0.0513
102965,EU,accessories,retail,card,Sun,M,10.89,17.45,2.9,0.0564
102966,US,phones,online,cash,Fri,L,18.36,15.56,3.8,0.0593
102967,APAC,accessories,online,wallet,Sun,L,9.35,19.69,7.9,0.1003
102968,EU,phones,partner,cash,Tue,M,7.38,17.55,4.9,0.0714
102969,EU,phones,online,cash,Sat,L,15.0,19.1,3.3,0.0505
102970,APAC,tablets,online,card,Thu,S,15.35,16.53,5.5,0.0763
102971,US,phones,online,card,Sun,S,19.79,14.14,2.7,0.0489
102972,US,accessories,retail,wallet,Fri,S,7.28,20.88,4.5,0.0485
102973,EU,phones,partner,card,Wed,S,5.2,24.25,3.2,0.0502
102974,EU,accessories,retail,card,Sat,S,14.49,15.18,2.7,0.0382
102975,US,tablets,retail,card,Tue,M,4.91,22.65,3.8,0.0725
102976,APAC,tablets,partner,wallet,Sat,M,16.75,14.61,2.1,0.0454
102977,EU,phones,online,card,Sat,L,11.59,24.79,2.9,0.0384
102978,LATAM,laptops,partner,card,Thu,M,14.81,15.23,4.0,0.0639
102979,US,phones,retail,cash,Sun,M,18.83,12.75,2.4,0.0548
102980,US,phones,online,cash,Thu,M,14.51,22.63,2.5,0.0486
102981,APAC,phones,online,card,Tue,M,9.42,24.11,5.1,0.0628
102982,EU,laptops,partner,cash,Thu,S,11.32,23.34,3.3,0.0432
102983,APAC,phones,partner,cash,Fri,M,8.26,19.02,3.0,0.0539
102984,US,phones,retail,card,Thu,L,17.35,17.25,4.3,0.0571
102985,EU,laptops,retail,card,Sun,M,13.13,14.67,3.9,0.0679
102986,LATAM,laptops,retail,card,Sun,L,13.09,10.62,3.7,0.0456
102987,US,accessories,online,card,Sat,L,9.31,23.3,2.5,0.043
102988,LATAM,phones,online,card,Fri,L,12.3,14.15,3.4,0.0446
102989,EU,laptops,online,wallet,Mon,S,9.86,29.7,4.6,0.0605
102990,EU,phones,partner,cash,Tue,M,3.96,16.48,2.8,0.0365
102991,US,phones,online,wallet,Mon,M,21.22,9.77,5.3,0.0899
102992,APAC,phones,partner,card,Fri,M,6.39,22.87,2.3,0.0387
102993,EU,laptops,retail,card,Fri,M,4.07,19.55,3.4,0.0558
102994,US,accessories,online,wallet,Sun,M,11.24,19.29,3.5,0.0557
102995,APAC,laptops,partner,card,Fri,S,11.53,13.02,3.0,0.0487
102996,US,accessories,retail,cash,Thu,L,10.78,20.53,2.3,0.034
102997,US,laptops,retail,cash,Thu,M,12.09,21.81,6.5,0.0889
102998,LATAM,laptops,online,cash,Thu,M,11.63,24.09,3.2,0.0469
102999,US,laptops,online,cash,Wed,L,12.14,20.29,2.9,0.0598
103000,APAC,accessories,partner,cash,Fri,L,10.53,25.84,2.7,0.0478
103001,APAC,phones,online,card,Fri,M,11.73,20.18,5.2,0.0817
103002,APAC,phones,online,card,Sat,S,5.28,17.55,5.5,0.0897
103003,EU,phones,online,card,Tue,S,8.29,18.65,2.2,0.0367
103004,US,tablets,partner,card,Sat,M,13.67,17.04,3.5,0.0505
103005,EU,laptops,retail,card,Thu,M,15.59,16.7,3.2,0.0449
103006,EU,phones,retail,card,Sun,L,14.18,18.26,2.4,0.0501
103007,APAC,accessories,partner,cash,Mon,M,9.84,15.5,5.3,0.0761
103008,LATAM,tablets,partner,wallet,Wed,S,7.36,26.24,2.7,0.0407
103009,EU,laptops,online,card,Wed,S,9.1,31.08,4.3,0.0573
103010,APAC,tablets,online,cash,Mon,M,20.75,19.8,6.1,0.0898
103011,US,accessories,retail,cash,Thu,M,9.05,21.15,2.4,0.0322
103012,APAC,phones,retail,cash,Thu,L,10.16,20.32,2.6,0.046
103013,US,phones,retail,cash,Tue,S,24.61,11.33,5.5,0.0786
103014,US,tablets,online,card,Thu,M,12.37,15.54,2.8,0.047
103015,EU,phones,retail,cash,Fri,M,14.24,15.06,3.7,0.0555
103016,US,phones,retail,card,Fri,M,11.47,17.16,2.9,0.0416
103017,EU,tablets,retail,wallet,Mon,M,19.72,16.77,2.3,0.0525
103018,APAC,accessories,retail,wallet,Sat,L,12.58,20.61,3.0,0.0468
103019,EU,phones,online,card,Tue,L,10.96,18.98,2.4,0.0385
103020,US,phones,retail,card,Sun,L,17.84,14.16,2.2,0.0517
103021,US,tablets,retail,wallet,Mon,L,13.25,16.76,3.3,0.0473
103022,EU,laptops,retail,card,Sun,M,7.12,13.46,4.5,0.0521
103023,LATAM,laptops,retail,cash,Sun,M,9.04,24.37,3.2,0.0581
103024,APAC,tablets,online,card,Thu,M,20.49,9.47,6.8,0.0761
103025,APAC,laptops,online,cash,Tue,L,8.99,23.7,8.8,0.1175
103026,EU,tablets,retail,card,Sun,S,17.4,16.3,3.3,0.0516
103027,US,phones,online,wallet,Tue,M,16.17,17.27,4.2,0.0584
103028,APAC,phones,online,cash,Sun,M,14.17,22.03,5.3,0.0675
103029,EU,laptops,online,wallet,Thu,L,6.82,30.24,5.6,0.0857
103030,APAC,tablets,retail,wallet,Thu,M,18.26,15.22,2.7,0.0384
103031,APAC,accessories,partner,card,Mon,S,8.13,22.04,2.8,0.0585
103032,LATAM,phones,partner,card,Tue,L,8.99,18.02,2.3,0.0384
103033,US,phones,online,cash,Fri,L,20.12,13.85,3.3,0.047
103034,EU,accessories,partner,card,Tue,M,6.45,23.78,2.0,0.0456
103035,EU,phones,online,card,Sun,L,13.41,21.29,2.0,0.0339
103036,APAC,laptops,online,card,Fri,L,6.98,22.15,5.6,0.0823
103037,EU,phones,retail,cash,Sun,S,10.07,19.94,3.0,0.0576
103038,US,laptops,online,card,Fri,S,15.14,21.43,4.3,0.0671
103039,APAC,laptops,partner,cash,Tue,S,11.07,19.0,2.6,0.0479
103040,US,laptops,online,card,Mon,M,16.17,14.78,4.6,0.0626
103041,APAC,laptops,partner,cash,Thu,M,8.69,16.26,3.0,0.043
103042,EU,laptops,online,card,Sat,S,10.76,29.98,2.6,0.0372
103043,US,phones,retail,wallet,Mon,S,11.15,15.64,3.7,0.0474
103044,US,phones,retail,card,Tue,L,17.21,16.46,2.2,0.0538
103045,APAC,tablets,retail,card,Fri,M,23.16,8.96,3.5,0.0583
103046,US,laptops,online,card,Wed,M,11.5,19.8,2.7,0.0498
103047,EU,laptops,online,cash,Tue,L,11.29,26.31,3.8,0.0766
103048,EU,laptops,online,wallet,Sun,M,10.59,35.85,2.5,0.0461
103049,US,laptops,online,card,Sun,L,9.73,18.39,4.0,0.0539
103050,EU,tablets,retail,card,Fri,M,16.36,15.06,4.2,0.0549
103051,APAC,phones,partner,wallet,Thu,M,11.48,14.93,3.6,0.0452
103052,APAC,phones,online,card,Sun,M,5.58,22.93,5.6,0.0699
103053,EU,tablets,online,card,Wed,M,10.13,21.32,3.2,0.0572
103054,US,laptops,online,card,Sun,L,12.67,14.95,2.4,0.0386
103055,LATAM,laptops,online,wallet,Sat,S,8.51,24.01,3.0,0.0602
103056,US,phones,online,wallet,Wed,S,17.7,21.44,5.3,0.0578
103057,US,laptops,online,card,Sun,M,11.4,16.26,3.1,0.0352
103058,APAC,laptops,retail,cash,Sat,S,7.14,26.01,2.7,0.0345
103059,APAC,accessories,retail,wallet,Sat,S,9.61,19.49,4.3,0.0541
103060,APAC,laptops,retail,cash,Sat,M,6.06,17.82,3.2,0.0677
103061,EU,accessories,retail,wallet,Mon,M,12.64,16.84,5.2,0.0752
103062,EU,tablets,partner,wallet,Thu,S,11.32,24.93,2.2,0.0422
103063,EU,phones,retail,card,Thu,M,11.31,22.22,3.0,0.0529
103064,US,laptops,retail,cash,Sat,M,7.84,16.1,5.8,0.0827
103065,APAC,laptops,online,cash,Wed,M,12.73,18.88,5.1,0.0676
103066,EU,phones,online,card,Thu,L,12.14,23.28,3.5,0.0494
103067,APAC,accessories,retail,card,Sun,M,9.72,18.58,3.2,0.0535
103068,EU,phones,online,wallet,Mon,L,5.51,23.28,4.5,0.0561
103069,EU,tablets,online,card,Sat,S,10.35,18.38,4.6,0.071
103070,US,phones,retail,card,Mon,L,16.76,14.79,4.3,0.0549
103071,LATAM,tablets,partner,wallet,Fri,L,5.82,18.59,2.2,0.0311
103072,LATAM,laptops,retail,cash,Mon,S,12.25,14.17,4.5,0.0788
103073,EU,tablets,online,wallet,Mon,M,9.94,22.01,3.2,0.0428
103074,EU,phones,online,cash,Sat,L,10.42,22.76,4.4,0.0653
103075,US,accessories,online,card,Sun,M,11.23,22.79,4.1,0.0778
103076,EU,laptops,online,cash,Mon,M,6.65,35.05,2.7,0.0504
103077,LATAM,laptops,online,card,Tue,S,5.15,24.59,4.0,0.073
103078,US,accessories,online,card,Wed,L,11.94,18.32,3.9,0.0642
103079,EU,laptops,retail,card,Sun,M,7.32,19.99,3.2,0.0619
103080,US,tablets,online,card,Mon,M,11.22,18.54,2.9,0.0487
103081,APAC,accessories,online,cash,Sun,L,9.87,20.66,7.2,0.0852
103082,APAC,tablets,retail,cash,Mon,L,19.38,15.99,3.7,0.0606
103083,APAC,phones,retail,wallet,Sat,L,10.7,20.94,2.2,0.0444
103084,US,phones,online,card,Mon,S,18.87,18.65,3.4,0.0601
103085,APAC,accessories,retail,cash,Mon,S,5.87,18.42,2.7,0.044
103086,LATAM,laptops,online,card,Tue,S,5.72,19.3,5.9,0.0738
103087,US,accessories,retail,wallet,Thu,M,11.3,19.22,3.7,0.0595
103088,APAC,tablets,partner,wallet,Sat,S,12.66,10.23,2.3,0.0422
103089,US,accessories,partner,card,Fri,M,10.34,20.06,3.7,0.0535
103090,US,tablets,partner,card,Thu,L,11.91,16.22,4.1,0.0735
103091,EU,phones,retail,card,Mon,L,6.33,21.06,2.3,0.051
103092,EU,tablets,partner,cash,Sun,S,5.0,22.12,2.5,0.0411
103093,EU,tablets,online,card,Mon,L,6.75,20.8,3.1,0.0499
103094,US,laptops,partner,card,Thu,L,6.38,23.15,3.7,0.0665
103095,US,phones,retail,wallet,Wed,M,21.47,11.64,3.0,0.0516
103096,APAC,accessories,online,card,Sat,S,11.16,20.35,6.1,0.0869
103097,APAC,tablets,partner,cash,Sun,S,16.79,18.66,3.0,0.0499
103098,APAC,tablets,retail,card,Wed,L,18.0,16.22,4.0,0.068
103099,US,accessories,retail,card,Mon,S,9.98,20.24,3.5,0.0591
103100,US,laptops,online,card,Tue,M,10.17,22.66,4.0,0.0686
103101,US,accessories,online,cash,Wed,S,13.54,17.99,4.6,0.0624
103102,APAC,tablets,online,card,Mon,M,21.27,17.21,7.6,0.1012
103103,APAC,accessories,online,cash,Mon,M,10.33,22.17,5.5,0.0724
103104,EU,accessories,online,cash,Tue,M,12.5,16.6,2.9,0.0481
103105,APAC,laptops,online,wallet,Mon,S,9.05,19.79,6.1,0.0765
103106,EU,phones,retail,card,Mon,S,12.53,16.58,3.0,0.0507
103107,EU,laptops,online,card,Sun,S,10.8,24.57,2.4,0.0527
103108,APAC,tablets,retail,cash,Wed,L,16.01,11.9,4.3,0.0589
103109,EU,tablets,partner,cash,Sun,S,10.53,16.76,3.5,0.0639
103110,APAC,laptops,partner,card,Fri,M,12.38,19.03,2.7,0.0518
103111,US,accessories,retail,cash,Sun,M,8.89,21.83,3.3,0.0346
103112,US,laptops,retail,cash,Fri,M,7.03,19.45,6.2,0.0881
103113,APAC,tablets,online,cash,Sun,M,27.43,11.24,6.1,0.0814
103114,APAC,phones,online,card,Sun,L,9.77,22.82,6.3,0.0937
103115,EU,tablets,online,cash,Sun,S,6.97,23.89,3.8,0.0609
103116,LATAM,phones,retail,card,Sat,M,5.49,20.66,3.0,0.051
103117,EU,phones,online,card,Sat,S,13.55,16.81,2.8,0.0544
103118,APAC,phones,online,cash,Mon,M,13.0,15.59,7.2,0.0934
103119,LATAM,phones,online,cash,Wed,M,9.39,25.79,3.5,0.0614
103120,APAC,phones,retail,cash,Fri,M,13.77,14.78,2.3,0.0524
103121,US,phones,online,card,Wed,L,21.7,14.86,2.2,0.0497
103122,LATAM,laptops,online,card,Thu,S,4.99,23.37,3.1,0.0688
103123,APAC,accessories,retail,card,Wed,M,10.97,23.41,2.9,0.0386
103124,EU,phones,online,card,Sat,M,13.69,21.03,2.6,0.0456
103125,LATAM,phones,online,cash,Fri,L,10.4,21.61,4.5,0.0746
103126,US,laptops,online,card,Thu,M,11.52,18.98,3.2,0.0568
103127,EU,tablets,online,card,Tue,L,12.98,18.57,3.1,0.0704
103128,US,tablets,partner,cash,Fri,S,14.7,13.99,3.1,0.0416
103129,EU,laptops,online,card,Thu,S,11.47,28.16,3.4,0.0457
103130,US,phones,online,wallet,Thu,S,21.37,11.0,3.7,0.0525
103131,US,tablets,retail,cash,Wed,S,11.62,19.07,3.9,0.0549
103132,EU,laptops,online,card,Tue,S,5.88,33.77,3.1,0.0413
103133,US,laptops,online,cash,Fri,S,13.11,18.32,3.5,0.052
103134,EU,laptops,retail,wallet,Thu,M,11.87,11.14,3.7,0.0565
103135,APAC,phones,retail,card,Thu,S,5.23,20.69,3.5,0.0477
103136,EU,phones,partner,cash,Sat,M,13.5,16.91,2.8,0.0305
103137,US,accessories,online,wallet,Sun,S,8.9,18.36,3.5,0.0589
103138,US,accessories,online,wallet,Tue,M,10.09,22.67,2.9,0.0565
103139,US,accessories,online,cash,Mon,S,12.01,12.81,4.2,0.0585
103140,US,laptops,retail,wallet,Wed,S,10.72,24.0,5.9,0.0825
103141,EU,phones,retail,cash,Sun,L,14.64,22.33,5.8,0.0827
103142,EU,phones,retail,cash,Wed,M,11.69,19.33,2.3,0.0417
103143,EU,tablets,partner,card,Wed,M,13.72,19.1,5.2,0.0685
103144,APAC,accessories,partner,wallet,Wed,S,6.49,18.24,4.3,0.066
103145,EU,accessories,retail,wallet,Tue,S,9.4,22.88,2.3,0.0451
103146,US,tablets,online,cash,Mon,L,6.93,19.62,3.3,0.0422
103147,EU,tablets,online,card,Sat,L,10.78,21.36,2.5,0.0331
103148,EU,phones,online,card,Sun,M,9.05,19.46,2.7,0.047
103149,US,laptops,online,cash,Tue,L,8.75,18.66,2.3,0.0537
103150,LATAM,accessories,partner,card,Sat,L,10.81,25.89,3.0,0.0585
103151,US,laptops,retail,card,Mon,M,11.12,21.28,6.5,0.0984
103152,EU,phones,online,wallet,Wed,M,5.28,13.2,3.7,0.043
103153,US,accessories,partner,card,Sun,M,7.32,21.42,2.8,0.0494
103154,US,laptops,online,wallet,Sun,S,6.88,17.88,3.1,0.0595
103155,EU,phones,retail,card,Wed,M,8.66,23.34,4.4,0.071
103156,US,accessories,online,card,Thu,M,13.84,23.48,2.4,0.0334
103157,LATAM,phones,retail,cash,Thu,S,15.36,17.08,2.3,0.04
103158,EU,laptops,retail,wallet,Fri,M,8.08,11.72,4.2,0.0416
103159,EU,laptops,online,card,Sun,S,7.02,32.43,4.5,0.0516
103160,APAC,laptops,retail,card,Fri,M,13.27,20.78,3.4,0.0623
103161,EU,accessories,online,card,Sat,S,11.11,14.52,2.9,0.0539
103162,EU,phones,retail,wallet,Wed,M,12.44,21.95,2.9,0.0527
103163,EU,laptops,retail,card,Sun,M,11.98,18.04,2.9,0.0528
103164,APAC,laptops,online,card,Mon,S,14.76,19.33,6.9,0.0903
103165,LATAM,tablets,online,card,Mon,M,10.44,11.61,2.7,0.0456
103166,LATAM,tablets,partner,card,Wed,L,8.33,21.66,2.5,0.0394
103167,EU,accessories,retail,card,Thu,M,8.82,20.73,2.8,0.0581
103168,LATAM,laptops,online,cash,Wed,M,8.57,20.43,3.5,0.0494
103169,EU,phones,online,cash,Fri,S,9.4,17.36,2.5,0.0517
103170,US,laptops,retail,cash,Wed,M,13.07,14.02,5.8,0.0792
103171,US,laptops,retail,cash,Sat,M,9.21,21.7,7.1,0.0879
103172,US,laptops,partner,card,Wed,S,14.06,21.47,3.5,0.0556
103173,LATAM,laptops,online,cash,Tue,L,11.36,21.18,3.3,0.0605
103174,APAC,accessories,partner,card,Sat,S,9.55,22.69,2.6,0.0413
103175,US,phones,partner,wallet,Tue,S,17.84,10.23,4.5,0.0545
103176,APAC,tablets,online,card,Mon,S,16.35,18.43,6.8,0.0838
103177,APAC,phones,retail,cash,Fri,M,11.54,19.58,3.8,0.0499
103178,EU,laptops,online,wallet,Thu,M,18.8,25.84,5.0,0.0641
103179,EU,phones,online,wallet,Thu,M,11.66,20.3,3.0,0.0362
103180,EU,phones,retail,card,Sat,M,10.58,21.87,4.5,0.0669
103181,LATAM,tablets,retail,card,Mon,M,11.6,19.55,4.3,0.0639
103182,APAC,tablets,online,cash,Sun,L,23.37,11.77,5.8,0.0778
103183,EU,tablets,partner,wallet,Fri,L,10.24,22.01,6.4,0.0725
103184,LATAM,laptops,partner,cash,Fri,M,9.38,20.61,2.3,0.055
103185,EU,phones,retail,cash,Thu,M,6.01,13.28,5.0,0.0624
103186,EU,phones,retail,wallet,Tue,L,5.68,17.62,3.5,0.065
103187,EU,phones,online,cash,Thu,S,11.09,23.43,3.1,0.0592
103188,US,accessories,online,wallet,Sun,S,9.97,19.21,3.9,0.061
103189,LATAM,laptops,online,card,Sat,M,5.28,20.01,2.4,0.0559
103190,APAC,tablets,online,card,Wed,L,17.03,17.26,5.6,0.0765
103191,EU,phones,online,cash,Sat,L,11.67,16.9,3.8,0.0658
103192,EU,tablets,retail,cash,Fri,M,17.34,5.9,5.3,0.0557
103193,APAC,laptops,retail,card,Mon,M,6.75,20.24,5.2,0.0721
103194,EU,tablets,partner,cash,Wed,L,13.23,18.71,2.7,0.0523
103195,APAC,phones,partner,card,Mon,L,10.65,18.22,4.4,0.0676
103196,US,accessories,partner,wallet,Tue,S,10.98,17.71,5.0,0.0806
103197,APAC,laptops,retail,card,Fri,L,9.26,21.4,3.0,0.0506
103198,APAC,accessories,online,cash,Tue,L,8.63,26.06,5.5,0.0864
103199,US,laptops,online,cash,Fri,S,6.75,20.25,2.1,0.047
103200,EU,accessories,retail,card,Wed,M,10.84,22.92,4.0,0.0785
103201,APAC,phones,partner,cash,Wed,M,8.69,23.78,3.2,0.0521
103202,US,tablets,online,card,Sat,S,13.2,16.41,3.2,0.057
103203,APAC,laptops,retail,card,Fri,M,12.41,18.45,4.0,0.0685
103204,EU,accessories,online,card,Fri,M,10.39,15.6,2.2,0.0486
103205,EU,accessories,retail,wallet,Sun,L,11.96,22.34,3.3,0.0634
103206,US,laptops,retail,cash,Mon,S,11.91,14.34,7.5,0.0951
103207,APAC,accessories,online,card,Mon,M,7.4,20.13,6.4,0.0933
103208,US,phones,online,cash,Fri,M,17.1,14.52,2.4,0.0447
103209,APAC,accessories,online,card,Wed,S,11.63,18.96,5.5,0.065
103210,EU,laptops,online,card,Tue,L,11.57,25.16,3.4,0.0556
103211,EU,tablets,retail,card,Mon,M,20.34,14.76,3.0,0.0545
103212,APAC,laptops,online,card,Mon,L,10.91,16.67,5.5,0.0667
103213,LATAM,phones,retail,card,Fri,M,11.2,19.76,2.2,0.0354
103214,EU,accessories,online,card,Sun,M,11.71,17.02,2.5,0.0388
103215,EU,laptops,online,wallet,Sat,S,11.82,31.41,3.5,0.0494
103216,EU,phones,online,card,Fri,S,6.38,17.95,2.7,0.0399
103217,US,accessories,retail,card,Thu,M,11.02,19.17,2.5,0.0366
103218,US,tablets,online,card,Mon,L,11.98,16.31,3.7,0.0603
103219,US,phones,retail,wallet,Wed,L,20.33,16.77,5.5,0.0653
103220,APAC,laptops,online,card,Mon,L,12.89,20.23,6.2,0.0834
103221,EU,laptops,retail,card,Thu,S,13.23,13.62,3.5,0.0473
103222,APAC,laptops,retail,wallet,Tue,M,11.74,18.96,4.5,0.0693
103223,APAC,phones,online,cash,Fri,L,11.96,19.68,6.0,0.0713
103224,LATAM,tablets,partner,wallet,Thu,L,11.6,14.52,6.9,0.0936
103225,APAC,laptops,online,cash,Thu,M,11.76,19.5,6.3,0.0802
103226,APAC,laptops,online,cash,Sat,S,2.75,24.71,6.3,0.0911
103227,EU,phones,online,card,Thu,M,8.37,26.28,2.3,0.0381
103228,APAC,accessories,online,card,Thu,L,14.31,14.9,5.6,0.0751
103229,US,phones,retail,wallet,Tue,L,18.87,16.66,4.9,0.0781
103230,EU,accessories,online,wallet,Mon,L,11.15,25.23,4.6,0.08
103231,APAC,laptops,online,card,Fri,M,12.21,22.94,6.7,0.0958
103232,US,accessories,retail,card,Fri,M,11.88,22.2,3.9,0.0626
103233,LATAM,phones,retail,card,Wed,M,10.38,20.64,3.1,0.0607
103234,APAC,tablets,retail,card,Sun,L,18.03,11.14,3.0,0.0479
103235,APAC,phones,partner,cash,Thu,M,9.94,25.3,2.5,0.0475
103236,LATAM,phones,retail,cash,Tue,M,11.24,17.54,3.6,0.0659
103237,US,laptops,partner,wallet,Wed,L,6.49,19.72,4.6,0.06
103238,APAC,laptops,online,cash,Sun,M,8.93,23.81,6.0,0.0871
103239,US,laptops,retail,cash,Tue,L,11.62,22.72,7.1,0.0914
103240,US,laptops,online,card,Mon,M,11.7,20.32,2.8,0.0557
103241,LATAM,tablets,online,cash,Thu,S,11.48,12.69,5.6,0.074
103242,APAC,accessories,online,cash,Mon,M,9.21,18.7,5.6,0.0844
103243,APAC,laptops,retail,card,Thu,L,9.17,25.97,3.6,0.0596
103244,LATAM,laptops,online,card,Thu,S,5.34,30.01,2.2,0.044
103245,US,tablets,online,card,Sat,M,10.18,22.29,2.6,0.0525
103246,EU,laptops,retail,card,Mon,M,14.53,14.89,2.7,0.0648
103247,APAC,tablets,online,cash,Sat,M,21.69,13.18,5.3,0.0805
103248,US,accessories,online,wallet,Sun,M,5.39,20.6,2.3,0.0452
103249,APAC,phones,retail,cash,Wed,S,10.42,19.17,3.8,0.0518
103250,LATAM,phones,retail,card,Thu,M,8.73,25.43,3.7,0.0684
103251,APAC,accessories,retail,cash,Thu,L,11.51,16.37,4.6,0.067
103252,LATAM,tablets,retail,cash,Tue,M,9.19,18.53,2.8,0.0528
103253,APAC,accessories,online,wallet,Wed,M,9.55,18.48,5.3,0.0624
103254,LATAM,phones,retail,card,Wed,L,11.57,19.27,3.8,0.056
103255,US,accessories,retail,cash,Sat,M,13.75,19.12,2.8,0.0506
103256,EU,tablets,online,card,Wed,L,5.05,23.06,5.5,0.0792
103257,US,tablets,retail,card,Wed,M,10.05,23.27,2.4,0.0306
103258,APAC,phones,retail,card,Mon,L,12.76,15.43,3.8,0.0564
103259,APAC,tablets,online,card,Mon,M,24.64,12.32,5.9,0.083
103260,APAC,accessories,online,card,Thu,S,6.75,18.93,6.4,0.0752
103261,US,laptops,retail,wallet,Mon,M,12.82,17.13,6.1,0.0791
103262,EU,tablets,partner,card,Mon,M,11.04,17.54,2.3,0.0286
103263,EU,accessories,retail,cash,Sun,M,11.32,20.66,3.4,0.0584
103264,US,laptops,online,card,Thu,L,9.65,19.84,2.4,0.0332
103265,US,accessories,retail,card,Tue,L,9.17,17.63,6.5,0.0821
103266,LATAM,accessories,online,cash,Mon,S,9.2,19.65,3.2,0.0423
103267,US,tablets,retail,cash,Sun,L,13.9,15.29,3.4,0.0531
103268,US,accessories,retail,cash,Fri,S,8.84,13.93,2.6,0.0499
103269,US,laptops,retail,cash,Sat,L,3.88,25.72,5.4,0.072
103270,EU,laptops,retail,cash,Mon,L,11.72,11.78,2.8,0.0445
103271,EU,phones,retail,card,Mon,L,9.51,16.99,4.0,0.0667
103272,APAC,phones,online,wallet,Sun,S,6.57,26.59,6.1,0.0794
103273,APAC,accessories,partner,card,Sun,L,12.35,17.23,3.9,0.0533
103274,LATAM,tablets,online,wallet,Mon,M,7.64,16.7,3.8,0.0559
103275,US,laptops,online,card,Thu,M,12.68,15.82,3.2,0.0541
103276,APAC,laptops,retail,card,Thu,M,8.26,20.7,3.0,0.0418
103277,APAC,phones,retail,card,Sun,S,12.98,20.51,2.6,0.0497
103278,APAC,phones,online,cash,Sun,S,7.14,21.12,5.6,0.0847
103279,EU,accessories,retail,card,Tue,L,10.08,21.76,3.2,0.0547
103280,APAC,tablets,retail,card,Wed,S,18.13,19.3,3.6,0.055
103281,APAC,accessories,online,card,Fri,S,10.22,23.9,5.7,0.0664
103282,APAC,tablets,retail,card,Sat,M,16.99,15.74,4.1,0.0674
103283,EU,laptops,partner,wallet,Mon,L,11.2,22.79,2.8,0.0522
103284,LATAM,laptops,online,card,Sun,S,7.47,25.19,2.4,0.0459
103285,APAC,phones,retail,cash,Thu,M,7.69,28.74,3.2,0.0523
103286,EU,laptops,online,cash,Wed,M,4.39,28.94,2.6,0.0523
103287,US,phones,online,cash,Thu,S,18.89,15.36,3.5,0.0394
103288,EU,accessories,online,card,Fri,M,10.55,20.82,4.8,0.0817
103289,EU,accessories,partner,card,Sat,L,7.3,26.5,3.7,0.0595
103290,APAC,tablets,online,wallet,Thu,S,24.86,14.46,6.3,0.0781
103291,APAC,laptops,partner,cash,Sat,L,10.59,22.5,2.1,0.0433
103292,US,laptops,partner,card,Wed,S,8.81,23.67,2.9,0.0521
103293,EU,phones,online,card,Thu,M,7.53,23.36,5.0,0.0593
103294,EU,laptops,online,card,Tue,L,10.15,31.76,5.7,0.0662
103295,EU,phones,retail,cash,Fri,L,15.11,19.26,3.3,0.0478
103296,EU,phones,online,cash,Wed,M,6.39,14.85,3.4,0.0682
103297,EU,laptops,retail,card,Sat,M,9.69,18.0,3.3,0.0666
103298,APAC,tablets,retail,cash,Sun,L,20.71,13.17,2.8,0.0366
103299,APAC,phones,retail,wallet,Sat,M,10.09,20.7,2.1,0.04
103300,US,accessories,online,wallet,Mon,L,9.69,18.05,4.0,0.0467
103301,APAC,accessories,online,cash,Thu,M,9.3,21.83,6.5,0.0649
103302,EU,phones,retail,card,Thu,L,10.59,17.81,2.8,0.057
103303,LATAM,laptops,retail,card,Thu,L,4.59,22.43,3.5,0.0575
103304,US,tablets,partner,card,Tue,L,13.47,15.45,2.9,0.0492
103305,EU,phones,retail,cash,Wed,L,13.36,19.83,4.8,0.0765
103306,US,laptops,online,wallet,Fri,S,10.44,17.81,3.8,0.0541
103307,US,phones,partner,cash,Sat,M,20.35,16.5,2.4,0.048
103308,APAC,laptops,retail,cash,Mon,M,8.66,22.6,3.7,0.0553
103309,APAC,laptops,online,card,Wed,S,11.93,20.91,6.0,0.0856
103310,EU,laptops,online,cash,Sun,M,7.79,27.8,3.0,0.0578
103311,US,accessories,partner,wallet,Wed,L,15.23,13.68,2.2,0.0303
103312,EU,laptops,online,card,Sun,M,7.38,27.41,3.8,0.0493
103313,US,tablets,retail,wallet,Sun,S,6.45,23.97,2.2,0.0429
103314,APAC,phones,retail,card,Mon,M,7.43,19.31,3.3,0.0486
103315,EU,tablets,retail,wallet,Mon,L,17.16,15.35,4.3,0.0569
103316,US,tablets,partner,card,Sat,M,10.14,17.74,3.6,0.0528
103317,US,laptops,online,card,Sun,S,9.46,20.69,2.7,0.0316
103318,EU,laptops,retail,cash,Wed,L,7.78,17.21,4.6,0.0718
103319,APAC,accessories,online,card,Sat,L,10.61,18.79,5.6,0.0641
103320,APAC,laptops,online,cash,Fri,L,8.83,21.22,6.8,0.0762
103321,EU,laptops,retail,card,Thu,M,6.25,13.87,2.6,0.0294
103322,EU,tablets,online,card,Thu,S,6.02,26.71,3.8,0.0629
103323,US,laptops,partner,cash,Sat,M,7.31,17.99,4.7,0.0653
103324,APAC,phones,online,cash,Sun,S,9.95,18.83,5.8,0.0873
103325,LATAM,laptops,online,cash,Tue,M,9.04,26.98,2.3,0.0429
103326,US,laptops,online,card,Sat,M,7.85,22.54,3.3,0.0476
103327,EU,phones,partner,card,Tue,S,8.42,20.16,4.4,0.0567
103328,EU,phones,retail,cash,Sat,L,12.58,20.96,2.5,0.0477
103329,EU,tablets,retail,wallet,Sat,S,23.82,12.64,2.5,0.0548
103330,APAC,phones,retail,card,Sat,M,7.62,23.57,3.3,0.0525
103331,EU,phones,online,wallet,Sun,S,6.08,15.79,3.7,0.0659
103332,US,tablets,online,card,Sat,M,3.67,25.43,6.9,0.0865
103333,EU,laptops,online,cash,Fri,S,16.44,22.9,3.6,0.0624
103334,EU,laptops,retail,wallet,Thu,M,8.08,16.84,2.6,0.0467
103335,APAC,phones,partner,card,Sun,S,9.87,17.63,2.3,0.0509
103336,APAC,phones,partner,card,Wed,L,9.08,18.73,2.8,0.0378
103337,EU,phones,online,wallet,Mon,S,12.86,19.92,3.4,0.0493
103338,EU,laptops,retail,card,Thu,S,4.82,14.3,3.8,0.0515
103339,EU,tablets,online,card,Fri,M,11.34,22.2,3.4,0.0678
103340,EU,phones,online,card,Wed,M,9.36,24.14,4.7,0.0558
103341,US,phones,online,card,Fri,M,20.91,10.89,3.0,0.041
103342,APAC,tablets,retail,wallet,Thu,L,17.64,6.81,3.9,0.0518
103343,EU,phones,online,wallet,Thu,L,7.49,16.88,3.0,0.0518
103344,EU,tablets,retail,cash,Mon,S,17.87,14.17,2.7,0.0442
103345,US,phones,retail,wallet,Sat,L,14.31,21.49,2.6,0.0387
103346,APAC,phones,retail,wallet,Fri,M,7.44,29.54,3.4,0.0476
103347,APAC,phones,online,wallet,Wed,S,6.95,21.13,6.2,0.0878
103348,EU,laptops,online,card,Fri,L,16.01,26.68,2.4,0.0382
103349,US,laptops,online,wallet,Mon,M,6.81,26.73,2.1,0.0441
103350,US,laptops,online,wallet,Wed,M,15.08,17.48,4.6,0.0567
103351,US,tablets,online,card,Mon,S,10.76,19.21,4.8,0.0754
103352,APAC,phones,online,card,Tue,M,9.74,23.4,5.1,0.0787
103353,EU,accessories,online,card,Thu,M,13.52,18.08,2.9,0.0489
103354,US,laptops,online,card,Wed,S,7.51,24.24,2.8,0.0377
103355,APAC,laptops,retail,card,Sun,S,10.31,19.02,2.8,0.0439
103356,LATAM,laptops,retail,card,Tue,M,8.46,15.53,2.4,0.0431
103357,EU,laptops,online,wallet,Sun,L,12.57,28.54,2.6,0.0448
103358,APAC,phones,retail,cash,Fri,M,8.48,22.99,2.4,0.0438
103359,EU,accessories,retail,card,Thu,M,10.57,23.0,2.9,0.0474
103360,APAC,tablets,online,wallet,Tue,S,20.24,19.46,6.3,0.0936
103361,US,tablets,online,card,Sat,M,9.14,23.62,2.7,0.0431
103362,APAC,laptops,online,cash,Mon,L,4.79,25.41,6.4,0.0893
103363,EU,laptops,online,cash,Fri,M,13.13,27.64,3.5,0.0499
103364,LATAM,tablets,online,card,Fri,M,13.04,13.99,2.4,0.0495
103365,US,laptops,online,card,Wed,S,13.29,17.88,4.3,0.0528
103366,APAC,tablets,retail,card,Thu,M,14.74,18.16,5.2,0.062
103367,EU,accessories,online,wallet,Tue,M,9.78,15.32,3.8,0.0741
103368,EU,laptops,retail,cash,Thu,M,9.62,20.37,3.1,0.0441
103369,EU,phones,online,card,Wed,S,9.16,16.66,2.2,0.047
103370,APAC,accessories,retail,card,Sat,L,13.33,19.75,2.4,0.0414
103371,LATAM,accessories,online,card,Tue,S,11.61,17.79,6.5,0.097
103372,US,laptops,retail,card,Sun,L,11.36,21.05,7.9,0.1153
103373,EU,laptops,retail,card,Thu,S,9.04,19.99,2.4,0.0361
103374,LATAM,accessories,partner,card,Mon,M,12.54,19.37,2.4,0.0516
103375,APAC,accessories,online,card,Thu,S,6.48,24.18,8.1,0.1093
103376,US,accessories,online,card,Thu,L,10.45,22.41,2.9,0.0527
103377,APAC,tablets,online,card,Thu,S,21.1,12.71,5.6,0.0623
103378,EU,laptops,online,card,Sat,L,8.68,30.67,3.6,0.0494
103379,US,accessories,online,cash,Wed,M,8.97,23.15,4.1,0.0608
103380,US,tablets,online,card,Wed,L,15.91,18.05,6.4,0.088
103381,EU,phones,partner,card,Sun,M,4.9,24.8,3.3,0.0504
103382,EU,phones,retail,wallet,Sat,L,11.34,20.95,5.7,0.0877
103383,EU,tablets,partner,card,Tue,M,8.12,25.72,4.2,0.0415
103384,APAC,phones,partner,cash,Fri,M,7.49,22.74,5.0,0.0678
103385,APAC,phones,retail,card,Sun,L,11.06,21.83,2.2,0.0392
103386,US,accessories,online,card,Tue,M,10.46,13.38,2.8,0.0447
103387,APAC,tablets,online,card,Mon,S,20.32,12.11,6.1,0.0801
103388,EU,laptops,retail,card,Sun,L,9.69,12.13,2.6,0.0559
103389,APAC,accessories,retail,wallet,Fri,L,7.51,20.41,3.6,0.0564
103390,APAC,phones,retail,card,Tue,M,12.35,21.8,2.3,0.0383
103391,EU,laptops,retail,cash,Wed,L,6.38,22.1,4.3,0.0584
103392,APAC,phones,retail,cash,Tue,S,4.34,25.55,3.8,0.0524
103393,APAC,phones,retail,card,Sat,L,11.27,14.81,4.7,0.0781
103394,US,laptops,online,wallet,Tue,M,8.74,21.44,4.5,0.0698
103395,US,tablets,online,card,Mon,S,9.31,18.78,2.2,0.0225
103396,US,phones,online,cash,Mon,L,16.23,18.81,4.1,0.0568
103397,US,phones,online,card,Mon,M,13.42,20.29,4.6,0.0577
103398,EU,laptops,online,wallet,Sun,L,4.84,29.41,4.0,0.0509
103399,US,accessories,online,card,Tue,S,9.44,23.1,2.3,0.0441
103400,APAC,tablets,retail,wallet,Tue,M,16.19,15.86,2.3,0.0447
103401,US,laptops,online,card,Sun,S,12.76,20.49,3.6,0.0667
103402,EU,laptops,online,cash,Wed,L,12.0,31.32,2.5,0.0456
103403,LATAM,laptops,retail,card,Wed,L,13.18,15.74,2.6,0.0422
103404,US,tablets,online,card,Wed,M,6.88,23.99,3.6,0.0582
103405,EU,accessories,partner,card,Mon,M,9.63,19.49,2.7,0.0446
103406,US,laptops,online,wallet,Sun,L,15.88,19.17,4.5,0.0684
103407,EU,laptops,online,wallet,Wed,M,9.0,23.54,3.4,0.0525
103408,US,tablets,online,card,Tue,L,4.41,25.49,2.8,0.0479
103409,APAC,laptops,retail,card,Tue,L,11.28,18.44,2.4,0.0539
103410,EU,accessories,retail,card,Fri,M,7.52,21.08,2.7,0.0371
103411,EU,accessories,online,wallet,Tue,S,12.5,15.66,3.9,0.0531
103412,US,accessories,online,card,Wed,L,10.25,21.8,3.2,0.0566
103413,EU,tablets,online,wallet,Tue,S,8.55,19.59,2.4,0.0609
103414,APAC,laptops,online,wallet,Sat,M,8.81,17.11,6.2,0.0849
103415,APAC,laptops,partner,cash,Fri,S,13.92,23.12,2.4,0.04
103416,EU,laptops,online,cash,Sat,L,13.5,26.03,3.5,0.0564
103417,US,phones,retail,card,Sat,M,18.63,12.32,2.5,0.0559
103418,US,phones,retail,wallet,Thu,M,19.03,15.83,2.5,0.0378
103419,US,phones,partner,wallet,Sun,S,21.02,15.81,4.0,0.0649
103420,APAC,phones,online,wallet,Thu,S,11.17,18.92,5.2,0.064
103421,US,tablets,online,card,Sat,M,10.51,22.38,4.7,0.0682
103422,US,phones,retail,wallet,Mon,S,15.11,14.68,3.0,0.0468
103423,US,accessories,online,card,Mon,M,10.19,18.84,3.9,0.0573
103424,US,laptops,online,card,Thu,S,7.21,21.66,2.7,0.0562
103425,EU,laptops,retail,cash,Tue,L,16.7,10.94,2.2,0.0341
103426,US,laptops,retail,wallet,Sun,S,10.17,21.23,5.4,0.0859
103427,EU,phones,online,card,Wed,S,11.93,15.42,3.1,0.0614
103428,EU,laptops,retail,card,Mon,L,10.01,14.41,3.7,0.0485
103429,APAC,laptops,online,cash,Wed,L,6.94,19.58,5.6,0.0752
103430,EU,laptops,retail,wallet,Thu,L,12.74,14.33,7.2,0.0826
103431,US,accessories,online,wallet,Sun,S,15.35,14.29,3.1,0.0561
103432,EU,laptops,retail,cash,Wed,L,11.82,14.45,4.8,0.0617
103433,LATAM,phones,online,card,Wed,M,12.08,17.88,2.6,0.0467
103434,LATAM,laptops,retail,card,Tue,S,7.08,25.45,2.6,0.0549
103435,EU,accessories,online,card,Mon,M,5.99,17.61,2.4,0.0362
103436,LATAM,accessories,online,wallet,Sat,M,7.39,18.92,3.6,0.0505
103437,LATAM,laptops,online,cash,Wed,L,6.43,20.52,3.4,0.0534
103438,EU,laptops,retail,card,Fri,S,5.44,18.71,3.3,0.0559
103439,US,accessories,retail,card,Fri,S,14.81,14.97,4.3,0.064
103440,EU,laptops,online,wallet,Wed,M,6.7,32.34,3.5,0.0507
103441,EU,tablets,retail,wallet,Tue,M,18.42,16.29,3.0,0.0547
103442,US,accessories,retail,card,Sun,L,9.12,17.9,2.9,0.0428
103443,US,laptops,online,wallet,Wed,S,8.87,17.88,2.8,0.0528
103444,US,laptops,online,wallet,Sat,L,8.75,17.4,2.3,0.0424
103445,EU,laptops,retail,card,Tue,L,2.56,23.75,2.9,0.0463
103446,US,laptops,online,wallet,Mon,M,11.53,20.3,2.4,0.0459
103447,LATAM,tablets,online,wallet,Sat,M,10.73,21.01,3.1,0.0484
103448,US,laptops,retail,cash,Tue,L,11.76,25.69,5.4,0.0658
103449,APAC,phones,online,wallet,Sat,S,15.6,17.19,9.5,0.1028
103450,EU,accessories,online,wallet,Sat,S,13.01,17.35,5.5,0.072
103451,APAC,tablets,retail,card,Tue,L,22.6,8.34,5.6,0.0684
103452,US,phones,retail,card,Fri,S,16.45,18.45,3.2,0.0554
103453,LATAM,tablets,retail,cash,Sat,M,10.85,19.47,7.9,0.1066
103454,EU,tablets,online,cash,Mon,L,10.51,19.73,2.8,0.0323
103455,APAC,laptops,online,cash,Sat,L,7.67,28.54,7.6,0.1114
103456,US,phones,online,card,Sun,L,13.71,18.65,2.5,0.0496
103457,US,accessories,retail,card,Tue,S,7.41,20.4,2.2,0.0512
103458,EU,accessories,retail,card,Wed,L,8.94,20.49,5.8,0.073
103459,LATAM,accessories,online,card,Wed,M,2.9,25.71,4.2,0.0658
103460,EU,phones,partner,cash,Sun,L,9.4,17.13,4.5,0.0707
103461,US,phones,online,card,Fri,L,20.15,17.48,3.6,0.0509
103462,EU,phones,retail,card,Tue,M,8.42,17.64,2.1,0.0454
103463,LATAM,tablets,retail,card,Fri,M,14.75,15.92,2.5,0.0445
103464,APAC,phones,online,cash,Sat,M,10.38,21.24,5.5,0.0792
103465,APAC,tablets,partner,card,Sat,S,18.33,14.96,3.1,0.0572
103466,US,laptops,retail,cash,Tue,L,12.12,25.81,5.3,0.073
103467,US,laptops,partner,wallet,Wed,S,9.91,16.74,2.9,0.0549
103468,US,tablets,online,wallet,Sun,S,13.48,16.17,3.2,0.0581
103469,APAC,laptops,online,card,Mon,M,5.59,18.02,6.0,0.0639
103470,US,accessories,retail,cash,Sun,S,11.8,18.39,3.4,0.059
103471,APAC,laptops,online,cash,Mon,S,4.43,22.83,7.9,0.1011
103472,EU,phones,partner,card,Thu,M,9.05,21.26,3.5,0.0499
103473,APAC,phones,online,wallet,Fri,M,6.4,24.36,6.7,0.0726
103474,EU,phones,partner,cash,Fri,S,14.45,21.86,3.4,0.0627
103475,EU,laptops,retail,wallet,Thu,L,11.65,17.69,2.3,0.0462
103476,EU,tablets,retail,card,Mon,M,17.58,14.95,3.8,0.0707
103477,EU,laptops,retail,cash,Sun,S,13.69,12.4,5.3,0.0735
103478,LATAM,laptops,retail,cash,Tue,M,8.01,21.04,5.9,0.0836
103479,APAC,accessories,retail,card,Sat,S,13.47,16.54,4.1,0.0632
103480,APAC,laptops,retail,wallet,Mon,M,13.9,22.71,3.2,0.043
103481,EU,laptops,retail,card,Tue,M,8.54,19.15,2.4,0.0483
103482,EU,laptops,retail,card,Sat,S,11.03,18.27,2.7,0.057
103483,US,accessories,online,card,Thu,S,13.51,20.52,4.4,0.0872
103484,APAC,accessories,online,cash,Mon,L,10.78,19.6,6.9,0.0852
103485,EU,accessories,retail,cash,Fri,S,10.53,19.99,2.5,0.0434
103486,US,tablets,online,wallet,Thu,M,8.08,23.7,3.8,0.0584
103487,US,laptops,partner,card,Fri,S,9.03,21.99,2.4,0.0439
103488,APAC,tablets,retail,card,Sat,S,18.38,17.15,2.9,0.0568
103489,US,phones,retail,cash,Fri,M,20.17,12.71,4.1,0.062
103490,EU,accessories,retail,wallet,Thu,L,11.75,14.85,2.9,0.0592
103491,EU,phones,online,card,Tue,M,5.72,22.39,3.3,0.0347
103492,APAC,tablets,online,card,Wed,M,21.82,15.4,6.6,0.0879
103493,APAC,accessories,partner,card,Sun,S,14.09,20.33,2.4,0.0505
103494,US,tablets,retail,card,Tue,S,9.32,25.19,3.6,0.0722
103495,APAC,phones,online,card,Sat,M,5.36,18.23,5.9,0.0805
103496,EU,phones,online,card,Thu,M,8.17,23.27,2.5,0.0413
103497,US,tablets,retail,card,Mon,L,9.68,12.21,3.6,0.0554
103498,US,phones,partner,card,Mon,M,18.89,16.11,4.0,0.0394
103499,EU,phones,online,wallet,Sun,M,13.98,21.92,4.5,0.0614
103500,US,phones,retail,cash,Tue,M,24.52,9.52,3.6,0.0646
103501,APAC,phones,retail,card,Thu,L,13.52,17.58,3.0,0.052
103502,EU,laptops,partner,card,Mon,M,12.93,21.26,2.9,0.0548
103503,EU,laptops,partner,card,Mon,M,7.22,28.01,2.7,0.0451
103504,US,accessories,online,cash,Sat,M,9.17,17.97,5.0,0.0775
103505,APAC,tablets,retail,wallet,Thu,M,16.17,18.36,5.4,0.0658
103506,EU,phones,retail,card,Mon,L,5.98,20.87,4.2,0.0539
103507,EU,tablets,online,wallet,Wed,M,7.25,23.17,2.4,0.0579
103508,EU,accessories,online,card,Thu,M,7.23,20.04,4.7,0.0798
103509,EU,laptops,online,cash,Thu,L,7.52,23.54,3.0,0.0589
103510,APAC,laptops,partner,card,Sun,S,11.35,12.89,3.0,0.0431
103511,EU,laptops,retail,wallet,Thu,S,11.49,14.67,3.9,0.0552
103512,APAC,tablets,online,card,Mon,L,12.89,21.19,5.3,0.074
103513,APAC,laptops,retail,card,Sun,M,11.29,17.5,5.4,0.0736
103514,EU,phones,online,card,Thu,M,6.87,22.36,2.6,0.038
103515,APAC,accessories,retail,card,Mon,M,12.61,21.92,2.7,0.0426
103516,EU,phones,retail,cash,Thu,M,3.95,16.92,2.9,0.0608
103517,APAC,phones,partner,card,Tue,S,9.22,20.33,6.8,0.0819
103518,EU,accessories,online,card,Thu,M,12.08,22.41,2.4,0.0315
103519,US,phones,online,cash,Sat,L,13.35,16.05,3.7,0.06
103520,US,phones,retail,cash,Wed,S,17.41,18.08,6.1,0.0715
103521,US,accessories,partner,card,Fri,L,7.7,21.61,3.8,0.0683
103522,APAC,accessories,online,cash,Thu,S,14.94,10.16,6.2,0.0722
103523,APAC,laptops,retail,card,Sun,M,11.97,23.46,5.1,0.0775
103524,EU,phones,partner,cash,Sun,S,9.39,24.93,3.2,0.0508
103525,EU,phones,online,wallet,Mon,L,8.54,19.85,2.3,0.0445
103526,LATAM,phones,online,cash,Tue,L,10.6,22.53,3.6,0.0598
103527,US,tablets,online,cash,Sat,M,7.95,22.99,3.0,0.0491
103528,APAC,laptops,online,card,Sat,M,10.3,19.18,8.4,0.093
103529,US,tablets,retail,card,Sun,S,11.51,19.48,3.1,0.0546
103530,APAC,laptops,online,card,Tue,S,8.23,23.37,7.6,0.0871
103531,EU,accessories,partner,cash,Thu,M,11.92,26.92,3.1,0.0529
103532,US,laptops,online,cash,Sat,L,8.38,20.05,5.4,0.0516
103533,APAC,tablets,online,cash,Wed,M,21.09,9.33,5.8,0.0934
103534,US,phones,partner,cash,Mon,L,13.99,17.82,4.1,0.0524
103535,APAC,tablets,online,card,Fri,L,16.21,16.14,6.3,0.0826
103536,APAC,laptops,retail,wallet,Fri,S,9.48,23.91,2.9,0.0343
103537,APAC,phones,retail,card,Sat,S,5.75,27.85,2.4,0.04
103538,EU,laptops,retail,cash,Mon,S,11.34,14.39,2.7,0.0515
103539,LATAM,laptops,retail,wallet,Fri,M,12.92,18.68,4.4,0.0508
103540,US,phones,online,card,Sun,M,19.93,19.15,2.5,0.0558
103541,EU,tablets,retail,card,Wed,L,20.74,11.44,2.3,0.0404
103542,APAC,phones,online,wallet,Sun,L,8.65,13.06,6.1,0.0692
103543,EU,laptops,partner,cash,Wed,M,8.35,28.08,3.8,0.0587
103544,EU,tablets,retail,cash,Thu,L,23.99,14.44,2.6,0.047
103545,US,phones,retail,wallet,Thu,L,21.06,15.58,2.5,0.0555
103546,US,phones,partner,cash,Wed,L,21.97,10.11,3.4,0.0624
103547,EU,accessories,online,wallet,Thu,L,9.4,16.5,3.8,0.0571
103548,APAC,laptops,online,wallet,Mon,S,10.58,21.86,7.8,0.0965
103549,APAC,phones,online,cash,Thu,L,7.15,20.08,7.1,0.0925
103550,EU,phones,online,wallet,Fri,M,9.43,20.2,3.8,0.0422
103551,LATAM,tablets,retail,card,Sun,L,8.53,20.48,3.1,0.0561
103552,EU,phones,retail,card,Fri,M,7.86,21.95,3.6,0.04
103553,EU,tablets,online,card,Sun,L,6.07,20.98,3.0,0.0472
103554,APAC,accessories,retail,card,Wed,M,8.06,20.15,3.5,0.0549
103555,EU,tablets,retail,cash,Fri,S,13.37,13.67,3.0,0.049
103556,EU,phones,partner,cash,Wed,L,3.47,15.71,2.3,0.0502
103557,EU,accessories,partner,card,Wed,S,9.08,13.38,3.7,0.0536
103558,EU,tablets,retail,wallet,Tue,S,19.0,12.84,4.6,0.0578
103559,EU,accessories,online,card,Tue,S,12.2,22.31,3.7,0.0661
103560,US,laptops,retail,card,Fri,S,1.62,26.34,5.4,0.0765
103561,EU,phones,retail,card,Fri,S,9.91,18.27,3.4,0.0514
103562,US,phones,online,card,Fri,M,21.19,7.01,2.4,0.0399
103563,APAC,accessories,online,cash,Sun,S,16.79,14.45,6.4,0.0754
103564,US,phones,retail,card,Fri,M,20.24,19.18,5.7,0.0881
103565,EU,accessories,online,wallet,Sun,L,9.56,20.28,2.1,0.0565
103566,EU,laptops,online,card,Mon,S,10.31,23.84,3.1,0.0681
103567,LATAM,accessories,retail,card,Sat,M,9.3,19.07,2.9,0.0574
103568,EU,accessories,retail,card,Tue,L,11.05,20.66,3.0,0.0528
103569,US,tablets,retail,wallet,Fri,S,14.85,15.17,4.4,0.0628
103570,US,laptops,online,card,Sat,S,11.15,20.05,2.4,0.0336
103571,APAC,accessories,retail,cash,Mon,M,8.38,19.27,2.2,0.0408
103572,US,phones,online,card,Tue,M,22.38,18.36,4.6,0.0681
103573,LATAM,phones,partner,card,Sat,M,9.02,21.88,2.1,0.0404
103574,LATAM,tablets,retail,card,Thu,S,7.74,20.94,3.0,0.0287
103575,APAC,accessories,online,wallet,Sat,M,13.46,20.15,5.5,0.0835
103576,US,laptops,online,card,Sat,M,11.52,18.65,2.7,0.0575
103577,US,accessories,online,wallet,Mon,L,11.23,19.6,3.3,0.0478
103578,LATAM,laptops,partner,card,Mon,L,8.89,17.67,3.2,0.06
103579,APAC,tablets,retail,wallet,Fri,M,19.16,16.26,3.7,0.0404
103580,APAC,phones,online,cash,Sat,L,11.83,22.11,6.9,0.084
103581,LATAM,accessories,retail,card,Fri,M,8.8,22.05,2.6,0.0416
103582,US,laptops,online,wallet,Thu,L,8.02,17.0,3.3,0.0496
103583,APAC,laptops,online,card,Sat,L,9.2,18.69,5.9,0.0712
103584,APAC,laptops,online,card,Tue,S,9.47,18.47,8.5,0.1065
103585,US,laptops,partner,cash,Sun,M,5.17,24.08,2.3,0.0176
103586,APAC,tablets,retail,cash,Sat,L,18.74,15.05,2.9,0.0442
103587,EU,laptops,online,card,Sun,M,10.18,29.7,2.6,0.037
103588,EU,accessories,online,cash,Tue,S,8.36,19.44,3.7,0.0667
103589,APAC,tablets,online,wallet,Sun,L,15.52,14.6,5.9,0.0732
103590,LATAM,laptops,retail,cash,Tue,S,8.18,22.81,2.5,0.0567
103591,US,phones,online,cash,Tue,L,18.56,14.93,4.7,0.0723
103592,US,tablets,online,card,Fri,S,8.48,21.14,4.4,0.0828
103593,EU,accessories,online,card,Fri,L,7.42,17.73,3.5,0.0575
103594,LATAM,tablets,retail,card,Tue,L,8.63,22.29,3.1,0.0517
103595,EU,phones,online,cash,Mon,S,10.71,20.31,3.3,0.0478
103596,US,laptops,retail,card,Wed,S,18.47,14.04,5.4,0.0763
103597,APAC,phones,retail,card,Sun,M,13.01,15.9,2.8,0.0656
103598,US,accessories,online,cash,Fri,S,9.64,21.16,4.5,0.0557
103599,LATAM,laptops,online,wallet,Sun,S,13.88,16.38,3.1,0.0553
103600,US,laptops,online,card,Wed,L,11.64,22.45,2.3,0.0533
103601,APAC,phones,online,card,Thu,S,9.94,21.86,6.9,0.0848
103602,EU,tablets,retail,card,Fri,S,21.44,13.57,5.0,0.0732
103603,US,tablets,online,card,Fri,S,13.23,12.91,2.8,0.0396
103604,APAC,accessories,online,card,Thu,M,5.95,23.85,6.3,0.0843
103605,EU,laptops,retail,cash,Wed,S,3.16,18.71,2.5,0.0474
103606,APAC,laptops,retail,card,Fri,L,10.64,18.33,3.4,0.0564
103607,LATAM,laptops,retail,cash,Tue,M,8.67,22.04,3.4,0.0593
103608,EU,laptops,partner,wallet,Thu,S,11.75,26.66,3.3,0.0352
103609,US,accessories,retail,card,Thu,L,14.04,18.59,2.5,0.0282
103610,EU,laptops,retail,card,Sat,L,11.57,15.39,3.4,0.0282
103611,US,accessories,online,card,Sat,S,11.74,22.23,2.8,0.0622
103612,US,phones,partner,wallet,Sun,M,16.93,16.48,4.2,0.0522
103613,EU,phones,retail,card,Wed,M,10.34,18.44,2.8,0.0314
103614,LATAM,tablets,online,cash,Sat,M,3.87,25.08,3.1,0.0564
103615,EU,phones,partner,cash,Fri,L,6.56,17.7,5.2,0.0784
103616,US,phones,online,cash,Mon,M,18.69,13.17,3.0,0.0485
103617,EU,laptops,online,card,Thu,S,7.06,24.77,2.3,0.0423
103618,EU,tablets,online,card,Sat,M,10.27,21.1,2.1,0.0303
103619,APAC,laptops,partner,card,Sat,L,10.35,19.68,2.8,0.0495
103620,US,phones,online,card,Mon,M,20.92,17.26,2.7,0.0535
103621,APAC,laptops,partner,cash,Tue,L,8.23,21.11,7.0,0.0943
103622,APAC,phones,retail,wallet,Mon,S,10.75,17.77,2.6,0.0666
103623,US,accessories,online,cash,Wed,M,7.15,20.44,6.1,0.0541
103624,EU,laptops,retail,cash,Thu,M,14.1,10.3,2.2,0.0355
103625,APAC,tablets,partner,cash,Wed,M,22.45,10.51,4.9,0.0633
103626,LATAM,accessories,online,cash,Sun,M,14.74,17.35,2.7,0.0484
103627,EU,laptops,partner,cash,Wed,S,12.76,22.38,4.0,0.05
103628,EU,laptops,retail,cash,Wed,L,10.23,16.26,3.8,0.0518
103629,APAC,laptops,online,card,Tue,S,8.89,20.08,5.1,0.0726
103630,US,accessories,partner,cash,Tue,L,7.7,21.94,2.9,0.0529
103631,EU,tablets,online,wallet,Tue,L,9.15,19.92,2.7,0.0379
103632,EU,tablets,online,card,Fri,L,13.14,16.94,2.5,0.0423
103633,US,accessories,online,card,Fri,M,6.55,17.8,3.3,0.0504
103634,LATAM,phones,online,cash,Tue,S,14.01,25.17,4.7,0.0624
103635,EU,laptops,retail,card,Sun,M,6.54,13.08,3.3,0.059
103636,APAC,phones,retail,card,Fri,S,4.38,24.35,3.1,0.042
103637,EU,accessories,retail,cash,Wed,S,10.84,19.76,3.0,0.0518
103638,US,laptops,retail,card,Tue,M,11.55,20.57,5.9,0.0746
103639,US,tablets,online,wallet,Sat,L,7.97,22.31,4.0,0.0573
103640,US,laptops,online,card,Sun,M,10.55,16.08,3.9,0.0576
103641,EU,laptops,online,wallet,Fri,L,15.07,23.86,2.1,0.055
103642,APAC,laptops,retail,cash,Fri,M,7.61,18.57,3.0,0.0464
103643,LATAM,accessories,online,cash,Sun,M,11.29,21.47,2.7,0.045
103644,US,laptops,retail,card,Mon,M,7.49,27.07,5.9,0.073
103645,US,tablets,online,card,Fri,M,9.76,19.47,4.0,0.0581
103646,APAC,tablets,retail,card,Thu,L,13.9,16.84,4.4,0.0588
103647,EU,laptops,online,card,Sat,L,14.23,28.8,2.8,0.0523
103648,EU,laptops,retail,card,Sun,M,13.11,16.9,2.6,0.034
103649,APAC,phones,retail,card,Sun,L,8.15,22.15,2.4,0.0474
103650,US,accessories,online,card,Tue,M,12.46,18.0,4.1,0.0638
103651,US,tablets,retail,wallet,Tue,M,13.1,19.05,2.5,0.0274
103652,EU,phones,online,wallet,Wed,S,6.6,19.35,2.8,0.0322
103653,APAC,accessories,partner,cash,Thu,L,8.92,21.03,3.6,0.0548
103654,APAC,accessories,retail,card,Fri,M,11.78,18.86,2.2,0.0367
103655,EU,tablets,partner,cash,Thu,L,6.0,21.8,2.5,0.0418
103656,APAC,laptops,partner,wallet,Sat,S,15.36,13.21,4.4,0.0725
103657,LATAM,laptops,online,cash,Sat,L,8.54,16.82,3.2,0.0398
103658,EU,laptops,online,card,Wed,S,11.87,28.03,2.9,0.0383
103659,LATAM,laptops,online,cash,Thu,S,3.18,26.5,2.5,0.0524
103660,LATAM,accessories,online,cash,Sat,M,7.42,19.38,3.5,0.0539
103661,APAC,phones,retail,card,Wed,L,10.31,20.91,4.2,0.0652
103662,US,accessories,online,card,Sun,S,13.22,21.17,2.1,0.0248
103663,US,phones,online,wallet,Sat,L,23.72,7.51,3.3,0.0492
103664,US,phones,online,card,Thu,M,18.21,16.8,3.0,0.0514
103665,APAC,laptops,online,cash,Thu,M,12.39,15.59,5.7,0.091
103666,EU,phones,retail,cash,Wed,M,11.24,22.37,3.3,0.0557
103667,US,tablets,online,cash,Mon,M,6.99,19.95,5.1,0.0806
103668,US,tablets,online,cash,Fri,S,8.36,22.59,2.4,0.0539
103669,LATAM,laptops,retail,card,Wed,M,15.54,20.81,4.2,0.0704
103670,LATAM,laptops,partner,cash,Sat,M,8.62,22.45,2.9,0.0501
103671,US,phones,retail,card,Sun,S,14.67,18.45,2.2,0.0454
103672,US,tablets,online,wallet,Tue,S,11.36,16.95,3.7,0.0651
103673,APAC,tablets,partner,wallet,Mon,L,20.72,9.08,3.8,0.061
103674,US,tablets,online,card,Thu,S,11.85,19.55,3.0,0.0433
103675,EU,tablets,partner,wallet,Tue,M,10.05,22.49,2.4,0.0519
103676,EU,phones,online,card,Mon,S,14.83,25.55,3.0,0.0548
103677,US,laptops,online,cash,Sun,S,10.69,26.01,2.6,0.0415
103678,US,laptops,online,cash,Sun,S,10.52,17.49,3.0,0.0461
103679,EU,tablets,partner,card,Mon,M,16.78,19.66,3.3,0.0656
103680,EU,phones,online,cash,Thu,M,14.08,22.2,2.6,0.0443
103681,EU,laptops,online,cash,Tue,S,5.59,31.94,3.5,0.0525
103682,US,tablets,partner,cash,Wed,M,9.57,21.57,5.1,0.0701
103683,EU,tablets,retail,wallet,Thu,S,18.1,21.71,3.5,0.0538
103684,EU,phones,partner,card,Tue,S,9.06,23.71,2.1,0.0436
103685,APAC,laptops,online,wallet,Mon,L,12.55,13.65,6.2,0.0823
103686,EU,phones,partner,card,Sat,L,7.73,22.65,4.4,0.0669
103687,APAC,laptops,retail,card,Sun,S,11.06,17.21,4.2,0.06
103688,US,phones,online,card,Sun,M,22.85,13.57,3.0,0.0276
103689,EU,accessories,online,cash,Wed,M,11.97,18.83,3.5,0.052
103690,US,tablets,online,cash,Fri,M,11.03,13.29,3.7,0.0522
103691,US,laptops,partner,card,Mon,S,10.95,13.44,3.3,0.0411
103692,LATAM,laptops,online,card,Sun,M,12.14,17.48,2.4,0.0445
103693,LATAM,tablets,online,cash,Mon,L,9.83,20.21,3.3,0.0657
103694,US,accessories,online,card,Sat,S,7.24,26.16,3.9,0.0479
103695,US,phones,online,cash,Sat,M,20.74,11.18,3.6,0.0547
103696,US,laptops,online,cash,Sat,M,10.47,20.5,2.4,0.0476
103697,EU,accessories,retail,cash,Wed,M,6.0,18.58,3.6,0.0517
103698,US,accessories,retail,cash,Sun,S,7.47,27.71,2.7,0.0564
103699,EU,tablets,online,card,Fri,S,9.7,16.9,3.2,0.0535
103700,EU,tablets,online,card,Sun,M,5.74,21.16,2.9,0.0442
103701,APAC,phones,partner,card,Sat,M,9.0,19.87,4.4,0.0572
103702,APAC,tablets,partner,wallet,Wed,L,19.52,13.85,3.0,0.0461
103703,US,laptops,retail,card,Fri,L,11.78,20.41,5.9,0.0833
103704,LATAM,phones,partner,wallet,Sun,M,12.54,16.83,3.4,0.0512
103705,EU,tablets,online,cash,Tue,L,11.2,21.55,2.3,0.0487
103706,EU,tablets,retail,card,Tue,S,15.07,17.56,2.9,0.0501
103707,US,tablets,retail,cash,Fri,S,9.6,17.96,3.4,0.0455
103708,US,tablets,online,cash,Wed,M,10.21,18.34,4.8,0.0682
103709,US,laptops,online,card,Sun,M,6.73,20.97,3.7,0.0633
103710,EU,phones,online,wallet,Tue,M,10.8,25.13,2.2,0.0426
103711,APAC,tablets,retail,card,Sat,S,21.61,15.52,3.0,0.0422
103712,EU,phones,online,cash,Sat,S,6.16,23.05,3.2,0.0633
103713,EU,phones,online,cash,Tue,M,13.84,11.57,4.5,0.0651
103714,EU,phones,retail,cash,Sat,L,13.61,22.59,2.3,0.0453
103715,APAC,laptops,online,wallet,Thu,S,13.47,15.65,7.9,0.1004
103716,EU,accessories,online,cash,Sat,M,11.87,16.5,3.1,0.0579
103717,LATAM,tablets,online,card,Thu,M,12.36,19.29,2.4,0.056
103718,US,accessories,online,card,Fri,L,10.3,14.72,3.4,0.0483
103719,EU,phones,partner,wallet,Wed,M,12.01,20.08,2.8,0.0441
103720,EU,tablets,online,wallet,Sun,M,11.74,19.64,3.1,0.0413
103721,US,phones,retail,cash,Wed,M,17.66,11.54,3.7,0.0658
103722,EU,phones,online,cash,Mon,S,7.63,21.82,2.7,0.0407
103723,APAC,phones,online,cash,Mon,M,13.7,12.71,6.4,0.0696
103724,APAC,tablets,partner,card,Fri,S,16.6,15.74,3.8,0.0806
103725,US,tablets,partner,wallet,Mon,M,11.74,20.53,2.0,0.0307
103726,LATAM,tablets,partner,card,Tue,M,10.59,18.59,3.8,0.0444
103727,APAC,laptops,online,card,Fri,M,7.73,24.32,5.7,0.0833
103728,EU,tablets,retail,card,Mon,L,18.54,15.18,2.9,0.0465
103729,EU,laptops,retail,card,Sat,M,10.4,10.02,3.5,0.0611
103730,US,tablets,online,cash,Fri,M,5.11,21.23,3.2,0.0604
103731,EU,tablets,retail,wallet,Tue,L,23.82,16.1,2.7,0.0539
103732,US,phones,retail,card,Tue,M,17.33,15.86,3.8,0.0591
103733,US,laptops,online,cash,Thu,M,10.77,21.17,4.2,0.0585
103734,APAC,accessories,online,cash,Tue,M,8.57,20.29,5.7,0.0735
103735,US,laptops,online,cash,Sun,M,11.3,17.41,3.1,0.0644
103736,APAC,phones,retail,cash,Sun,S,11.76,19.14,2.5,0.031
103737,US,laptops,partner,wallet,Sat,M,7.1,24.98,3.6,0.0589
103738,EU,tablets,online,card,Mon,L,10.74,18.33,3.9,0.036
103739,LATAM,laptops,retail,wallet,Fri,S,9.42,21.07,2.1,0.0347
103740,EU,accessories,retail,cash,Sat,M,6.23,23.2,3.1,0.0417
103741,US,laptops,retail,cash,Wed,L,12.19,14.85,6.6,0.0827
103742,EU,accessories,online,cash,Wed,S,11.57,18.8,3.7,0.0616
103743,US,tablets,online,card,Mon,S,6.01,23.72,3.2,0.0506
103744,APAC,laptops,partner,wallet,Thu,L,12.91,23.36,2.8,0.0484
103745,EU,laptops,online,cash,Wed,L,6.31,39.37,4.3,0.0588
103746,LATAM,laptops,online,cash,Mon,M,11.15,17.43,4.1,0.0535
103747,EU,accessories,online,card,Mon,S,15.28,19.73,3.9,0.0513
103748,LATAM,tablets,retail,card,Sun,L,7.89,24.12,2.2,0.0415
103749,APAC,accessories,online,card,Thu,M,9.04,25.31,5.3,0.0786
103750,EU,phones,retail,card,Fri,M,13.02,21.24,3.9,0.0497
103751,EU,accessories,partner,card,Sat,S,14.16,25.71,2.6,0.0479
103752,EU,tablets,online,card,Sat,M,6.99,22.93,2.3,0.0549
103753,US,phones,retail,wallet,Thu,L,15.54,16.09,3.6,0.0546
103754,EU,laptops,online,cash,Fri,L,6.48,25.01,3.7,0.0606
103755,LATAM,laptops,retail,card,Sat,L,11.54,17.28,2.7,0.0499
103756,EU,tablets,partner,card,Sun,L,9.24,18.14,3.2,0.0512
103757,APAC,laptops,retail,wallet,Sat,M,9.36,21.1,4.6,0.0624
103758,US,laptops,retail,card,Wed,M,10.76,19.17,7.8,0.1095
103759,EU,phones,retail,cash,Sat,M,12.53,18.58,3.4,0.0526
103760,APAC,tablets,online,wallet,Wed,M,9.48,23.3,7.1,0.0916
103761,US,accessories,online,cash,Tue,M,13.85,19.96,2.9,0.0587
103762,EU,accessories,online,card,Wed,M,8.77,17.33,2.9,0.0485
103763,US,tablets,retail,card,Tue,S,9.85,18.95,2.5,0.0395
103764,EU,phones,online,cash,Sat,L,11.26,23.6,2.9,0.0548
103765,EU,accessories,online,card,Fri,M,12.37,21.19,2.8,0.0522
103766,US,accessories,online,card,Sun,S,9.76,20.81,4.3,0.0632
103767,US,phones,online,card,Fri,S,24.65,6.67,2.7,0.0409
103768,EU,laptops,retail,card,Fri,L,8.49,18.81,2.2,0.0353
103769,EU,accessories,retail,card,Thu,S,8.24,23.12,3.1,0.0598
103770,LATAM,laptops,retail,card,Mon,M,12.64,15.31,2.6,0.0523
103771,US,accessories,retail,card,Mon,S,14.38,9.73,4.6,0.0698
103772,US,laptops,online,cash,Sun,M,4.93,25.25,2.9,0.0592
103773,EU,phones,partner,cash,Sat,L,13.84,22.55,3.5,0.0528
103774,EU,laptops,retail,cash,Sun,L,7.29,20.81,4.5,0.0669
103775,US,laptops,online,wallet,Thu,M,11.88,19.24,6.9,0.0866
103776,EU,phones,retail,card,Mon,L,9.65,19.91,3.7,0.0571
103777,APAC,phones,partner,wallet,Mon,L,7.39,22.81,2.7,0.0424
103778,EU,laptops,partner,card,Sat,S,10.46,20.41,3.8,0.0714
103779,US,accessories,retail,wallet,Sun,S,8.06,27.16,3.0,0.0467
103780,US,accessories,partner,card,Tue,M,13.1,18.54,2.3,0.0517
103781,APAC,laptops,retail,card,Mon,M,4.84,20.5,4.5,0.0653
103782,EU,accessories,partner,cash,Thu,M,9.34,14.62,4.5,0.0684
103783,APAC,accessories,online,card,Wed,S,9.48,23.39,9.2,0.1038
103784,US,laptops,online,card,Wed,S,9.82,23.99,3.3,0.0527
103785,APAC,tablets,online,card,Fri,M,16.7,20.42,5.8,0.071
103786,APAC,laptops,partner,cash,Fri,M,9.26,20.39,3.1,0.0566
103787,APAC,tablets,online,card,Thu,L,21.16,13.81,6.1,0.0877
103788,EU,laptops,partner,card,Fri,L,9.06,22.31,3.7,0.0657
103789,EU,tablets,online,cash,Fri,L,6.79,15.26,3.0,0.0513
103790,EU,laptops,online,cash,Fri,L,13.99,24.28,3.4,0.0569
103791,EU,laptops,online,card,Mon,L,5.72,29.56,3.6,0.0548
103792,US,accessories,online,card,Mon,M,7.52,23.95,3.6,0.0522
103793,EU,accessories,partner,card,Thu,M,10.35,21.28,2.6,0.0533
103794,EU,accessories,online,cash,Tue,L,7.67,20.81,3.4,0.0524
103795,US,laptops,online,card,Tue,M,6.85,18.87,3.7,0.062
103796,EU,phones,partner,cash,Mon,S,7.4,18.08,2.4,0.0577
103797,EU,tablets,partner,card,Mon,M,13.56,18.57,3.1,0.0384
103798,APAC,phones,online,card,Wed,S,14.7,18.22,7.1,0.0812
103799,US,tablets,online,wallet,Tue,S,9.17,30.6,3.4,0.0542
103800,EU,accessories,partner,card,Mon,M,9.97,20.33,5.3,0.0727
103801,EU,laptops,online,wallet,Tue,M,13.85,28.04,2.1,0.0529
103802,US,tablets,online,wallet,Tue,L,7.85,23.56,2.4,0.0389
103803,EU,laptops,online,card,Mon,S,7.32,30.46,3.5,0.0539
103804,US,tablets,online,card,Sat,L,5.32,19.9,2.7,0.0383
103805,APAC,accessories,online,cash,Mon,M,11.94,20.62,6.0,0.0849
103806,EU,phones,online,cash,Thu,M,7.01,17.11,2.2,0.0346
103807,US,tablets,online,card,Mon,S,6.12,21.03,2.5,0.0311
103808,APAC,phones,online,card,Wed,S,11.37,20.97,7.4,0.0939
103809,APAC,laptops,online,card,Fri,S,13.18,19.87,6.2,0.084
103810,US,laptops,retail,wallet,Mon,M,11.05,19.81,7.2,0.1032
103811,EU,laptops,retail,cash,Fri,M,4.77,18.95,3.5,0.0442
103812,LATAM,phones,retail,wallet,Thu,S,5.4,24.88,6.8,0.0859
103813,LATAM,tablets,partner,card,Sat,M,6.58,17.09,3.5,0.0558
103814,APAC,laptops,retail,card,Sun,S,9.38,18.77,4.3,0.0703
103815,EU,laptops,online,card,Fri,S,10.75,25.5,2.4,0.0397
103816,US,accessories,online,cash,Wed,L,5.95,21.12,3.1,0.0434
103817,APAC,accessories,partner,card,Fri,M,15.62,19.41,4.9,0.0852
103818,US,tablets,retail,card,Mon,S,10.82,19.84,2.7,0.0534
103819,LATAM,laptops,partner,card,Thu,M,15.42,16.47,4.5,0.0691
103820,US,phones,retail,card,Wed,M,22.1,16.96,2.8,0.0387
103821,EU,phones,online,cash,Fri,S,10.66,21.46,3.0,0.0528
103822,EU,laptops,online,cash,Wed,L,12.32,30.61,3.6,0.0649
103823,LATAM,tablets,online,cash,Sun,L,12.67,21.28,7.5,0.1052
103824,LATAM,phones,online,cash,Thu,L,9.33,18.07,2.4,0.0426
103825,LATAM,laptops,online,card,Sat,L,6.33,16.86,2.7,0.0398
103826,EU,laptops,online,card,Sat,M,9.1,28.07,4.7,0.0758
103827,EU,tablets,retail,cash,Wed,M,20.85,7.06,2.9,0.0461
103828,US,tablets,retail,cash,Tue,S,12.92,21.34,2.6,0.044
103829,EU,tablets,partner,card,Tue,S,6.89,24.83,3.1,0.0382
103830,APAC,tablets,online,card,Mon,S,17.87,21.9,5.8,0.085
103831,US,accessories,retail,cash,Sun,S,8.46,20.93,3.2,0.0595
103832,APAC,laptops,online,wallet,Fri,L,8.75,19.07,6.3,0.0905
103833,US,phones,retail,wallet,Mon,M,17.37,19.91,2.4,0.0397
103834,US,tablets,retail,wallet,Thu,M,13.59,18.94,4.5,0.0542
103835,LATAM,laptops,online,card,Thu,L,10.13,20.5,4.1,0.0472
103836,EU,phones,partner,card,Wed,L,13.53,25.13,2.9,0.0493
103837,US,phones,retail,card,Mon,S,18.82,18.12,2.6,0.0506
103838,US,accessories,partner,card,Mon,L,9.27,24.25,2.1,0.0415
103839,APAC,laptops,retail,card,Mon,L,8.8,20.97,4.1,0.0634
103840,APAC,laptops,online,cash,Thu,S,14.1,21.5,6.7,0.0965
103841,US,phones,partner,cash,Fri,S,17.44,12.07,3.0,0.0379
103842,EU,tablets,retail,card,Tue,M,16.94,13.84,3.9,0.0578
103843,EU,laptops,online,card,Mon,L,11.33,28.84,2.4,0.0427
103844,EU,laptops,online,card,Tue,M,5.47,32.23,3.6,0.0574
103845,US,tablets,online,card,Sun,L,9.1,20.89,5.6,0.0786
103846,EU,phones,retail,card,Tue,M,14.1,17.03,4.7,0.0638
103847,US,laptops,online,cash,Tue,M,10.75,16.32,3.2,0.0625
103848,LATAM,accessories,retail,card,Thu,S,9.46,17.67,2.8,0.06
103849,APAC,laptops,partner,card,Sun,S,13.71,17.9,3.3,0.0653
103850,US,phones,online,card,Sun,M,14.11,16.11,3.0,0.0526
103851,LATAM,laptops,retail,card,Wed,L,13.79,16.45,2.4,0.041
103852,LATAM,phones,online,wallet,Thu,M,6.36,22.99,4.1,0.0512
103853,APAC,phones,online,card,Sat,M,7.55,21.3,5.4,0.0728
103854,EU,tablets,partner,card,Fri,L,14.04,15.33,3.2,0.0516
103855,APAC,accessories,online,wallet,Wed,M,7.65,16.81,6.3,0.0884
103856,APAC,laptops,online,cash,Thu,M,9.61,23.37,5.3,0.0602
103857,US,accessories,online,card,Fri,L,5.81,23.09,2.4,0.0419
103858,US,laptops,partner,wallet,Tue,M,10.43,20.98,3.9,0.0671
103859,EU,accessories,partner,card,Sat,S,10.49,19.76,3.9,0.0655
103860,EU,accessories,retail,card,Sun,L,9.42,18.48,3.0,0.049
103861,US,tablets,online,wallet,Tue,M,12.39,13.67,5.2,0.0746
103862,US,tablets,retail,card,Wed,L,9.03,22.24,2.3,0.0502
103863,US,phones,retail,cash,Thu,S,20.27,11.84,3.1,0.0376
103864,APAC,phones,retail,cash,Thu,M,8.79,21.4,3.4,0.0649
103865,EU,laptops,retail,cash,Mon,L,13.06,12.81,2.3,0.0617
103866,EU,phones,online,card,Sun,S,3.69,20.1,2.5,0.0351
103867,EU,tablets,retail,card,Tue,S,17.79,18.48,4.0,0.0585
103868,US,phones,retail,cash,Wed,M,18.94,17.45,2.2,0.0335
103869,EU,laptops,online,wallet,Fri,S,9.16,33.17,2.2,0.0278
103870,EU,tablets,online,card,Fri,L,9.55,23.57,2.7,0.059
103871,EU,laptops,retail,card,Thu,L,11.58,16.37,3.0,0.0575
103872,EU,accessories,online,cash,Fri,L,16.91,16.42,3.7,0.0694
103873,LATAM,laptops,online,wallet,Mon,M,12.04,16.71,3.0,0.0556
103874,US,tablets,online,card,Tue,S,6.39,25.65,2.6,0.0432
103875,LATAM,tablets,online,card,Fri,L,7.26,20.33,2.7,0.0412
103876,US,accessories,online,card,Thu,M,9.61,24.54,2.1,0.0425
103877,LATAM,tablets,online,card,Thu,S,11.32,13.74,4.2,0.0531
103878,EU,accessories,online,card,Sat,M,8.55,19.56,2.6,0.0258
103879,US,laptops,retail,wallet,Thu,S,10.48,19.83,6.2,0.0937
103880,EU,tablets,online,card,Sat,M,7.28,23.22,3.3,0.0572
103881,APAC,phones,partner,wallet,Thu,S,6.48,23.75,3.1,0.064
103882,EU,phones,retail,cash,Sat,S,9.24,21.1,2.4,0.0516
103883,US,laptops,online,wallet,Mon,M,13.59,13.36,3.3,0.0473
103884,EU,laptops,partner,cash,Wed,L,6.85,28.92,2.7,0.0405
103885,EU,laptops,online,cash,Fri,M,7.51,35.25,2.2,0.0366
103886,APAC,tablets,online,wallet,Mon,M,21.44,18.13,5.5,0.0833
103887,APAC,laptops,partner,wallet,Tue,L,11.21,22.03,3.2,0.0596
103888,APAC,tablets,online,card,Wed,M,18.97,8.92,6.7,0.0879
103889,LATAM,laptops,online,cash,Mon,M,15.25,20.8,3.4,0.0485
103890,APAC,phones,online,cash,Sun,L,9.52,21.78,5.7,0.0772
103891,EU,tablets,retail,cash,Mon,L,19.83,13.23,2.8,0.0495
103892,EU,phones,online,card,Mon,L,11.12,21.94,4.6,0.0584
103893,US,accessories,online,card,Fri,M,13.01,16.74,3.1,0.0461
103894,LATAM,accessories,retail,card,Fri,L,20.24,13.14,3.1,0.0557
103895,EU,laptops,online,wallet,Sat,S,7.95,28.73,3.6,0.0626
103896,APAC,laptops,partner,card,Wed,S,14.36,16.47,2.7,0.0488
103897,EU,laptops,retail,cash,Sat,S,11.55,20.77,2.5,0.0434
103898,EU,laptops,retail,cash,Thu,L,5.53,21.69,2.8,0.0551
103899,EU,laptops,online,card,Wed,M,9.69,30.91,3.7,0.0516
103900,US,accessories,online,cash,Thu,S,9.68,19.93,4.2,0.0705
103901,LATAM,accessories,online,cash,Mon,L,9.74,22.93,4.5,0.0542
103902,APAC,phones,retail,card,Mon,S,6.94,27.9,4.6,0.0636
103903,EU,tablets,online,card,Wed,M,11.82,16.69,4.6,0.0563
103904,LATAM,tablets,retail,card,Wed,L,9.37,18.0,3.5,0.0501
103905,EU,laptops,retail,card,Sun,L,8.33,18.32,3.8,0.0667
103906,EU,tablets,online,card,Sun,S,9.58,17.51,3.5,0.0536
103907,US,phones,online,card,Sun,S,21.29,9.19,3.4,0.0374
103908,EU,laptops,online,card,Sat,S,9.71,26.99,4.7,0.0746
103909,APAC,laptops,online,card,Mon,M,12.8,18.99,7.2,0.0787
103910,EU,phones,partner,card,Fri,M,12.93,23.63,3.9,0.0636
103911,APAC,accessories,online,cash,Thu,L,11.48,18.47,5.8,0.0754
103912,EU,laptops,online,cash,Wed,M,13.09,28.86,2.3,0.0385
103913,APAC,phones,partner,cash,Fri,M,16.81,15.12,3.4,0.0535
103914,EU,laptops,online,cash,Thu,S,5.66,29.38,3.2,0.0604
103915,LATAM,laptops,online,card,Tue,L,13.23,24.34,3.2,0.0467
103916,APAC,accessories,partner,cash,Mon,M,8.65,20.98,4.9,0.0809
103917,US,tablets,retail,card,Wed,L,10.44,21.1,4.3,0.0666
103918,APAC,phones,online,wallet,Wed,S,10.43,15.82,6.6,0.0825
103919,APAC,laptops,retail,wallet,Wed,M,5.75,24.41,3.6,0.0625
103920,APAC,accessories,online,cash,Thu,L,12.04,12.87,5.2,0.0742
103921,APAC,accessories,partner,cash,Fri,L,6.76,24.86,3.5,0.058
103922,LATAM,phones,retail,cash,Mon,M,8.0,28.15,3.7,0.0745
103923,US,tablets,partner,card,Thu,M,12.61,15.99,3.2,0.0495
103924,APAC,tablets,retail,wallet,Wed,S,20.93,12.02,4.7,0.0681
103925,US,phones,online,card,Tue,S,22.21,15.38,6.5,0.0819
103926,LATAM,phones,retail,card,Tue,M,10.96,16.06,3.8,0.0629
103927,EU,laptops,partner,cash,Thu,S,9.65,22.33,2.7,0.0564
103928,APAC,laptops,retail,cash,Sun,L,11.45,18.31,3.3,0.0515
103929,EU,laptops,retail,card,Tue,M,10.38,16.85,2.9,0.0337
103930,APAC,phones,online,card,Wed,L,11.79,23.35,5.7,0.084
103931,EU,phones,online,card,Wed,M,12.73,22.8,2.6,0.0379
103932,EU,laptops,partner,card,Wed,S,11.06,26.13,3.4,0.0483
103933,APAC,phones,online,cash,Sat,S,8.99,20.45,5.4,0.0825
103934,US,laptops,online,card,Sat,L,6.14,20.42,2.7,0.0572
103935,APAC,laptops,retail,card,Thu,S,10.97,23.58,2.6,0.0508
103936,US,tablets,online,card,Thu,M,7.35,17.28,3.1,0.0637
103937,EU,tablets,retail,cash,Sun,L,16.71,15.59,7.0,0.0931
103938,APAC,accessories,online,card,Sun,L,11.3,22.32,5.7,0.0879
103939,EU,laptops,online,card,Sun,M,10.94,25.95,3.1,0.0621
103940,US,accessories,retail,card,Tue,L,8.75,24.03,3.1,0.0419
103941,US,laptops,online,cash,Thu,L,14.33,16.93,2.3,0.0552
103942,US,laptops,partner,card,Sat,M,5.1,23.21,2.6,0.0412
103943,EU,phones,online,card,Tue,L,6.2,17.24,4.2,0.0664
103944,EU,laptops,retail,card,Tue,S,10.9,13.59,3.2,0.0502
103945,US,laptops,online,wallet,Sat,M,12.47,19.03,3.3,0.0556
103946,APAC,laptops,retail,card,Sat,S,13.14,21.65,4.1,0.0616
103947,EU,laptops,online,cash,Fri,M,13.77,28.91,2.4,0.0362
103948,US,tablets,online,cash,Mon,S,9.35,19.93,2.3,0.0378
103949,EU,laptops,online,wallet,Sun,L,15.68,25.61,3.8,0.0518
103950,US,laptops,retail,cash,Sat,M,7.95,22.33,5.7,0.0686
103951,EU,phones,retail,cash,Fri,L,12.35,17.94,2.6,0.0322
103952,US,accessories,retail,cash,Tue,L,8.12,19.84,2.3,0.0388
103953,APAC,tablets,retail,card,Tue,M,20.78,17.69,3.1,0.0426
103954,US,phones,online,card,Fri,M,18.7,14.85,2.5,0.0545
103955,US,tablets,retail,card,Fri,M,8.38,17.18,5.4,0.0669
103956,EU,phones,retail,card,Mon,M,15.52,24.7,2.8,0.0545
103957,APAC,laptops,partner,wallet,Mon,S,4.2,19.48,3.0,0.048
103958,EU,laptops,online,cash,Mon,L,13.04,30.53,3.8,0.0501
103959,US,tablets,partner,card,Sat,L,7.98,20.07,2.6,0.0474
103960,EU,accessories,online,card,Mon,S,9.26,23.97,3.4,0.0544
103961,LATAM,accessories,online,wallet,Fri,S,11.95,16.86,3.6,0.0635
103962,LATAM,tablets,online,cash,Mon,M,12.96,21.88,3.4,0.058
103963,EU,phones,partner,card,Sat,M,16.59,20.34,3.5,0.0622
103964,US,phones,online,wallet,Tue,S,19.12,17.07,2.7,0.0559
103965,EU,phones,retail,card,Sat,L,8.56,17.06,2.4,0.0437
103966,US,phones,online,card,Fri,M,15.86,20.24,5.0,0.0697
103967,APAC,laptops,retail,card,Thu,S,8.91,12.43,3.0,0.0589
103968,US,laptops,partner,cash,Fri,M,6.89,22.47,2.4,0.0545
103969,EU,tablets,online,card,Sat,M,9.9,23.36,2.5,0.0398
103970,LATAM,phones,online,cash,Wed,L,13.51,21.86,3.4,0.0559
103971,US,accessories,online,card,Thu,S,8.41,23.19,3.4,0.0653
103972,EU,phones,online,card,Thu,M,10.69,21.18,2.3,0.0494
103973,US,laptops,online,card,Sun,S,12.84,14.39,2.6,0.0399
103974,EU,tablets,partner,wallet,Tue,S,10.96,17.06,3.2,0.0405
103975,APAC,phones,retail,card,Fri,L,7.17,16.43,3.2,0.0364
103976,US,tablets,online,cash,Sun,M,10.94,19.96,2.7,0.0445
103977,US,laptops,online,card,Sun,M,13.58,12.68,2.7,0.0407
103978,APAC,tablets,retail,card,Tue,S,20.51,14.9,2.8,0.0411
103979,US,laptops,online,card,Mon,M,11.21,20.94,3.5,0.0518
103980,EU,tablets,online,cash,Sun,M,10.03,21.94,4.2,0.0708
103981,EU,phones,online,cash,Sat,M,11.53,21.88,3.6,0.0599
103982,EU,phones,online,card,Sun,L,9.31,24.21,3.2,0.0476
103983,APAC,phones,retail,card,Wed,S,8.33,20.94,3.1,0.0623
103984,US,phones,online,card,Wed,L,23.94,13.47,3.0,0.0592
103985,US,phones,online,card,Sat,M,16.01,14.77,3.9,0.0621
103986,EU,laptops,retail,cash,Thu,S,10.33,14.15,5.7,0.0814
103987,EU,phones,online,cash,Tue,M,7.98,22.26,3.2,0.0534
103988,EU,accessories,online,card,Sun,L,6.85,22.11,2.6,0.0579
103989,US,laptops,retail,card,Thu,L,13.83,16.43,5.0,0.0519
103990,APAC,tablets,retail,card,Sun,M,17.15,16.16,2.6,0.0457
103991,US,laptops,retail,card,Sun,L,16.07,13.78,5.9,0.0854
103992,APAC,tablets,partner,cash,Sun,M,20.08,14.82,3.1,0.0534
103993,US,accessories,online,wallet,Fri,S,7.59,22.49,4.8,0.0664
103994,EU,phones,partner,card,Mon,M,9.0,21.71,2.6,0.053
103995,EU,laptops,retail,card,Thu,M,9.76,16.92,2.9,0.0461
103996,APAC,phones,online,card,Sun,L,9.19,18.78,5.3,0.0685
103997,APAC,phones,online,card,Wed,S,11.72,16.45,7.8,0.087
103998,LATAM,accessories,online,card,Wed,M,9.34,17.27,2.5,0.0333
103999,EU,tablets,online,card,Sun,L,12.96,17.17,3.3,0.0408
104000,APAC,laptops,retail,cash,Sun,L,8.91,18.19,2.4,0.044
104001,APAC,phones,online,card,Thu,M,9.55,21.11,6.1,0.0824
104002,APAC,phones,online,card,Wed,M,10.77,19.08,7.3,0.0783
104003,APAC,laptops,online,card,Sun,M,7.66,15.85,6.1,0.075
104004,LATAM,phones,retail,card,Sat,S,6.65,23.77,3.3,0.0372
104005,EU,tablets,online,cash,Fri,S,11.03,12.04,2.8,0.0526
104006,APAC,phones,partner,card,Tue,M,13.52,20.21,4.1,0.0504
104007,US,phones,partner,wallet,Thu,S,17.2,14.8,2.9,0.0435
104008,APAC,accessories,online,wallet,Wed,S,10.13,16.45,5.8,0.0724
104009,LATAM,laptops,online,card,Sun,M,14.9,14.87,4.1,0.0667
104010,LATAM,laptops,retail,cash,Fri,L,10.12,21.43,3.4,0.0568
104011,APAC,laptops,online,wallet,Sun,L,9.98,19.17,5.5,0.0707
104012,LATAM,tablets,retail,cash,Sat,M,8.26,26.27,2.8,0.0398
104013,EU,phones,online,cash,Mon,M,12.46,19.53,2.3,0.0472
104014,EU,phones,retail,wallet,Thu,L,11.04,17.83,2.4,0.0504
104015,US,phones,partner,card,Thu,L,16.21,17.57,4.9,0.0587
104016,APAC,laptops,retail,cash,Wed,L,12.33,19.59,2.9,0.0592
104017,APAC,tablets,retail,card,Wed,M,20.15,19.19,3.3,0.0594
104018,APAC,accessories,online,card,Mon,M,12.12,13.87,6.2,0.0902
104019,EU,tablets,online,card,Mon,M,10.12,19.3,4.0,0.0518
104020,APAC,laptops,retail,cash,Tue,L,12.13,15.11,2.4,0.0446
104021,US,laptops,retail,card,Wed,M,12.81,19.27,7.9,0.1051
104022,EU,tablets,partner,cash,Mon,S,9.56,16.21,2.8,0.0476
104023,US,accessories,online,card,Sun,L,10.18,18.23,4.6,0.0649
104024,APAC,laptops,retail,card,Tue,M,11.16,20.73,3.4,0.0529
104025,EU,accessories,online,card,Tue,L,8.17,23.79,4.2,0.0623
104026,APAC,laptops,retail,card,Tue,M,7.55,20.09,5.2,0.0749
104027,EU,phones,online,cash,Wed,M,4.7,16.91,2.0,0.0361
104028,EU,phones,online,cash,Mon,M,10.71,22.43,4.1,0.0776
104029,US,laptops,retail,cash,Mon,L,7.36,17.7,5.7,0.0768
104030,APAC,laptops,online,card,Thu,L,9.74,19.77,5.5,0.0697
104031,APAC,phones,online,card,Mon,M,6.83,20.76,6.7,0.0776
104032,APAC,tablets,online,wallet,Mon,L,22.59,11.35,6.6,0.0808
104033,EU,phones,retail,card,Sat,S,17.41,20.04,4.2,0.062
104034,EU,tablets,online,card,Wed,L,15.64,15.14,2.6,0.0453
104035,EU,tablets,online,card,Tue,S,10.88,21.24,5.5,0.0733
104036,EU,tablets,online,cash,Tue,M,12.88,17.14,4.6,0.0924
104037,US,tablets,online,wallet,Sun,M,12.52,19.98,3.0,0.0456
104038,LATAM,phones,partner,card,Thu,M,13.63,18.98,3.4,0.061
104039,APAC,tablets,partner,card,Sat,L,14.29,20.71,2.5,0.0443
104040,EU,laptops,online,wallet,Fri,L,16.34,26.43,2.1,0.0485
104041,LATAM,laptops,online,card,Mon,L,7.76,17.81,2.8,0.0513
104042,US,accessories,retail,wallet,Wed,M,5.28,18.71,2.5,0.0621
104043,EU,tablets,online,cash,Tue,M,5.32,21.5,3.0,0.0493
104044,EU,laptops,retail,cash,Fri,S,12.59,13.65,3.3,0.0523
104045,US,laptops,retail,card,Fri,S,9.58,16.52,5.4,0.072
104046,EU,laptops,online,wallet,Mon,M,8.92,29.37,4.6,0.0745
104047,EU,phones,online,cash,Sat,S,10.01,16.76,2.7,0.0542
104048,US,phones,retail,cash,Mon,M,23.42,15.3,2.4,0.0435
104049,US,tablets,retail,cash,Wed,S,12.21,18.18,3.5,0.0501
104050,LATAM,phones,online,card,Thu,M,15.54,12.31,4.1,0.0493
104051,EU,phones,online,card,Sat,S,10.13,19.18,2.6,0.043
104052,LATAM,phones,online,cash,Mon,M,13.37,15.05,2.3,0.047
104053,US,laptops,online,wallet,Wed,S,11.01,27.59,3.0,0.0425
104054,EU,laptops,partner,card,Wed,S,14.45,21.57,4.2,0.0567
104055,EU,accessories,online,cash,Fri,M,7.82,21.37,3.8,0.0426
104056,US,laptops,online,wallet,Tue,L,13.91,14.72,2.6,0.0489
104057,US,laptops,online,cash,Tue,M,18.31,17.71,2.5,0.0351
104058,US,accessories,retail,cash,Thu,M,9.82,17.34,3.2,0.0433
104059,APAC,phones,retail,wallet,Thu,M,10.67,16.65,2.8,0.0579
104060,EU,accessories,partner,card,Wed,S,7.04,22.71,2.7,0.045
104061,EU,phones,retail,wallet,Sun,L,10.02,20.72,4.3,0.0655
104062,LATAM,tablets,online,cash,Thu,S,9.38,27.12,3.3,0.0647
104063,APAC,phones,online,card,Mon,L,9.25,19.19,5.5,0.0659
104064,EU,laptops,online,cash,Sun,S,12.46,31.76,2.6,0.0465
104065,US,phones,retail,cash,Tue,L,18.93,11.43,5.0,0.0848
104066,US,phones,retail,wallet,Fri,L,20.12,13.53,3.0,0.0528
104067,EU,laptops,online,card,Wed,S,13.99,25.47,3.0,0.0555
104068,EU,tablets,online,cash,Mon,S,8.53,23.11,2.8,0.0435
104069,EU,laptops,online,cash,Thu,S,14.34,28.82,3.0,0.0644
104070,EU,laptops,retail,card,Thu,S,7.13,15.13,2.5,0.0462
104071,US,tablets,partner,card,Tue,M,5.21,27.02,5.5,0.0781
104072,EU,laptops,online,cash,Wed,M,8.75,30.8,2.8,0.0419
104073,US,laptops,online,card,Sat,S,7.86,17.51,2.1,0.0365
104074,US,laptops,retail,cash,Tue,L,9.76,21.14,6.0,0.0732
104075,US,phones,retail,card,Thu,M,23.91,11.47,3.2,0.0531
104076,APAC,laptops,retail,cash,Thu,S,6.76,24.0,2.5,0.0468
104077,EU,laptops,retail,card,Thu,M,5.09,19.78,2.8,0.0627
104078,EU,laptops,retail,card,Fri,S,11.92,12.58,3.3,0.0547
104079,APAC,phones,online,cash,Mon,M,15.88,19.55,5.5,0.0816
104080,US,phones,retail,card,Thu,M,14.87,11.0,2.5,0.0569
104081,EU,laptops,retail,cash,Sat,S,9.72,13.94,3.9,0.0662
104082,EU,tablets,online,card,Wed,S,10.62,20.29,3.5,0.0532
104083,EU,phones,partner,card,Fri,M,3.63,20.72,3.1,0.0621
104084,LATAM,laptops,retail,card,Thu,M,11.98,18.75,3.4,0.0538
104085,US,accessories,retail,cash,Sat,S,11.37,18.24,2.4,0.0473
104086,US,laptops,online,cash,Sat,S,9.31,17.85,3.7,0.0626
104087,US,tablets,retail,cash,Mon,M,10.64,21.61,2.4,0.0462
104088,APAC,laptops,online,wallet,Thu,M,4.03,21.5,7.2,0.0896
104089,US,phones,retail,cash,Sat,L,18.09,11.32,2.5,0.0392
104090,US,accessories,online,cash,Sun,S,10.9,22.98,3.8,0.0619
104091,APAC,laptops,retail,wallet,Wed,M,7.12,19.82,3.4,0.044
104092,EU,accessories,online,card,Fri,S,7.96,24.23,4.6,0.0806
104093,EU,phones,partner,wallet,Sun,M,11.62,15.93,3.1,0.048
104094,LATAM,phones,partner,card,Fri,S,15.73,15.87,4.2,0.06
104095,LATAM,laptops,retail,card,Sun,S,14.47,17.92,4.4,0.0697
104096,US,tablets,online,cash,Sun,S,13.66,19.62,3.2,0.0434
104097,APAC,tablets,retail,card,Fri,M,20.25,12.89,4.2,0.0764
104098,APAC,tablets,online,wallet,Wed,S,18.16,9.27,6.4,0.0784
104099,US,phones,partner,wallet,Mon,M,15.57,15.32,2.8,0.0394
104100,EU,accessories,retail,card,Wed,L,9.54,16.48,2.7,0.0542
104101,EU,laptops,retail,card,Sat,M,6.07,19.0,3.4,0.0648
104102,APAC,tablets,retail,wallet,Mon,S,17.21,16.69,4.1,0.0676
104103,LATAM,tablets,retail,card,Wed,S,9.28,17.06,2.8,0.0552
104104,US,phones,online,card,Tue,M,19.09,18.11,3.3,0.0511
104105,LATAM,laptops,online,card,Tue,S,9.84,18.75,4.4,0.0677
104106,US,tablets,online,card,Fri,M,11.36,19.28,2.6,0.0395
104107,US,phones,online,card,Fri,M,20.5,12.57,3.5,0.0596
104108,EU,accessories,online,card,Mon,M,7.05,19.91,3.7,0.0564
104109,US,accessories,partner,cash,Sun,M,5.4,26.52,3.3,0.0413
104110,US,laptops,online,card,Fri,S,10.43,19.5,3.7,0.0493
104111,APAC,tablets,online,cash,Tue,M,13.67,11.74,7.4,0.0942
104112,LATAM,tablets,online,cash,Sat,M,7.35,18.99,3.9,0.0551
104113,APAC,tablets,online,wallet,Fri,M,15.06,15.62,6.5,0.0932
104114,US,laptops,online,card,Sat,S,10.21,21.83,3.0,0.0361
104115,US,tablets,partner,wallet,Thu,S,9.41,19.98,5.9,0.0787
104116,LATAM,laptops,online,wallet,Wed,M,10.58,18.61,2.2,0.0413
104117,APAC,accessories,online,card,Thu,S,12.45,18.15,7.7,0.1044
104118,US,tablets,retail,card,Sun,L,9.02,21.57,2.6,0.0599
104119,EU,laptops,retail,wallet,Sun,L,11.52,13.44,2.6,0.0427
104120,LATAM,phones,online,cash,Thu,S,12.21,19.65,5.5,0.0848
104121,EU,tablets,retail,card,Fri,S,21.99,11.33,2.5,0.0552
104122,US,phones,retail,wallet,Fri,M,11.45,21.2,2.6,0.0357
104123,EU,phones,online,card,Fri,M,7.06,25.29,3.1,0.046
104124,LATAM,laptops,retail,wallet,Tue,M,13.0,13.22,2.2,0.0427
104125,APAC,phones,online,wallet,Sat,L,13.61,18.29,7.9,0.1078
104126,US,phones,online,cash,Fri,L,14.08,16.29,3.6,0.049
104127,APAC,laptops,retail,card,Fri,M,8.95,25.82,5.0,0.0653
104128,LATAM,laptops,online,wallet,Sun,L,9.26,21.39,3.0,0.0638
104129,APAC,tablets,retail,card,Sun,S,17.66,15.76,2.4,0.0417
104130,EU,phones,online,card,Thu,M,11.87,16.04,4.0,0.0597
104131,EU,phones,online,cash,Mon,L,12.13,23.61,3.9,0.0543
104132,EU,laptops,online,card,Thu,M,12.75,25.14,3.0,0.0421
104133,US,phones,retail,cash,Thu,M,24.12,11.37,3.5,0.0521
104134,EU,tablets,partner,wallet,Tue,S,14.08,17.36,3.8,0.0539
104135,EU,phones,retail,wallet,Fri,M,12.41,16.06,2.8,0.0364
104136,EU,accessories,partner,card,Thu,S,12.37,20.36,4.1,0.0812
104137,LATAM,laptops,online,cash,Mon,M,13.05,17.83,3.2,0.0398
104138,APAC,laptops,online,cash,Fri,S,9.48,18.13,6.8,0.0857
104139,EU,phones,partner,cash,Tue,S,7.42,19.37,4.3,0.0654
104140,US,accessories,online,wallet,Mon,M,8.92,21.04,2.4,0.0303
104141,APAC,accessories,online,card,Tue,S,11.72,14.84,7.5,0.0915
104142,EU,phones,retail,cash,Fri,S,9.51,23.61,2.6,0.036
104143,US,laptops,partner,card,Tue,L,9.1,20.62,2.7,0.0606
104144,EU,phones,retail,wallet,Fri,L,8.64,22.41,4.0,0.0542
104145,LATAM,laptops,retail,card,Tue,S,8.21,19.45,3.1,0.0444
104146,US,accessories,partner,card,Sun,M,7.6,25.44,2.5,0.0535
104147,EU,accessories,retail,cash,Sun,M,7.9,21.26,4.0,0.0645
104148,APAC,tablets,partner,card,Tue,L,15.37,13.22,2.1,0.037
104149,EU,tablets,online,card,Sun,L,9.34,23.88,3.6,0.0534
104150,EU,tablets,online,card,Sun,S,14.76,18.29,2.9,0.0472
104151,LATAM,tablets,online,wallet,Sun,M,9.75,21.91,3.9,0.0591
104152,APAC,accessories,online,cash,Fri,L,14.84,16.46,6.8,0.0884
104153,EU,tablets,retail,wallet,Mon,M,19.55,16.3,4.3,0.071
104154,EU,phones,retail,wallet,Sun,L,8.63,21.29,3.7,0.0655
104155,APAC,phones,retail,cash,Mon,L,10.25,22.09,3.5,0.0556
104156,US,tablets,online,card,Tue,S,14.91,16.95,3.6,0.0514
104157,APAC,accessories,online,cash,Thu,M,14.21,13.84,5.9,0.0864
104158,EU,laptops,retail,wallet,Sat,M,8.49,14.89,3.8,0.0486
104159,EU,accessories,online,card,Sun,M,11.3,23.1,4.6,0.069
104160,EU,laptops,partner,card,Mon,L,14.09,23.12,2.5,0.0489
104161,US,phones,online,cash,Mon,S,20.56,15.51,2.5,0.0441
104162,APAC,accessories,online,cash,Mon,L,8.59,23.13,5.5,0.0804
104163,LATAM,accessories,online,cash,Wed,L,6.4,30.07,2.8,0.0416
104164,EU,laptops,retail,cash,Sun,M,7.57,18.82,2.3,0.0407
104165,US,phones,retail,cash,Mon,M,14.0,21.91,3.0,0.0485
104166,APAC,laptops,online,card,Sat,M,5.34,22.05,5.6,0.0706
104167,APAC,laptops,online,cash,Mon,M,9.62,22.42,6.8,0.08
104168,APAC,tablets,retail,wallet,Mon,L,17.63,16.44,5.4,0.0677
104169,APAC,phones,online,wallet,Sun,S,14.37,13.2,5.7,0.0826
104170,US,tablets,retail,cash,Wed,S,10.58,17.76,2.6,0.0521
104171,APAC,laptops,retail,card,Sun,M,14.51,13.37,3.8,0.0617
104172,US,laptops,online,wallet,Tue,M,11.66,18.46,2.8,0.0483
104173,APAC,accessories,online,card,Sun,M,12.86,20.04,6.2,0.0913
104174,US,tablets,online,card,Tue,S,14.52,23.24,5.3,0.0862
104175,EU,accessories,online,card,Tue,M,10.37,23.4,2.6,0.0536
104176,APAC,tablets,online,wallet,Mon,L,16.97,19.59,7.1,0.0985
104177,EU,phones,online,wallet,Sat,S,8.47,20.01,3.1,0.0484
104178,US,accessories,partner,cash,Thu,M,10.65,16.93,2.2,0.0329
104179,APAC,phones,retail,card,Mon,S,18.82,16.46,3.6,0.0604
104180,US,laptops,online,card,Wed,M,10.36,18.28,3.4,0.0426
104181,US,laptops,retail,card,Thu,S,7.14,24.85,5.9,0.0766
104182,LATAM,tablets,partner,wallet,Mon,S,11.44,22.15,3.2,0.0443
104183,EU,phones,retail,card,Sun,L,12.64,19.04,2.5,0.0442
104184,US,phones,retail,cash,Sun,L,18.0,15.76,4.3,0.0543
104185,APAC,phones,retail,card,Sun,M,11.93,19.69,4.8,0.0668
104186,LATAM,laptops,online,card,Wed,L,6.13,20.42,3.2,0.0501
104187,EU,laptops,retail,wallet,Mon,S,9.74,18.06,2.8,0.0334
104188,EU,accessories,retail,card,Tue,L,14.48,17.72,3.3,0.0392
104189,APAC,phones,retail,cash,Sat,M,9.06,22.18,2.4,0.0453
104190,US,accessories,retail,card,Thu,S,6.65,18.05,3.4,0.0485
104191,US,phones,retail,card,Mon,S,14.11,18.02,3.9,0.0657
104192,LATAM,laptops,online,cash,Sat,L,5.66,23.02,2.6,0.0534
104193,LATAM,phones,partner,wallet,Thu,M,13.6,20.13,4.0,0.0603
104194,US,accessories,retail,card,Sat,M,9.3,17.9,2.3,0.0636
104195,US,laptops,partner,card,Thu,L,17.16,18.16,2.3,0.0454
104196,US,accessories,online,wallet,Mon,S,13.48,16.59,5.4,0.0719
104197,US,phones,partner,card,Sun,M,24.53,12.72,4.3,0.0625
104198,US,laptops,retail,cash,Wed,L,1.2,20.03,6.3,0.0867
104199,EU,accessories,online,wallet,Thu,M,12.08,19.54,6.0,0.0758
104200,APAC,phones,online,wallet,Sun,L,13.65,14.95,5.1,0.0773
104201,US,laptops,online,card,Thu,M,10.58,16.15,6.3,0.0913
104202,LATAM,tablets,retail,card,Sat,L,10.16,18.29,2.2,0.0425
104203,APAC,accessories,retail,cash,Fri,M,7.08,22.58,4.8,0.0474
104204,US,phones,online,wallet,Wed,M,15.17,11.87,2.3,0.045
104205,EU,tablets,online,card,Mon,L,11.08,19.34,4.0,0.0549
104206,EU,phones,online,card,Tue,M,10.33,21.55,3.6,0.0532
104207,EU,accessories,online,card,Mon,S,9.86,15.86,4.4,0.0685
104208,APAC,phones,retail,wallet,Sat,S,10.57,21.15,2.9,0.05
104209,US,phones,online,wallet,Tue,S,18.56,18.07,2.4,0.0364
104210,APAC,laptops,online,wallet,Tue,S,9.06,22.64,7.0,0.0973
104211,EU,tablets,retail,cash,Tue,M,13.66,26.99,3.7,0.0679
104212,APAC,tablets,retail,cash,Wed,S,23.38,14.51,5.2,0.0724
104213,LATAM,phones,online,wallet,Mon,M,14.68,14.68,2.3,0.0416
104214,EU,accessories,online,card,Fri,M,10.74,14.3,4.5,0.0714
104215,EU,laptops,retail,card,Wed,L,15.46,14.28,2.7,0.0484
104216,APAC,phones,online,card,Tue,M,10.38,20.9,5.9,0.075
104217,US,accessories,online,card,Wed,L,9.44,15.65,2.7,0.0445
104218,EU,laptops,partner,card,Sat,M,9.15,24.88,3.0,0.0498
104219,APAC,tablets,online,card,Fri,M,18.43,15.85,6.1,0.0758
104220,APAC,tablets,online,cash,Thu,M,20.41,14.49,5.7,0.0788
104221,LATAM,phones,partner,cash,Tue,S,12.63,17.09,3.4,0.0506
104222,EU,laptops,retail,card,Sat,M,10.84,18.7,4.3,0.0723
104223,US,accessories,partner,cash,Mon,M,9.41,22.28,2.1,0.0365
104224,EU,tablets,online,card,Mon,M,10.76,21.83,3.4,0.0451
104225,US,tablets,retail,cash,Tue,S,9.03,20.97,3.3,0.0648
104226,APAC,phones,online,card,Tue,S,5.55,23.48,6.2,0.068
104227,EU,laptops,retail,card,Thu,S,8.72,14.01,4.7,0.0735
104228,US,laptops,retail,card,Fri,L,11.22,18.94,6.1,0.0906
104229,APAC,laptops,retail,wallet,Tue,S,10.35,18.02,3.0,0.0526
104230,EU,laptops,online,cash,Wed,M,13.54,23.77,2.2,0.0475
104231,EU,tablets,partner,card,Mon,M,8.75,23.11,3.3,0.0539
104232,US,phones,online,card,Thu,M,22.17,11.93,4.8,0.073
104233,LATAM,tablets,online,wallet,Mon,S,10.25,22.23,3.5,0.0553
104234,APAC,laptops,online,cash,Sat,S,10.71,18.28,6.9,0.0899
104235,US,phones,retail,card,Wed,M,22.99,13.44,3.5,0.0471
104236,EU,laptops,online,card,Sun,S,7.1,26.71,4.0,0.0627
104237,APAC,accessories,online,cash,Fri,M,7.65,24.63,6.9,0.0901
104238,EU,tablets,retail,cash,Sun,S,22.82,15.58,3.8,0.0633
104239,APAC,phones,online,cash,Tue,S,13.19,20.73,6.3,0.1104
104240,EU,phones,online,wallet,Tue,L,12.21,24.91,3.2,0.058
104241,LATAM,tablets,online,card,Thu,S,8.16,25.11,2.4,0.038
104242,EU,accessories,partner,cash,Thu,M,2.46,21.06,2.6,0.0322
104243,EU,tablets,partner,cash,Fri,S,7.1,28.36,2.5,0.0469
104244,APAC,phones,retail,cash,Mon,M,5.37,24.49,2.3,0.0453
104245,EU,phones,retail,wallet,Tue,S,11.89,18.66,2.5,0.0582
104246,US,phones,retail,card,Mon,M,16.74,16.62,2.7,0.05
104247,US,phones,retail,card,Thu,M,13.29,18.1,4.3,0.0658
104248,US,phones,online,cash,Mon,S,21.23,3.33,2.8,0.05
104249,US,phones,online,card,Mon,L,16.82,14.38,2.5,0.0429
104250,US,tablets,retail,card,Mon,S,10.91,17.97,2.8,0.0445
104251,US,accessories,online,card,Thu,L,11.28,13.53,2.3,0.0414
104252,APAC,accessories,online,cash,Mon,S,12.34,23.16,7.3,0.0882
104253,EU,tablets,retail,wallet,Mon,L,23.81,9.09,3.9,0.0568
104254,APAC,tablets,partner,card,Sun,L,17.21,16.93,2.4,0.0457
104255,EU,phones,online,card,Tue,S,5.76,12.4,4.6,0.061
104256,APAC,tablets,online,cash,Sun,L,19.54,8.71,5.6,0.0782
104257,US,accessories,online,card,Mon,S,7.13,26.33,3.0,0.0558
104258,APAC,laptops,online,wallet,Mon,M,7.41,21.31,7.5,0.108
104259,EU,phones,online,card,Sun,M,7.89,22.88,5.8,0.0742
104260,LATAM,accessories,retail,card,Sat,M,14.0,19.84,2.6,0.062
104261,LATAM,laptops,retail,card,Thu,L,12.54,22.08,2.5,0.0447
104262,APAC,phones,retail,wallet,Wed,S,7.92,17.77,2.9,0.0397
104263,APAC,tablets,online,wallet,Mon,M,22.74,13.85,6.6,0.0742
104264,APAC,accessories,partner,card,Tue,M,14.87,16.18,3.4,0.0599
104265,EU,phones,online,card,Mon,L,12.24,24.26,2.7,0.0451
104266,US,laptops,online,cash,Mon,L,10.6,22.52,5.6,0.0898
104267,EU,laptops,retail,card,Sat,L,11.97,12.81,3.1,0.043
104268,EU,phones,retail,cash,Sat,L,9.44,18.68,2.9,0.0464
104269,APAC,tablets,retail,cash,Fri,L,17.09,21.97,2.2,0.0368
104270,LATAM,laptops,retail,card,Fri,M,9.77,14.14,2.3,0.0374
104271,LATAM,laptops,retail,card,Wed,S,9.02,21.01,2.8,0.0393
104272,US,laptops,online,wallet,Wed,M,9.68,18.86,3.4,0.0613
104273,EU,phones,online,card,Mon,S,12.16,18.67,3.5,0.0651
104274,US,tablets,online,cash,Fri,M,12.55,19.52,4.0,0.0681
104275,EU,phones,online,card,Wed,S,7.98,24.23,3.2,0.0504
104276,APAC,laptops,retail,card,Sun,M,14.03,18.72,4.2,0.0476
104277,APAC,accessories,retail,wallet,Wed,S,6.82,21.33,2.8,0.0459
104278,US,laptops,retail,card,Sun,S,8.91,23.42,7.6,0.0908
104279,APAC,laptops,online,cash,Thu,M,10.53,21.46,7.0,0.0987
104280,EU,accessories,partner,card,Wed,S,8.69,18.41,3.0,0.0511
104281,APAC,accessories,online,card,Sun,M,13.26,17.6,5.5,0.0776
104282,EU,phones,online,cash,Sat,S,4.28,22.47,4.5,0.0737
104283,US,phones,online,card,Fri,S,25.77,14.16,5.8,0.0656
104284,LATAM,phones,partner,wallet,Thu,M,6.97,25.2,2.2,0.0442
104285,US,laptops,online,card,Fri,L,12.05,20.96,3.1,0.0527
104286,APAC,laptops,online,cash,Mon,M,13.72,17.97,5.7,0.0737
104287,EU,laptops,retail,cash,Sat,M,5.9,22.9,6.0,0.0821
104288,EU,phones,retail,cash,Mon,M,10.34,17.86,2.8,0.0432
104289,LATAM,laptops,online,cash,Tue,S,12.37,16.88,3.1,0.0535
104290,LATAM,laptops,partner,wallet,Fri,M,6.09,24.46,2.2,0.0392
104291,APAC,tablets,retail,card,Wed,L,16.35,11.85,2.5,0.0389
104292,US,phones,retail,card,Fri,S,19.97,6.38,3.8,0.0452
104293,EU,phones,retail,cash,Sun,M,6.52,15.34,4.0,0.0589
104294,EU,tablets,partner,wallet,Wed,S,9.93,21.19,3.6,0.0608
104295,APAC,phones,partner,cash,Fri,M,8.43,22.9,3.2,0.043
104296,APAC,laptops,retail,wallet,Thu,S,10.29,20.93,3.4,0.0499
104297,EU,tablets,online,wallet,Wed,S,7.09,23.58,4.0,0.0621
104298,APAC,laptops,online,card,Mon,S,3.6,24.05,5.4,0.0785
104299,US,accessories,retail,card,Thu,L,7.39,18.15,2.2,0.0344
104300,US,phones,online,card,Wed,M,19.34,12.6,3.8,0.052
104301,US,phones,online,cash,Tue,M,19.04,9.51,3.0,0.0528
104302,US,phones,online,card,Mon,M,19.6,14.72,3.2,0.0529
104303,EU,laptops,retail,card,Sat,M,6.78,16.58,5.1,0.0672
104304,EU,accessories,partner,cash,Mon,S,3.74,24.47,6.4,0.0794
104305,EU,accessories,online,cash,Fri,L,10.25,22.74,3.0,0.0441
104306,US,phones,retail,card,Wed,L,18.56,18.65,2.9,0.0564
104307,US,phones,retail,card,Sun,M,19.41,14.9,3.5,0.0569
104308,LATAM,phones,online,cash,Tue,S,6.0,21.12,2.4,0.0572
104309,LATAM,phones,retail,wallet,Wed,L,9.96,21.41,2.5,0.0495
104310,APAC,tablets,online,card,Tue,S,16.15,16.83,5.9,0.0833
104311,US,phones,retail,card,Fri,S,25.1,11.47,6.1,0.0778
104312,US,laptops,online,card,Fri,L,5.16,23.03,2.5,0.0418
104313,US,phones,retail,cash,Wed,M,21.98,9.95,2.6,0.0437
104314,US,tablets,online,card,Sat,M,6.48,18.13,3.7,0.0633
104315,APAC,tablets,partner,card,Tue,S,18.72,13.95,2.7,0.0401
104316,APAC,phones,online,cash,Mon,L,10.02,16.6,7.9,0.0951
104317,APAC,laptops,retail,cash,Fri,M,12.08,18.45,3.3,0.0561
104318,US,laptops,online,card,Tue,M,12.61,18.79,3.9,0.0414
104319,US,accessories,online,wallet,Sat,S,10.53,16.67,3.9,0.0603
104320,US,phones,retail,card,Thu,S,16.04,17.33,2.6,0.0342
104321,APAC,tablets,retail,card,Fri,M,19.24,12.37,3.2,0.0468
104322,APAC,laptops,retail,card,Sun,M,9.75,21.66,3.7,0.0609
104323,APAC,laptops,online,cash,Sat,M,8.1,20.04,5.4,0.0736
104324,US,tablets,retail,card,Tue,M,9.63,17.4,2.5,0.0404
104325,EU,accessories,retail,card,Wed,M,13.99,16.6,3.1,0.0456
104326,APAC,phones,partner,cash,Wed,L,10.26,23.58,2.7,0.0422
104327,US,tablets,online,cash,Sat,S,7.67,22.79,2.7,0.0553
104328,LATAM,accessories,retail,card,Sun,M,13.86,15.55,2.4,0.0327
104329,US,laptops,online,card,Thu,L,15.72,16.14,2.5,0.0527
104330,EU,laptops,online,wallet,Thu,L,14.75,27.41,2.3,0.0365
104331,APAC,phones,online,cash,Wed,M,10.09,24.43,6.6,0.0789
104332,EU,accessories,online,card,Sat,M,9.92,19.93,4.2,0.059
104333,EU,laptops,online,card,Sat,L,11.29,27.15,5.5,0.0886
104334,US,tablets,online,card,Wed,M,9.45,22.26,2.2,0.0535
104335,APAC,laptops,partner,cash,Mon,S,4.29,19.75,2.9,0.0591
104336,EU,laptops,retail,card,Sun,M,13.48,16.01,2.9,0.0365
104337,EU,phones,partner,cash,Tue,S,6.6,17.85,2.2,0.0409
104338,US,tablets,online,card,Sun,M,6.52,18.84,2.6,0.0485
104339,APAC,phones,online,card,Wed,L,8.97,18.34,6.7,0.0824
104340,LATAM,laptops,retail,cash,Thu,M,13.67,14.98,2.4,0.0256
104341,EU,phones,retail,card,Wed,M,9.47,18.47,2.8,0.0431
104342,EU,tablets,online,cash,Sun,L,13.33,20.37,3.8,0.0448
104343,APAC,accessories,online,cash,Mon,S,11.84,15.49,6.9,0.0994
104344,APAC,accessories,online,card,Fri,M,12.83,18.55,6.8,0.0755
104345,EU,phones,online,card,Mon,L,7.45,14.01,2.3,0.0491
104346,EU,phones,retail,wallet,Wed,S,5.55,18.55,3.3,0.03
104347,EU,laptops,retail,cash,Tue,M,6.86,21.43,2.2,0.0348
104348,EU,phones,retail,card,Thu,M,15.78,14.67,3.6,0.0661
104349,US,accessories,online,wallet,Wed,M,6.4,20.32,3.6,0.0519
104350,EU,accessories,retail,card,Thu,M,14.85,15.34,2.5,0.0521
104351,EU,phones,partner,wallet,Sun,M,9.78,18.48,2.6,0.0452
104352,LATAM,phones,online,card,Wed,M,6.55,18.8,2.8,0.0444
104353,US,accessories,retail,card,Sun,S,7.94,21.37,2.7,0.0482
104354,EU,phones,partner,card,Tue,L,13.25,26.87,2.9,0.0541
104355,APAC,laptops,retail,card,Thu,S,9.06,21.33,2.6,0.0605
104356,EU,laptops,online,cash,Fri,M,8.01,30.83,6.0,0.0757
104357,US,phones,partner,wallet,Tue,L,22.22,16.76,4.2,0.0624
104358,US,laptops,retail,card,Fri,L,8.5,24.28,5.5,0.071
104359,APAC,laptops,partner,card,Thu,M,8.54,21.15,3.9,0.0527
104360,LATAM,phones,online,card,Fri,M,13.32,17.15,3.2,0.0438
104361,EU,laptops,online,card,Sat,L,12.51,32.85,3.8,0.0386
104362,EU,tablets,online,cash,Sat,L,10.65,19.0,5.3,0.0838
104363,EU,phones,retail,wallet,Sat,M,8.42,16.51,2.7,0.0497
104364,EU,phones,retail,wallet,Mon,M,8.46,20.93,2.3,0.0406
104365,EU,phones,online,card,Fri,M,17.63,15.28,5.2,0.0686
104366,US,laptops,partner,card,Sat,L,6.34,24.41,3.0,0.0536
104367,US,accessories,partner,card,Sun,M,3.91,26.28,3.4,0.0582
104368,LATAM,laptops,retail,card,Tue,S,10.17,20.04,3.8,0.0638
104369,LATAM,tablets,online,cash,Thu,S,8.55,16.91,2.9,0.0556
104370,US,phones,online,card,Sun,M,21.98,14.44,2.7,0.0445
104371,US,laptops,retail,card,Sat,L,8.48,18.93,6.2,0.0794
104372,APAC,laptops,partner,cash,Sat,M,11.85,19.83,2.9,0.0585
104373,APAC,laptops,partner,wallet,Sat,M,9.75,19.64,2.1,0.0426
104374,APAC,phones,online,wallet,Sat,S,8.47,17.39,5.6,0.066
104375,US,accessories,online,card,Sun,M,10.91,16.01,2.9,0.0576
104376,EU,tablets,online,cash,Wed,S,7.83,22.44,2.9,0.0463
104377,EU,laptops,online,cash,Mon,L,16.23,25.49,4.5,0.0608
104378,EU,accessories,retail,card,Mon,M,13.14,22.96,2.7,0.0551
104379,US,laptops,online,wallet,Mon,S,11.02,21.62,2.5,0.0445
104380,US,laptops,retail,card,Sat,L,12.33,21.12,5.6,0.068
104381,EU,phones,online,card,Sun,S,8.62,23.47,3.4,0.0443
104382,APAC,accessories,retail,card,Wed,L,10.59,12.95,8.0,0.101
104383,APAC,laptops,online,card,Mon,S,11.46,18.68,5.2,0.0876
104384,US,accessories,online,wallet,Tue,L,13.57,18.04,2.7,0.0349
104385,US,laptops,retail,wallet,Thu,M,11.71,20.88,7.7,0.1033
104386,US,tablets,retail,cash,Tue,L,11.75,21.39,2.8,0.0319
104387,APAC,phones,retail,card,Thu,S,15.57,13.38,4.5,0.0625
104388,US,laptops,online,wallet,Thu,M,11.31,23.79,2.3,0.0597
104389,LATAM,accessories,retail,card,Sun,S,7.05,27.51,4.7,0.0607
104390,US,tablets,online,card,Mon,L,11.07,24.01,2.8,0.0534
104391,US,phones,online,wallet,Sat,L,19.49,12.64,3.8,0.0649
104392,APAC,phones,partner,card,Sat,L,13.02,13.63,2.1,0.0511
104393,US,phones,online,card,Sun,L,13.44,20.84,2.1,0.0539
104394,EU,tablets,retail,cash,Wed,L,23.4,15.52,3.6,0.0657
104395,APAC,phones,online,card,Thu,S,6.37,23.25,5.1,0.083
104396,APAC,accessories,retail,card,Tue,S,14.19,18.04,4.2,0.0473
104397,US,phones,online,wallet,Mon,L,21.17,11.77,2.4,0.0406
104398,US,laptops,online,card,Mon,M,7.5,19.68,4.6,0.0598
104399,EU,laptops,online,card,Fri,L,8.36,30.76,2.7,0.0566
104400,EU,tablets,online,cash,Tue,L,8.82,19.09,4.8,0.0664
104401,EU,phones,retail,card,Wed,M,10.63,18.79,2.9,0.0412
104402,LATAM,laptops,online,card,Thu,S,6.77,18.79,3.2,0.0485
104403,EU,phones,partner,card,Sat,S,8.82,26.57,2.9,0.0456
104404,EU,laptops,online,card,Mon,S,12.54,25.23,2.8,0.0514
104405,APAC,accessories,partner,cash,Fri,M,10.29,15.71,2.1,0.0398
104406,APAC,phones,online,wallet,Thu,L,9.67,20.88,5.9,0.0752
104407,LATAM,phones,partner,cash,Fri,S,12.39,17.15,2.6,0.0467
104408,US,laptops,retail,card,Sun,S,7.05,19.77,6.7,0.0654
104409,EU,accessories,online,card,Sun,L,6.63,22.56,3.6,0.068
104410,US,accessories,online,wallet,Fri,L,9.16,22.65,2.6,0.0426
104411,APAC,laptops,online,cash,Wed,S,10.83,18.44,8.8,0.0991
104412,EU,laptops,partner,wallet,Sat,M,7.85,26.03,2.7,0.0446
104413,EU,phones,online,cash,Mon,S,10.11,19.55,4.0,0.0539
104414,LATAM,tablets,online,card,Wed,M,10.97,23.6,2.5,0.0316
104415,APAC,tablets,online,card,Fri,L,20.69,11.92,6.9,0.106
104416,APAC,phones,retail,card,Thu,S,12.37,24.83,2.3,0.0458
104417,EU,laptops,retail,card,Sat,M,8.81,13.04,3.0,0.0512
104418,APAC,phones,retail,cash,Wed,M,14.26,18.09,5.7,0.0718
104419,EU,accessories,partner,card,Sat,S,10.97,19.45,2.2,0.0323
104420,EU,phones,retail,card,Wed,M,9.17,22.86,3.5,0.0503
104421,EU,phones,retail,cash,Fri,M,13.8,21.23,3.9,0.0683
104422,EU,phones,retail,card,Wed,M,8.85,12.67,3.1,0.0537
104423,APAC,phones,online,card,Tue,M,6.56,25.75,5.8,0.0771
104424,APAC,tablets,online,wallet,Tue,M,20.13,16.54,5.7,0.0602
104425,APAC,phones,retail,wallet,Wed,L,5.05,24.99,4.3,0.0608
104426,US,laptops,retail,cash,Tue,M,8.2,25.34,6.2,0.0822
104427,EU,phones,online,card,Wed,M,10.25,21.57,2.9,0.0377
104428,EU,laptops,online,cash,Wed,M,11.52,27.62,4.2,0.0484
104429,EU,laptops,retail,card,Tue,M,12.53,17.79,2.6,0.0584
104430,APAC,accessories,partner,card,Sat,M,11.26,22.77,2.7,0.0377
104431,US,phones,retail,card,Wed,S,20.09,12.48,3.1,0.0423
104432,EU,phones,online,card,Mon,S,7.9,23.88,6.4,0.087
104433,EU,laptops,retail,cash,Sat,M,11.33,10.77,3.2,0.0627
104434,US,phones,online,cash,Fri,L,17.79,15.08,3.4,0.0631
104435,EU,tablets,retail,card,Tue,M,18.17,17.44,3.6,0.051
104436,EU,accessories,retail,wallet,Sat,S,8.35,16.57,3.3,0.0565
104437,US,phones,retail,cash,Sat,M,23.38,11.72,2.4,0.0547
104438,APAC,accessories,retail,card,Mon,L,14.1,20.29,3.4,0.0432
104439,EU,laptops,retail,cash,Thu,M,3.55,20.18,3.2,0.038
104440,US,accessories,online,card,Fri,S,8.85,20.82,2.6,0.0335
104441,APAC,laptops,retail,card,Wed,L,6.74,21.96,3.1,0.0426
104442,US,laptops,partner,card,Mon,L,9.72,20.55,4.2,0.0665
104443,US,phones,retail,wallet,Thu,L,22.93,9.91,3.4,0.0623
104444,APAC,phones,online,cash,Fri,L,10.16,21.63,5.5,0.0699
104445,APAC,tablets,online,card,Tue,L,22.1,11.57,12.2,0.1464
104446,EU,accessories,retail,card,Fri,M,7.52,24.36,3.1,0.0511
104447,US,tablets,partner,card,Sun,S,14.91,22.99,2.3,0.0357
104448,EU,tablets,retail,cash,Fri,S,25.31,6.69,2.8,0.0488
104449,EU,laptops,partner,card,Tue,S,10.36,27.77,3.0,0.032
104450,EU,laptops,online,wallet,Tue,S,1.08,33.45,2.7,0.0413
104451,EU,phones,online,card,Fri,M,5.43,17.1,5.1,0.0759
104452,APAC,laptops,online,card,Sat,S,6.36,23.8,6.4,0.0883
104453,EU,phones,retail,cash,Fri,M,12.74,22.99,2.8,0.0374
104454,EU,tablets,retail,card,Mon,S,18.62,15.84,4.3,0.063
104455,EU,laptops,online,cash,Thu,M,6.69,26.92,3.7,0.063
104456,APAC,laptops,retail,card,Wed,M,11.98,14.89,3.0,0.0519
104457,US,accessories,partner,card,Fri,M,8.5,17.16,2.5,0.0209
104458,US,laptops,online,wallet,Sat,L,5.04,21.65,2.5,0.0323
104459,APAC,phones,online,card,Fri,S,3.79,24.62,5.2,0.0766
104460,EU,tablets,online,cash,Wed,S,12.37,17.45,4.6,0.073
104461,APAC,tablets,retail,cash,Thu,L,21.28,14.75,2.1,0.0305
104462,US,laptops,retail,card,Tue,L,7.04,16.42,6.2,0.0767
104463,EU,phones,retail,wallet,Mon,M,6.51,24.68,5.1,0.0789
104464,EU,tablets,retail,card,Sat,M,17.72,14.58,2.6,0.0535
104465,LATAM,phones,online,wallet,Wed,S,16.65,19.07,2.3,0.0424
104466,APAC,tablets,retail,cash,Sat,S,20.05,16.49,3.0,0.0532
104467,US,phones,online,card,Thu,L,17.36,18.72,3.0,0.052
104468,US,laptops,retail,card,Wed,L,8.02,20.46,9.3,0.1151
104469,US,phones,online,card,Thu,M,20.81,10.81,4.1,0.057
104470,EU,tablets,online,wallet,Fri,M,13.02,23.91,2.7,0.0387
104471,EU,phones,retail,cash,Wed,L,6.45,16.4,2.1,0.0443
104472,US,tablets,online,cash,Fri,S,8.51,20.75,4.3,0.0674
104473,APAC,laptops,online,card,Wed,M,10.09,17.3,6.2,0.0848
104474,APAC,laptops,online,wallet,Sat,L,9.85,18.22,5.7,0.0788
104475,US,tablets,retail,cash,Fri,L,10.35,17.41,2.7,0.0522
104476,APAC,accessories,online,cash,Wed,S,9.41,18.19,6.8,0.0843
104477,US,laptops,partner,cash,Sun,M,15.36,20.96,2.5,0.0591
104478,US,tablets,retail,cash,Fri,L,8.41,23.24,2.6,0.0468
104479,US,tablets,online,card,Sun,L,13.07,17.68,2.5,0.0496
104480,LATAM,phones,retail,card,Tue,L,8.59,25.07,2.6,0.0413
104481,LATAM,phones,online,card,Fri,L,16.16,13.37,2.7,0.0378
104482,APAC,laptops,online,card,Mon,S,8.92,21.28,5.6,0.0734
104483,US,phones,retail,card,Sun,M,18.64,17.03,4.4,0.0717
104484,EU,accessories,online,wallet,Fri,L,13.39,25.19,5.6,0.0687
104485,EU,tablets,online,cash,Thu,M,7.54,19.32,4.0,0.0513
104486,LATAM,tablets,online,card,Tue,M,12.78,14.32,3.4,0.048
104487,EU,phones,retail,wallet,Sun,L,9.56,18.33,3.2,0.06
104488,US,phones,retail,card,Sat,S,18.74,14.62,2.5,0.0483
104489,APAC,accessories,partner,cash,Fri,S,7.22,14.81,6.5,0.0936
104490,EU,phones,online,card,Sun,S,11.5,24.19,3.8,0.0424
104491,APAC,phones,online,card,Mon,L,8.18,22.43,7.7,0.0845
104492,EU,laptops,online,card,Wed,S,10.38,26.24,2.1,0.0445
104493,APAC,tablets,retail,wallet,Wed,L,18.44,13.24,3.8,0.0584
104494,APAC,laptops,retail,card,Fri,L,10.7,14.55,2.3,0.0404
104495,EU,phones,online,wallet,Sun,M,9.46,25.12,3.5,0.0522
104496,EU,laptops,online,wallet,Mon,S,13.49,25.73,2.3,0.04
104497,US,phones,online,card,Fri,M,15.35,17.18,2.6,0.0518
104498,US,laptops,retail,card,Sun,M,9.98,21.39,5.1,0.0703
104499,LATAM,accessories,online,cash,Tue,L,13.39,17.71,3.4,0.0387
104500,US,phones,retail,cash,Sun,M,21.25,11.21,4.0,0.057
104501,US,accessories,partner,card,Sun,L,13.17,17.15,2.5,0.0336
104502,US,laptops,retail,card,Wed,M,7.04,23.51,7.0,0.0847
104503,EU,phones,online,wallet,Wed,S,14.37,22.04,3.5,0.0584
104504,APAC,accessories,retail,wallet,Sat,M,8.46,25.88,3.0,0.0526
104505,US,phones,online,cash,Fri,L,19.11,10.96,2.6,0.0482
104506,APAC,phones,partner,card,Sun,M,7.88,18.01,4.6,0.0675
104507,US,phones,retail,cash,Thu,L,21.44,11.76,2.4,0.0339
104508,LATAM,accessories,online,cash,Sun,M,12.6,20.03,2.6,0.0475
104509,US,phones,retail,wallet,Tue,M,13.98,16.51,3.3,0.0591
104510,US,tablets,online,cash,Tue,S,3.05,18.97,5.6,0.073
104511,EU,tablets,online,card,Sun,L,12.31,13.22,2.6,0.0469
104512,APAC,accessories,online,card,Tue,M,8.48,21.24,6.9,0.0806
104513,EU,tablets,online,cash,Sat,M,12.36,17.99,2.6,0.0422
104514,EU,laptops,retail,cash,Sun,S,10.72,14.62,4.5,0.0783
104515,EU,laptops,online,cash,Mon,M,10.08,27.37,4.6,0.0594
104516,APAC,accessories,retail,card,Fri,S,9.38,23.76,3.1,0.0486
104517,US,accessories,partner,cash,Tue,S,6.03,21.56,5.0,0.0495
104518,EU,phones,online,card,Tue,L,8.12,24.17,3.8,0.0413
104519,LATAM,laptops,online,wallet,Wed,M,11.64,21.85,3.3,0.0635
104520,APAC,tablets,online,cash,Wed,M,20.76,8.86,5.2,0.0766
104521,EU,phones,retail,cash,Thu,M,13.93,22.31,2.2,0.0356
104522,EU,laptops,online,card,Wed,M,9.27,32.02,3.4,0.0525
104523,APAC,accessories,partner,cash,Wed,S,9.27,21.34,2.7,0.0383
104524,APAC,phones,retail,cash,Wed,M,10.94,22.55,2.8,0.0447
104525,APAC,laptops,online,wallet,Sat,M,2.71,25.8,5.9,0.083
104526,APAC,laptops,online,cash,Sun,S,13.55,20.56,6.1,0.0684
104527,EU,accessories,retail,wallet,Fri,M,9.06,19.56,2.6,0.0449
104528,EU,phones,online,wallet,Mon,M,9.76,17.68,2.8,0.0545
104529,US,laptops,online,card,Sun,S,10.46,16.61,3.4,0.0445
104530,EU,phones,online,card,Sat,M,6.74,15.25,3.1,0.0495
104531,APAC,accessories,retail,cash,Fri,M,11.49,22.4,4.2,0.0674
104532,LATAM,phones,retail,card,Sat,S,7.09,20.8,3.7,0.0561
104533,US,laptops,partner,card,Mon,M,1.52,24.47,2.7,0.0455
104534,US,tablets,online,card,Sat,M,12.09,11.24,2.9,0.0447
104535,US,accessories,retail,cash,Sun,M,17.13,19.13,2.3,0.0418
104536,EU,accessories,online,cash,Mon,M,12.02,16.28,2.6,0.0386
104537,EU,laptops,retail,wallet,Sun,L,11.88,10.51,2.9,0.0461
104538,APAC,laptops,retail,cash,Sun,S,9.9,15.62,5.6,0.0798
104539,LATAM,tablets,retail,card,Thu,M,16.63,16.25,3.0,0.0417
104540,US,laptops,retail,card,Tue,L,14.84,20.24,5.9,0.0894
104541,EU,accessories,online,card,Tue,L,8.45,21.23,4.4,0.0505
104542,APAC,accessories,partner,card,Mon,L,9.76,20.45,3.8,0.0668
104543,EU,accessories,online,card,Fri,S,6.72,33.14,2.9,0.0439
104544,APAC,phones,online,wallet,Mon,L,10.16,23.3,6.0,0.0711
104545,APAC,laptops,retail,cash,Fri,M,4.96,21.14,4.1,0.0758
104546,EU,phones,online,cash,Mon,S,7.92,24.75,5.9,0.0722
104547,US,laptops,partner,cash,Sat,L,9.98,17.23,4.4,0.0587
104548,US,phones,retail,card,Thu,L,13.4,19.6,2.3,0.0394
104549,EU,tablets,partner,card,Sun,L,7.69,21.13,4.3,0.0512
104550,EU,tablets,partner,card,Thu,M,12.41,19.35,2.1,0.0361
104551,US,laptops,online,card,Mon,M,12.85,17.02,2.8,0.0433
104552,APAC,tablets,retail,wallet,Sun,L,15.96,15.13,2.8,0.0464
104553,EU,tablets,online,card,Wed,S,9.2,22.41,2.4,0.0313
104554,EU,phones,retail,wallet,Tue,S,9.3,17.78,2.3,0.0478
104555,EU,phones,online,cash,Fri,S,9.52,17.9,2.1,0.0263
104556,LATAM,phones,retail,card,Thu,S,9.36,22.22,3.8,0.055
104557,EU,tablets,retail,wallet,Sat,S,15.91,19.26,4.3,0.0452
104558,US,accessories,retail,card,Sat,L,13.52,13.83,3.1,0.0517
104559,EU,laptops,retail,card,Tue,S,10.06,15.88,2.5,0.0372
104560,US,accessories,online,card,Tue,L,7.33,23.92,3.4,0.0361
104561,US,accessories,online,wallet,Sat,M,10.53,21.24,2.8,0.0536
104562,US,phones,online,card,Tue,L,21.25,17.71,2.8,0.0497
104563,APAC,laptops,retail,wallet,Thu,M,11.72,20.93,2.4,0.0402
104564,EU,laptops,online,card,Fri,S,16.42,29.21,2.8,0.0498
104565,LATAM,tablets,retail,wallet,Sun,S,6.98,23.65,2.3,0.0376
104566,APAC,phones,online,card,Tue,M,8.17,20.7,6.6,0.0826
104567,EU,phones,retail,wallet,Sun,S,6.72,17.39,2.9,0.0536
104568,US,tablets,retail,wallet,Sun,M,5.92,24.74,2.4,0.0379
104569,EU,laptops,retail,wallet,Mon,M,13.67,10.83,5.2,0.0758
104570,APAC,phones,retail,wallet,Tue,L,10.35,17.25,3.1,0.0556
104571,APAC,tablets,online,card,Thu,M,18.66,15.2,6.5,0.0899
104572,US,tablets,retail,card,Fri,L,13.16,21.5,2.1,0.0427
104573,US,accessories,retail,card,Thu,S,8.7,19.95,3.1,0.0434
104574,APAC,accessories,online,card,Fri,S,5.66,24.57,6.2,0.0784
104575,US,tablets,online,card,Tue,M,9.5,18.49,3.6,0.0651
104576,EU,accessories,online,card,Thu,S,7.45,18.49,4.8,0.0626
104577,APAC,laptops,retail,card,Thu,L,5.72,21.62,2.2,0.0544
104578,US,accessories,online,cash,Fri,M,15.45,17.13,2.4,0.0388
104579,LATAM,laptops,online,cash,Mon,M,10.97,21.13,2.6,0.0366
104580,US,tablets,retail,cash,Wed,L,11.9,18.73,3.9,0.0666
104581,EU,phones,online,cash,Wed,M,15.22,17.73,3.0,0.0511
104582,APAC,phones,partner,cash,Thu,S,10.25,16.95,2.2,0.0392
104583,LATAM,tablets,retail,card,Mon,L,12.16,22.94,4.8,0.0863
104584,EU,tablets,retail,card,Tue,S,17.76,14.7,2.6,0.0409
104585,EU,laptops,retail,card,Sat,M,4.18,21.5,2.6,0.0362
104586,US,tablets,online,wallet,Tue,S,12.21,16.51,2.8,0.0389
104587,APAC,phones,online,wallet,Mon,S,14.11,16.85,6.8,0.0899
104588,APAC,tablets,retail,wallet,Wed,M,17.68,18.87,3.1,0.0545
104589,US,phones,retail,card,Sat,M,18.34,14.31,3.5,0.0544
104590,APAC,phones,retail,card,Tue,S,4.85,22.6,6.8,0.0874
104591,APAC,phones,online,card,Mon,L,6.46,24.06,6.1,0.0881
104592,EU,laptops,retail,wallet,Sat,S,14.64,15.22,3.8,0.0534
104593,LATAM,accessories,partner,wallet,Mon,M,8.36,23.68,2.6,0.0489
104594,APAC,laptops,online,card,Wed,S,7.66,19.17,6.6,0.0865
104595,APAC,laptops,partner,card,Sun,S,9.27,23.85,3.2,0.0519
104596,APAC,phones,retail,card,Mon,S,6.79,23.67,4.7,0.0672
104597,APAC,laptops,online,card,Wed,M,6.26,22.48,5.2,0.0586
104598,EU,accessories,retail,card,Mon,L,5.21,22.73,3.5,0.0452
104599,US,accessories,online,wallet,Thu,S,10.43,22.06,2.2,0.0414
104600,EU,tablets,online,cash,Wed,L,8.21,23.98,3.9,0.0565
104601,EU,phones,online,wallet,Mon,M,8.46,22.44,2.7,0.0424
104602,APAC,laptops,online,card,Sun,L,12.09,18.45,5.6,0.0589
104603,US,laptops,retail,card,Thu,S,15.96,19.41,7.0,0.0907
104604,EU,laptops,online,cash,Sun,S,8.25,24.42,4.2,0.0575
104605,EU,laptops,online,card,Wed,M,6.02,28.37,3.4,0.0393
104606,US,tablets,online,card,Sun,L,6.35,24.39,2.9,0.0628
104607,EU,laptops,online,card,Sun,M,13.1,28.11,3.6,0.0656
104608,US,laptops,partner,card,Sun,S,6.91,19.12,2.3,0.0455
104609,APAC,tablets,retail,wallet,Wed,L,20.38,17.34,3.2,0.0503
104610,US,phones,retail,card,Thu,M,23.51,14.31,3.6,0.0442
104611,US,phones,partner,card,Sat,L,18.86,14.84,3.1,0.0615
104612,LATAM,phones,retail,wallet,Tue,L,9.45,12.73,4.4,0.0747
104613,US,laptops,retail,cash,Tue,M,11.22,16.94,6.1,0.0656
104614,EU,tablets,retail,card,Mon,S,24.28,12.46,3.6,0.0523
104615,US,laptops,online,card,Tue,M,8.11,21.79,3.1,0.0474
104616,US,phones,partner,card,Sat,L,19.05,15.67,4.1,0.0563
104617,LATAM,laptops,online,cash,Mon,S,8.52,22.25,5.0,0.0632
104618,EU,accessories,retail,card,Sun,M,9.21,24.85,3.8,0.052
104619,EU,phones,online,wallet,Mon,S,6.5,20.76,3.6,0.0537
104620,APAC,tablets,online,card,Thu,M,23.64,7.45,8.0,0.1106
104621,EU,laptops,online,card,Thu,M,12.04,26.62,2.9,0.042
104622,US,accessories,online,card,Tue,L,11.21,18.78,3.3,0.0645
104623,APAC,phones,online,card,Sun,S,12.59,19.8,5.6,0.0753
104624,EU,accessories,retail,card,Fri,M,11.69,23.33,3.2,0.059
104625,EU,accessories,online,card,Sat,L,13.91,21.99,3.1,0.05
104626,EU,laptops,online,card,Mon,S,8.46,29.07,3.2,0.0462
104627,US,laptops,online,card,Thu,M,9.5,21.18,3.7,0.0564
104628,US,laptops,online,card,Wed,L,9.36,22.04,2.2,0.042
104629,APAC,phones,retail,cash,Mon,M,10.66,20.5,4.5,0.064
104630,EU,phones,online,cash,Fri,M,5.96,22.49,2.2,0.0391
104631,EU,accessories,retail,wallet,Wed,M,18.94,9.54,2.6,0.0487
104632,APAC,phones,retail,wallet,Fri,S,7.55,26.35,3.0,0.0506
104633,APAC,tablets,online,cash,Wed,L,18.78,13.35,7.8,0.0966
104634,EU,phones,online,wallet,Sat,S,14.45,18.38,4.1,0.0645
104635,EU,phones,partner,card,Wed,M,8.95,19.57,4.0,0.0625
104636,EU,laptops,online,card,Mon,L,12.64,25.32,2.9,0.0319
104637,APAC,phones,partner,wallet,Fri,M,13.75,18.29,3.4,0.0516
104638,EU,accessories,online,card,Sat,M,4.05,23.59,4.9,0.0654
104639,EU,phones,online,card,Sat,S,7.22,15.87,3.7,0.051
104640,EU,accessories,retail,cash,Wed,L,10.89,14.34,2.4,0.0403
104641,US,phones,retail,cash,Fri,M,15.68,13.38,2.2,0.0521
104642,US,tablets,online,cash,Sat,S,13.98,16.52,3.1,0.0494
104643,EU,laptops,partner,wallet,Thu,S,13.91,26.39,4.7,0.0685
104644,US,tablets,online,wallet,Mon,M,12.43,15.68,2.6,0.0483
104645,LATAM,tablets,online,card,Tue,M,8.35,17.93,4.3,0.0551
104646,US,tablets,retail,card,Wed,S,8.37,16.71,3.5,0.0594
104647,US,accessories,online,card,Fri,M,11.97,18.63,5.5,0.0721
104648,APAC,phones,partner,wallet,Sat,M,4.43,16.36,3.9,0.071
104649,US,accessories,online,cash,Fri,S,7.34,20.25,4.0,0.0564
104650,US,phones,retail,cash,Mon,L,21.46,16.42,3.3,0.0484
104651,APAC,tablets,online,wallet,Sun,M,19.25,12.67,8.7,0.1164
104652,EU,tablets,online,card,Fri,M,5.48,17.63,2.7,0.0532
104653,EU,accessories,partner,wallet,Fri,L,11.31,19.63,3.7,0.0398
104654,LATAM,phones,online,cash,Mon,M,12.37,15.59,4.9,0.0675
104655,EU,phones,partner,wallet,Thu,L,8.53,14.68,2.8,0.0552
104656,EU,phones,online,wallet,Tue,L,4.32,16.87,2.6,0.0531
104657,EU,phones,partner,card,Thu,M,6.62,16.47,2.7,0.0424
104658,LATAM,accessories,partner,card,Thu,S,9.83,19.02,3.6,0.0543
104659,EU,tablets,retail,card,Sat,L,18.02,15.98,2.5,0.0641
104660,US,tablets,online,cash,Fri,M,5.3,21.33,2.3,0.0404
104661,APAC,accessories,online,cash,Thu,M,7.96,22.36,6.3,0.0876
104662,EU,tablets,retail,card,Tue,L,17.7,19.71,2.8,0.0533
104663,EU,laptops,partner,cash,Sat,L,11.49,31.14,2.7,0.0523
104664,APAC,laptops,online,card,Wed,M,5.37,22.67,5.8,0.0738
104665,EU,laptops,partner,card,Tue,M,6.85,29.1,3.0,0.0448
104666,US,accessories,retail,wallet,Tue,L,13.34,19.75,4.7,0.0673
104667,US,accessories,retail,card,Sat,L,5.36,29.66,2.7,0.0476
104668,APAC,accessories,online,wallet,Mon,M,2.86,20.98,6.1,0.084
104669,EU,laptops,online,card,Fri,L,5.44,27.26,3.7,0.0634
104670,EU,tablets,online,wallet,Sun,M,8.02,25.91,2.2,0.0321
104671,EU,phones,retail,card,Tue,M,7.3,12.78,2.6,0.0366
104672,EU,laptops,partner,card,Wed,L,9.5,29.26,3.2,0.0581
104673,APAC,phones,retail,wallet,Thu,L,9.01,20.07,2.6,0.0495
104674,LATAM,laptops,partner,wallet,Fri,S,6.14,27.48,5.2,0.0627
104675,US,laptops,retail,card,Thu,L,12.5,21.08,5.5,0.0651
104676,EU,laptops,retail,card,Sat,M,6.84,19.72,2.2,0.0568
104677,US,phones,online,wallet,Fri,L,22.12,10.34,2.8,0.0355
104678,EU,laptops,online,cash,Sun,M,6.64,28.35,3.3,0.0478
104679,EU,phones,partner,cash,Sat,L,9.46,19.25,2.6,0.0506
104680,EU,laptops,online,card,Mon,S,13.53,25.79,3.4,0.0426
104681,LATAM,accessories,retail,cash,Wed,L,8.53,18.52,2.4,0.0377
104682,US,accessories,online,card,Wed,L,11.76,23.22,4.3,0.0608
104683,EU,laptops,online,card,Fri,S,13.23,25.67,3.3,0.0659
104684,LATAM,accessories,online,card,Wed,S,5.29,17.51,3.1,0.0496
104685,US,laptops,retail,wallet,Thu,S,6.74,21.77,8.2,0.1095
104686,EU,laptops,retail,wallet,Tue,M,9.47,15.99,2.8,0.0572
104687,APAC,phones,retail,wallet,Mon,S,5.3,27.02,2.7,0.0531
104688,US,accessories,partner,card,Tue,L,9.47,19.55,2.7,0.0384
104689,US,phones,online,cash,Wed,M,19.72,13.53,2.2,0.041
104690,US,phones,partner,card,Sun,M,18.26,14.79,3.3,0.0422
104691,EU,phones,retail,cash,Fri,M,7.82,20.07,2.5,0.0414
104692,EU,accessories,retail,card,Sun,L,10.24,14.07,2.1,0.0475
104693,APAC,phones,online,card,Sun,L,8.41,25.92,6.5,0.0841
104694,US,phones,partner,card,Sun,L,18.55,11.14,3.3,0.0605
104695,US,tablets,retail,card,Tue,L,7.33,26.33,5.3,0.0718
104696,US,laptops,online,wallet,Fri,L,14.4,14.43,4.3,0.0703
104697,US,laptops,retail,card,Tue,L,14.04,18.6,6.1,0.0925
104698,LATAM,laptops,retail,cash,Mon,S,12.1,19.27,3.9,0.0493
104699,APAC,phones,retail,card,Mon,S,9.43,19.1,4.6,0.0671
104700,LATAM,tablets,retail,card,Wed,M,11.77,19.19,2.3,0.0435
104701,EU,phones,online,card,Tue,S,10.93,15.97,4.0,0.0554
104702,US,accessories,retail,card,Fri,M,8.99,20.6,2.5,0.0347
104703,LATAM,laptops,online,card,Thu,M,13.64,17.41,2.2,0.0498
104704,APAC,tablets,online,cash,Tue,M,24.27,9.91,5.7,0.081
104705,US,tablets,online,cash,Sat,S,2.32,33.62,3.6,0.0579
104706,APAC,phones,online,card,Tue,M,12.03,20.88,6.1,0.0809
104707,US,laptops,partner,card,Fri,L,10.76,20.85,2.4,0.0417
104708,EU,tablets,retail,card,Sat,S,20.19,12.36,2.6,0.0404
104709,APAC,tablets,retail,card,Wed,L,16.88,13.94,2.7,0.0431
104710,EU,accessories,retail,card,Sun,S,11.32,18.93,3.2,0.0522
104711,EU,tablets,partner,cash,Fri,M,8.82,20.15,3.1,0.0561
104712,EU,laptops,partner,cash,Sat,M,5.22,25.94,3.1,0.0557
104713,EU,laptops,online,card,Mon,M,9.25,28.52,2.8,0.0365
104714,APAC,tablets,online,card,Wed,L,25.14,12.58,10.0,0.1181
104715,EU,accessories,retail,card,Thu,S,9.63,21.79,3.1,0.0435
104716,LATAM,laptops,partner,card,Sat,L,8.75,15.96,3.8,0.0499
104717,EU,laptops,online,card,Thu,S,6.43,26.05,6.2,0.089
104718,EU,laptops,online,card,Sun,L,13.74,27.94,2.9,0.0462
104719,US,laptops,retail,wallet,Wed,S,11.4,17.64,7.1,0.1021
104720,US,laptops,partner,card,Tue,S,8.74,19.98,2.9,0.0471
104721,US,phones,online,cash,Sat,M,23.79,14.78,5.8,0.0935
104722,EU,laptops,retail,wallet,Fri,M,10.23,17.21,3.8,0.0507
104723,US,laptops,online,card,Wed,L,11.85,17.76,2.8,0.0427
104724,EU,laptops,online,wallet,Sun,L,8.5,28.37,3.1,0.0496
104725,EU,tablets,online,card,Tue,S,15.45,18.42,3.0,0.0475
104726,EU,phones,online,card,Sat,M,6.33,16.15,4.1,0.065
104727,EU,laptops,online,wallet,Wed,S,13.44,26.34,3.9,0.04
104728,APAC,accessories,retail,cash,Fri,M,8.81,20.92,3.0,0.064
104729,APAC,phones,online,card,Tue,M,6.32,16.5,5.2,0.0749
104730,EU,accessories,online,cash,Fri,S,11.69,10.6,2.8,0.0566
104731,APAC,tablets,online,card,Tue,M,15.92,17.08,5.1,0.0643
104732,EU,phones,retail,card,Sun,L,8.13,21.19,2.9,0.0616
104733,EU,phones,retail,cash,Tue,L,11.71,19.29,2.3,0.0288
104734,EU,phones,partner,card,Tue,L,12.95,16.67,2.7,0.0519
104735,APAC,phones,retail,card,Wed,M,15.94,16.53,3.3,0.0682
104736,APAC,tablets,retail,card,Sun,L,18.13,14.38,3.2,0.0526
104737,US,laptops,retail,card,Thu,M,10.57,18.59,7.6,0.0997
104738,EU,accessories,retail,card,Thu,L,1.47,24.52,2.2,0.0497
104739,APAC,laptops,online,cash,Sat,L,9.66,21.36,6.8,0.0949
104740,US,tablets,partner,card,Tue,S,5.1,22.57,2.6,0.0487
104741,US,accessories,retail,cash,Fri,S,8.4,23.55,2.8,0.0344
104742,APAC,laptops,retail,wallet,Sun,M,9.27,23.58,2.2,0.0254
104743,EU,accessories,partner,cash,Wed,M,11.21,19.47,2.9,0.0483
104744,EU,tablets,retail,cash,Sun,S,20.07,13.32,3.1,0.0537
104745,EU,phones,retail,cash,Mon,L,11.93,19.03,2.4,0.053
104746,EU,tablets,online,card,Fri,M,6.8,24.3,3.4,0.0546
104747,APAC,laptops,retail,cash,Fri,L,3.19,25.06,5.8,0.0761
104748,US,phones,online,cash,Mon,L,23.41,15.86,3.7,0.0666
104749,EU,phones,online,card,Mon,S,9.17,17.77,2.1,0.0456
104750,EU,tablets,online,cash,Tue,S,11.76,17.79,2.8,0.0456
104751,APAC,phones,retail,wallet,Sat,M,7.35,24.55,2.7,0.0487
104752,APAC,laptops,online,card,Fri,M,7.99,22.13,6.2,0.0801
104753,US,tablets,retail,wallet,Sat,L,8.36,17.83,2.7,0.0434
104754,EU,tablets,online,card,Wed,L,8.69,24.37,2.2,0.0488
104755,LATAM,phones,online,card,Wed,L,11.4,16.69,2.8,0.0438
104756,APAC,phones,partner,wallet,Mon,L,8.86,20.29,5.1,0.0715
104757,US,laptops,online,cash,Mon,L,8.91,24.34,2.9,0.0544
104758,EU,accessories,retail,cash,Sun,M,9.87,16.37,2.4,0.0413
104759,US,laptops,online,wallet,Sun,S,9.22,18.76,2.9,0.0563
104760,EU,phones,online,wallet,Thu,M,8.77,19.42,2.8,0.0663
104761,EU,tablets,retail,card,Mon,M,22.85,10.49,3.5,0.0435
104762,US,tablets,online,cash,Tue,M,10.38,19.43,2.8,0.0515
104763,US,phones,retail,card,Thu,L,25.05,9.56,2.6,0.0397
104764,US,tablets,retail,card,Mon,L,10.49,20.48,2.2,0.0414
104765,EU,tablets,online,card,Wed,S,7.19,28.56,4.1,0.0425
104766,EU,tablets,online,cash,Wed,L,6.47,21.09,4.1,0.0632
104767,APAC,phones,retail,card,Wed,S,9.71,18.14,2.9,0.0501
104768,EU,phones,retail,card,Sun,M,6.51,15.49,3.6,0.0521
104769,US,accessories,retail,card,Tue,M,8.64,18.07,5.9,0.0907
104770,US,accessories,online,wallet,Sat,M,7.21,21.45,2.1,0.0367
104771,EU,laptops,online,cash,Fri,M,13.66,29.8,2.4,0.0368
104772,EU,phones,partner,wallet,Sun,M,10.54,18.5,4.0,0.0483
104773,US,phones,retail,card,Sun,M,18.28,16.98,3.2,0.0621
104774,US,laptops,partner,cash,Mon,M,8.42,23.5,3.2,0.0524
104775,EU,accessories,retail,card,Mon,M,6.96,18.07,3.9,0.0556
104776,EU,laptops,retail,wallet,Mon,M,7.56,21.13,4.2,0.061
104777,US,laptops,online,card,Sat,M,9.49,19.0,2.8,0.0378
104778,EU,phones,retail,cash,Thu,L,13.77,22.34,2.9,0.0473
104779,US,phones,online,cash,Thu,S,20.54,15.05,3.0,0.0533
104780,APAC,laptops,online,cash,Sat,L,8.57,19.65,7.6,0.1008
104781,APAC,tablets,partner,cash,Tue,L,19.15,18.06,4.7,0.0754
104782,US,accessories,online,card,Mon,S,11.54,16.67,3.0,0.0484
104783,US,laptops,online,card,Fri,M,5.66,25.19,3.0,0.0565
104784,EU,accessories,online,cash,Mon,M,9.91,20.98,2.3,0.0396
104785,US,laptops,online,card,Sun,M,7.33,18.96,4.3,0.0654
104786,EU,laptops,partner,cash,Mon,M,7.24,28.24,2.6,0.0427
104787,APAC,tablets,retail,card,Sat,S,20.99,11.82,2.3,0.0456
104788,US,phones,online,card,Sun,S,20.37,12.66,2.8,0.0509
104789,US,accessories,online,wallet,Tue,L,11.98,21.72,3.4,0.0502
104790,APAC,phones,partner,card,Sun,M,6.89,17.84,3.5,0.0566
104791,US,laptops,online,cash,Sat,L,10.27,23.64,4.1,0.0544
104792,LATAM,laptops,online,cash,Mon,M,12.01,17.04,3.0,0.0364
104793,US,laptops,retail,wallet,Thu,S,7.38,21.19,6.0,0.0848
104794,EU,tablets,online,card,Wed,M,10.13,25.18,3.1,0.0412
104795,APAC,laptops,online,card,Sat,L,8.96,19.98,5.7,0.0745
104796,APAC,accessories,partner,card,Sat,M,14.25,11.59,2.2,0.0366
104797,EU,phones,retail,card,Fri,M,8.14,16.71,3.6,0.0476
104798,EU,phones,partner,card,Sun,L,7.01,28.69,2.8,0.0406
104799,APAC,phones,online,wallet,Sun,M,10.94,20.41,5.8,0.08
104800,APAC,tablets,online,card,Wed,S,16.21,17.22,5.1,0.0661
104801,US,laptops,online,card,Tue,S,11.6,23.53,2.4,0.0499
104802,LATAM,accessories,online,cash,Sun,L,12.51,15.59,4.1,0.0641
104803,EU,laptops,online,wallet,Mon,M,11.52,28.05,2.4,0.036
104804,APAC,laptops,partner,card,Sat,S,11.74,21.11,3.0,0.0516
104805,US,tablets,retail,card,Sun,M,8.39,15.28,3.6,0.0691
104806,EU,tablets,online,wallet,Sat,S,13.01,18.1,2.5,0.0424
104807,EU,phones,online,card,Tue,S,10.31,20.69,3.6,0.062
104808,EU,phones,retail,wallet,Fri,M,12.05,14.59,2.9,0.0387
104809,EU,phones,online,card,Sat,L,6.82,17.11,2.4,0.0464
104810,EU,phones,retail,card,Mon,L,9.15,18.76,2.7,0.0673
104811,EU,tablets,online,wallet,Tue,M,1.69,23.83,4.0,0.0538
104812,LATAM,accessories,online,card,Mon,L,2.91,22.28,6.1,0.0848
104813,EU,laptops,retail,card,Sun,S,15.41,8.32,3.4,0.0572
104814,US,accessories,online,card,Sat,S,10.91,19.08,5.5,0.0937
104815,EU,tablets,online,wallet,Wed,L,5.47,21.74,3.6,0.055
104816,US,phones,partner,wallet,Tue,M,16.31,14.07,2.7,0.0479
104817,EU,tablets,retail,card,Sun,M,15.86,13.72,6.4,0.0848
104818,EU,accessories,retail,card,Tue,M,15.7,24.24,2.6,0.0538
104819,EU,phones,online,wallet,Tue,L,9.84,20.78,2.6,0.0546
104820,US,accessories,online,cash,Fri,L,7.04,24.51,4.5,0.0809
104821,EU,accessories,retail,cash,Sat,S,12.28,17.92,6.7,0.0902
104822,US,phones,online,wallet,Thu,S,20.49,14.18,2.3,0.0324
104823,EU,laptops,retail,wallet,Tue,S,13.56,12.83,2.6,0.0505
104824,APAC,phones,retail,card,Thu,S,10.38,22.55,3.4,0.0637
104825,US,phones,online,wallet,Fri,M,20.24,10.66,2.7,0.0613
104826,APAC,laptops,retail,cash,Wed,M,9.15,20.38,3.3,0.0526
104827,APAC,laptops,online,wallet,Thu,S,10.7,18.77,5.7,0.0581
104828,EU,laptops,online,card,Fri,M,6.91,27.38,4.3,0.0787
104829,APAC,laptops,online,card,Mon,M,6.6,23.52,5.8,0.0782
104830,US,accessories,retail,card,Fri,M,9.8,17.83,3.8,0.0582
104831,APAC,accessories,online,wallet,Thu,M,11.77,18.38,7.7,0.0935
104832,APAC,laptops,partner,cash,Thu,S,17.05,18.13,2.5,0.0466
104833,EU,tablets,online,cash,Sun,S,10.42,21.63,3.3,0.0434
104834,APAC,phones,online,card,Thu,L,9.93,21.84,6.1,0.0652
104835,US,laptops,retail,card,Fri,L,12.29,18.74,6.7,0.0872
104836,EU,accessories,online,card,Sun,M,5.45,23.27,4.5,0.0793
104837,EU,tablets,retail,card,Mon,M,17.05,14.28,2.6,0.0511
104838,EU,tablets,online,card,Sun,S,14.47,18.34,2.5,0.043
104839,US,laptops,partner,card,Tue,S,9.51,18.54,2.8,0.0339
104840,US,phones,online,card,Sat,M,19.94,14.81,4.3,0.0611
104841,EU,tablets,online,card,Fri,L,8.84,17.57,2.7,0.0602
104842,APAC,tablets,retail,cash,Mon,S,20.19,11.67,4.6,0.0742
104843,EU,accessories,partner,card,Fri,M,16.32,16.5,3.8,0.0471
104844,APAC,tablets,online,wallet,Thu,L,16.13,17.0,5.3,0.0705
104845,APAC,laptops,online,card,Sun,L,10.89,23.37,6.6,0.0762
104846,EU,laptops,partner,cash,Sun,M,8.16,22.96,2.7,0.0412
104847,APAC,tablets,online,card,Thu,S,19.95,13.58,8.3,0.0941
104848,APAC,tablets,retail,card,Thu,S,19.26,15.83,5.4,0.0796
104849,APAC,tablets,online,wallet,Mon,M,23.13,16.64,7.3,0.1029
104850,LATAM,phones,retail,card,Fri,S,12.36,16.06,2.2,0.0438
104851,LATAM,tablets,online,wallet,Thu,M,6.48,25.35,2.6,0.0449
104852,US,accessories,online,cash,Wed,S,11.17,21.67,3.0,0.0452
104853,EU,laptops,online,card,Mon,L,11.9,31.11,2.3,0.0451
104854,EU,laptops,online,card,Thu,M,10.29,33.04,2.0,0.0325
104855,EU,accessories,online,card,Sun,M,9.46,20.14,2.8,0.0505
104856,US,tablets,partner,card,Sat,M,4.6,20.57,4.2,0.0718
104857,APAC,phones,retail,cash,Mon,M,9.91,21.62,3.7,0.0534
104858,EU,tablets,online,cash,Wed,L,11.08,18.71,2.4,0.0375
104859,US,tablets,online,cash,Mon,S,13.33,16.37,7.0,0.098
104860,EU,laptops,partner,wallet,Mon,L,8.83,18.24,2.6,0.0458
104861,APAC,accessories,retail,cash,Wed,M,6.41,23.06,3.2,0.0481
104862,LATAM,laptops,partner,card,Sat,M,9.51,27.09,3.8,0.059
104863,EU,accessories,retail,cash,Sun,M,10.78,16.68,2.2,0.0457
104864,EU,laptops,partner,cash,Sat,L,9.83,28.09,3.7,0.0571
104865,APAC,laptops,online,wallet,Wed,M,4.76,28.54,5.8,0.0788
104866,US,phones,retail,card,Thu,M,18.1,14.82,3.0,0.0578
104867,US,tablets,online,card,Wed,L,8.64,27.47,4.5,0.0624
104868,LATAM,phones,retail,wallet,Sat,L,5.26,20.89,2.1,0.0272
104869,LATAM,accessories,retail,card,Wed,L,9.14,21.32,3.0,0.056
104870,EU,laptops,online,card,Sun,M,6.31,29.59,4.2,0.0809
104871,EU,laptops,online,wallet,Sat,M,8.08,30.98,3.0,0.0372
104872,LATAM,tablets,online,card,Mon,L,12.07,20.61,4.0,0.057
104873,LATAM,accessories,online,wallet,Tue,S,12.68,23.03,4.8,0.0685
104874,US,accessories,retail,card,Fri,L,11.63,18.59,4.1,0.0561
104875,US,laptops,online,wallet,Sat,S,11.13,21.44,3.8,0.0471
104876,APAC,phones,partner,card,Wed,S,4.7,21.1,4.0,0.0614
104877,EU,laptops,retail,card,Tue,M,7.11,19.36,3.2,0.0634
104878,EU,accessories,online,cash,Sun,L,10.01,21.72,3.4,0.052
104879,EU,phones,retail,card,Fri,M,15.13,15.46,2.3,0.0596
104880,EU,phones,retail,card,Mon,S,10.17,21.64,2.8,0.0512
104881,EU,tablets,online,wallet,Tue,M,5.9,25.28,2.6,0.0352
104882,EU,laptops,retail,card,Sat,L,7.2,18.04,3.1,0.0557
104883,APAC,tablets,online,cash,Fri,M,17.75,16.71,5.9,0.077
104884,LATAM,laptops,online,card,Sun,L,13.45,14.85,2.4,0.044
104885,EU,laptops,online,wallet,Thu,S,12.45,24.28,4.8,0.0605
104886,EU,laptops,online,card,Fri,M,10.07,26.75,2.2,0.0534
104887,US,laptops,partner,wallet,Fri,L,8.41,20.29,3.2,0.0599
104888,APAC,phones,partner,card,Sun,S,6.61,22.26,3.5,0.0502
104889,APAC,phones,partner,cash,Mon,M,8.23,19.4,3.5,0.0587
104890,US,laptops,retail,cash,Tue,S,7.76,20.3,6.5,0.0857
104891,APAC,laptops,online,wallet,Mon,M,7.36,22.95,5.9,0.0657
104892,EU,phones,retail,wallet,Sun,M,9.36,18.4,3.1,0.0641
104893,US,tablets,online,cash,Sat,M,10.04,21.14,3.7,0.0546
104894,EU,phones,online,wallet,Fri,M,7.82,23.73,3.7,0.0586
104895,LATAM,tablets,partner,wallet,Thu,S,15.26,16.95,2.2,0.0446
104896,LATAM,phones,online,card,Mon,M,8.31,21.98,3.0,0.0451
104897,US,tablets,online,cash,Wed,L,7.92,18.28,3.1,0.0524
104898,APAC,phones,online,wallet,Mon,S,4.82,24.46,6.8,0.0891
104899,US,phones,retail,cash,Wed,M,18.6,18.88,2.4,0.0423
104900,LATAM,tablets,retail,card,Fri,M,16.69,11.7,2.9,0.0479
104901,APAC,laptops,partner,card,Thu,M,8.56,19.28,3.8,0.0652
104902,US,tablets,partner,card,Wed,L,11.54,17.78,5.5,0.0818
104903,US,phones,retail,card,Fri,M,22.1,20.55,2.7,0.0439
104904,APAC,phones,online,card,Fri,M,14.74,18.67,6.6,0.0834
104905,EU,phones,online,card,Sun,L,13.63,20.2,2.5,0.0451
104906,US,tablets,retail,wallet,Mon,M,6.39,23.0,3.8,0.0612
104907,EU,tablets,retail,wallet,Tue,L,20.4,10.11,2.3,0.0262
104908,US,laptops,online,wallet,Thu,M,13.64,17.91,4.2,0.0695
104909,LATAM,phones,retail,card,Wed,S,12.08,20.96,2.7,0.0613
104910,US,phones,online,wallet,Sat,M,17.56,14.44,2.4,0.0328
104911,APAC,phones,online,card,Sat,S,8.95,23.54,9.7,0.1085
104912,EU,laptops,online,card,Sat,M,9.05,31.57,2.4,0.0424
104913,EU,laptops,retail,card,Tue,M,5.49,18.93,3.4,0.0489
104914,EU,tablets,online,card,Thu,S,10.03,14.36,3.1,0.0542
104915,APAC,laptops,online,card,Wed,L,15.5,16.53,6.9,0.0911
104916,EU,laptops,online,cash,Wed,M,11.58,31.16,4.3,0.0534
104917,EU,phones,retail,card,Fri,L,11.47,17.16,5.0,0.0787
104918,APAC,tablets,retail,cash,Fri,S,16.9,18.85,3.2,0.0572
104919,US,phones,online,card,Thu,L,15.34,18.26,3.0,0.0521
104920,EU,phones,online,card,Tue,L,9.06,15.98,2.6,0.0446
104921,US,laptops,retail,cash,Wed,M,11.14,13.05,5.3,0.0843
104922,EU,laptops,online,wallet,Fri,L,7.35,31.38,2.4,0.0548
104923,US,accessories,online,card,Fri,M,10.3,25.41,2.1,0.0448
104924,US,tablets,retail,card,Thu,S,10.3,19.47,3.0,0.0454
104925,LATAM,tablets,retail,card,Sat,M,14.68,19.12,2.8,0.0678
104926,US,phones,retail,card,Wed,L,19.54,15.52,3.3,0.05
104927,EU,phones,online,cash,Thu,L,15.12,19.66,2.9,0.0493
104928,APAC,phones,online,card,Sat,M,11.62,16.62,8.1,0.1215
104929,APAC,phones,partner,card,Thu,S,6.34,19.69,3.8,0.0623
104930,APAC,laptops,retail,card,Wed,L,10.63,20.89,3.8,0.0695
104931,EU,phones,partner,card,Sun,S,11.61,22.55,2.9,0.0298
104932,APAC,laptops,retail,card,Sun,L,8.2,17.72,3.8,0.0635
104933,EU,phones,online,card,Tue,S,10.8,21.38,4.0,0.0514
104934,EU,accessories,online,cash,Fri,L,16.04,14.07,2.8,0.0396
104935,APAC,tablets,partner,card,Thu,M,15.56,21.16,3.1,0.0514
104936,APAC,accessories,partner,card,Thu,S,8.81,21.68,2.8,0.0583
104937,US,phones,retail,card,Sun,M,21.01,13.3,6.5,0.0858
104938,APAC,phones,retail,cash,Sat,M,7.87,20.41,3.5,0.0522
104939,EU,accessories,online,card,Sat,L,8.03,20.36,3.4,0.0432
104940,LATAM,accessories,online,cash,Tue,S,13.63,17.17,2.8,0.0501
104941,US,laptops,online,card,Thu,S,10.4,15.92,5.0,0.0712
104942,APAC,phones,retail,cash,Thu,L,7.13,23.86,3.5,0.0614
104943,APAC,accessories,online,card,Sun,M,9.47,24.0,6.8,0.0884
104944,US,tablets,retail,card,Fri,S,9.77,20.64,3.3,0.0614
104945,EU,tablets,online,card,Sun,L,10.22,23.25,2.9,0.0472
104946,APAC,tablets,retail,wallet,Thu,S,20.22,10.79,4.8,0.0734
104947,LATAM,phones,retail,wallet,Thu,M,6.39,24.88,2.2,0.0503
104948,EU,tablets,partner,wallet,Wed,M,13.7,21.76,4.4,0.0591
104949,LATAM,laptops,online,cash,Fri,L,6.88,14.0,5.2,0.0722
104950,EU,laptops,online,card,Tue,M,12.38,20.84,3.4,0.0609
104951,APAC,laptops,online,card,Sat,L,13.03,23.27,7.9,0.0945
104952,LATAM,laptops,online,wallet,Mon,L,8.89,22.31,3.8,0.0752
104953,LATAM,tablets,online,card,Tue,M,9.35,21.71,3.0,0.0511
104954,EU,accessories,online,card,Sat,S,12.15,16.16,3.1,0.044
104955,LATAM,laptops,retail,card,Mon,S,12.96,19.73,2.9,0.041
104956,APAC,tablets,online,card,Mon,L,20.08,16.24,6.0,0.0892
104957,APAC,laptops,retail,cash,Wed,S,5.05,24.32,2.2,0.0509
104958,US,laptops,online,wallet,Thu,S,8.51,23.51,3.0,0.0438
104959,EU,tablets,online,cash,Thu,M,13.06,19.62,4.9,0.0696
104960,APAC,accessories,retail,card,Mon,M,5.52,21.39,4.0,0.0533
104961,APAC,laptops,retail,cash,Sun,S,6.28,19.3,2.6,0.0343
104962,EU,laptops,retail,wallet,Fri,M,11.47,12.75,4.8,0.0695
104963,US,accessories,retail,card,Wed,S,8.06,23.07,3.1,0.0592
104964,APAC,accessories,online,card,Tue,S,8.79,21.08,5.5,0.0889
104965,APAC,phones,retail,cash,Mon,S,8.83,22.9,2.3,0.0356
104966,US,laptops,retail,card,Mon,L,8.28,20.43,5.1,0.0724
104967,APAC,phones,retail,wallet,Tue,S,11.13,20.45,2.8,0.0509
104968,APAC,laptops,online,cash,Mon,L,14.19,21.2,8.4,0.1116
104969,APAC,laptops,retail,wallet,Sun,M,7.19,29.41,3.5,0.0484
104970,EU,accessories,retail,card,Mon,M,10.2,16.58,5.2,0.0791
104971,EU,laptops,retail,card,Wed,M,7.9,17.45,5.3,0.0661
104972,EU,accessories,retail,card,Sun,S,12.18,19.87,4.2,0.0647
104973,US,laptops,online,card,Wed,S,9.39,21.68,3.3,0.0544
104974,EU,accessories,retail,cash,Tue,M,17.68,13.6,3.0,0.049
104975,EU,laptops,retail,cash,Sun,L,11.1,15.03,2.7,0.0561
104976,APAC,laptops,retail,card,Fri,L,10.73,17.03,4.7,0.0547
104977,US,laptops,retail,wallet,Wed,L,14.19,13.34,5.3,0.0784
104978,EU,phones,online,card,Mon,L,8.75,22.18,4.0,0.0609
104979,EU,phones,online,card,Mon,M,8.35,19.88,2.5,0.0472
104980,EU,laptops,retail,card,Sun,L,10.53,17.64,2.9,0.0357
104981,APAC,laptops,retail,cash,Sat,L,8.38,19.97,2.7,0.0511
104982,US,laptops,retail,card,Sat,S,4.62,24.66,6.3,0.0739
104983,APAC,laptops,partner,card,Thu,M,7.96,22.58,2.7,0.049
104984,APAC,tablets,online,wallet,Sun,M,18.16,15.53,5.3,0.0747
104985,LATAM,laptops,online,wallet,Thu,L,12.54,21.42,4.3,0.0557
104986,EU,accessories,online,wallet,Sun,M,8.58,22.6,2.9,0.0399
104987,APAC,accessories,online,wallet,Sun,M,5.32,26.53,6.0,0.0701
104988,EU,tablets,retail,card,Thu,S,14.99,12.34,2.3,0.0489
104989,EU,accessories,partner,cash,Thu,S,14.66,20.58,2.9,0.0344
104990,EU,tablets,online,card,Mon,M,10.53,23.98,3.1,0.0563
104991,APAC,tablets,online,cash,Fri,S,22.92,7.29,7.5,0.1024
104992,EU,laptops,retail,card,Fri,M,18.79,8.34,3.8,0.0584
104993,US,accessories,online,card,Thu,L,6.72,18.24,3.0,0.0542
104994,EU,laptops,retail,card,Sun,M,9.01,17.15,6.5,0.0777
104995,APAC,phones,online,cash,Mon,M,4.07,24.82,6.6,0.0812
104996,EU,accessories,online,wallet,Wed,L,8.04,19.65,3.0,0.0456
104997,EU,tablets,online,card,Wed,L,7.88,24.07,3.8,0.0709
104998,LATAM,phones,online,cash,Wed,M,14.01,13.31,2.7,0.0445
104999,EU,laptops,online,wallet,Sun,L,9.26,28.08,4.4,0.0703
